technology_id,set_id
7,1
7,2
7,3
2,4
7,4
12,4
117,4
124,4
73,5
74,6
75,7
95,8
96,9
12,10
79,11
85,12
75,17
86,18
95,19
114,19
79,20
73,24
2,26
73,27
74,28
75,29
85,30
86,30
91,31
95,32
7,36
7,37
7,38
7,39
9,41
112,41
80,43
137,44
90,45
101,46
139,47
120,48
7,49
112,49
7,50
7,51
112,51
7,52
112,52
73,56
74,56
75,56
111,56
79,57
85,58
7,59
12,61
79,63
101,64
7,71
110,76
80,77
85,77
86,77
90,77
100,77
101,77
108,77
110,77
126,77
139,77
108,80
110,80
111,80
108,81
5,83
7,83
8,83
2,84
5,84
6,84
2,85
5,85
6,85
7,86
7,87
8,88
8,89
12,90
73,90
75,90
77,90
79,90
80,90
81,90
83,90
84,90
85,90
86,90
91,90
94,90
95,90
101,90
111,90
112,90
126,90
137,90
138,90
2,91
7,91
78,91
80,91
82,91
83,91
84,91
85,91
86,91
91,91
92,91
96,91
99,91
111,91
112,91
135,91
2,92
7,92
78,92
80,92
82,92
83,92
84,92
85,92
86,92
91,92
92,92
96,92
99,92
111,92
112,92
135,92
137,92
73,93
74,93
75,93
79,94
76,95
91,95
78,96
93,96
95,96
96,96
97,96
109,96
111,96
114,96
73,97
79,98
85,99
96,100
95,101
114,101
73,106
75,106
76,107
74,108
9,109
18,109
121,109
124,109
73,111
74,112
79,113
109,117
111,117
14,118
88,118
111,118
74,119
75,119
79,119
80,119
82,119
83,119
84,119
85,119
86,119
88,119
93,119
94,119
95,119
96,119
99,119
100,119
101,119
111,119
120,119
135,119
137,119
138,119
139,119
79,120
80,120
81,120
82,120
83,120
84,120
85,120
86,120
88,120
91,120
92,120
93,120
94,120
95,120
96,120
98,120
99,120
110,120
111,120
113,120
137,120
2,122
5,122
112,122
83,124
84,125
120,126
139,127
101,128
82,129
80,130
14,131
75,132
80,133
111,134
7,135
9,135
117,135
118,135
7,136
7,137
2,138
7,140
9,140
117,140
118,140
7,141
9,141
117,141
118,141
14,142
4,143
5,143
7,143
8,143
9,143
10,143
18,143
112,143
117,143
12,144
94,147
136,149
95,150
80,152
111,153
80,154
82,154
83,154
84,154
85,154
86,154
100,154
107,154
110,154
112,154
7,155
112,155
7,156
112,156
111,158
2,160
7,161
7,162
2,164
2,165
2,166
112,166
7,167
7,168
2,171
5,171
6,171
24,171
112,171
2,172
5,172
6,172
24,172
112,172
2,173
7,174
99,174
112,174
110,179
85,180
86,180
80,182
81,182
109,183
2,184
112,184
7,185
112,185
2,186
112,186
7,187
2,188
7,189
112,189
7,190
112,190
7,191
112,191
7,192
112,192
7,193
8,193
4,194
5,194
7,194
8,194
9,194
18,194
112,194
117,194
118,194
124,194
4,195
5,195
7,195
8,195
9,195
18,195
112,195
117,195
118,195
124,195
8,198
79,206
91,207
85,209
109,210
96,211
79,212
85,213
94,215
12,217
85,219
12,220
85,221
12,223
85,223
7,225
2,226
8,228
117,228
14,229
15,230
124,230
7,231
73,232
75,233
76,235
86,236
79,238
137,239
7,243
117,243
118,243
85,246
86,247
12,248
73,249
85,250
74,251
75,252
76,253
86,254
100,255
80,257
110,258
7,260
117,260
118,260
12,261
83,263
2,264
7,264
2,265
7,265
7,266
7,267
7,268
7,269
8,269
10,269
9,270
18,270
124,270
7,271
8,271
10,271
9,272
18,272
124,272
100,274
12,275
101,276
82,277
82,280
100,281
2,284
3,284
7,284
8,284
9,284
12,284
112,284
113,284
117,284
125,284
73,285
75,286
74,287
86,289
73,292
74,293
75,294
76,295
85,296
86,297
109,304
76,307
79,308
137,309
86,310
85,311
100,313
101,314
110,315
73,317
75,318
85,319
76,320
12,321
86,322
100,323
101,324
110,325
79,327
100,329
85,331
12,335
73,336
74,337
75,338
76,339
85,340
86,341
1,342
2,342
3,342
5,342
6,342
7,342
9,342
10,342
12,342
24,342
117,342
119,342
4,343
8,343
9,343
10,343
12,343
18,343
119,343
4,344
7,344
8,344
9,344
4,346
5,346
7,346
8,346
9,346
10,346
14,346
18,346
117,346
118,346
4,347
5,347
7,347
8,347
9,347
10,347
14,347
18,347
117,347
118,347
8,350
117,350
1,351
2,351
3,351
7,351
24,351
7,352
110,353
100,354
3,356
101,357
2,358
4,358
5,358
7,358
8,358
23,358
80,358
110,358
125,358
2,359
3,359
7,359
12,359
14,360
14,361
14,362
7,363
8,363
9,363
18,363
121,363
109,364
12,365
73,366
74,367
75,368
76,369
85,370
86,371
7,372
73,374
79,375
95,376
96,377
5,378
7,379
118,380
97,381
12,382
73,383
85,386
94,387
96,388
109,389
12,394
79,395
85,396
79,400
83,401
84,402
89,403
91,404
92,405
12,406
85,407
86,409
101,410
82,411
86,412
94,413
7,414
91,415
1,431
2,431
4,431
7,431
117,431
2,432
4,432
5,432
7,432
8,432
9,432
12,432
118,432
119,432
4,434
5,434
6,434
7,434
8,434
9,434
10,434
13,434
15,434
18,434
117,434
121,434
124,434
73,435
137,439
111,440
81,441
139,443
86,444
137,445
7,447
7,448
7,450
9,451
14,451
87,451
137,453
79,454
75,455
73,456
7,458
7,459
7,461
7,468
7,469
94,470
95,470
96,470
109,470
110,470
7,471
2,472
4,474
7,474
8,474
9,474
10,474
117,474
118,474
94,475
95,475
109,475
7,476
117,477
2,478
137,480
75,482
73,483
7,484
117,484
2,486
2,487
7,487
7,488
7,489
7,490
7,491
7,492
7,493
117,493
7,494
85,495
7,501
7,502
9,505
2,508
73,509
75,511
76,512
79,514
84,515
85,516
86,517
91,518
138,519
137,520
7,521
12,522
74,523
75,524
76,525
79,526
100,528
84,529
91,531
138,532
12,533
82,534
85,535
86,536
101,538
100,539
2,540
7,541
8,545
9,545
13,545
18,545
121,545
5,546
7,546
12,547
73,548
74,549
75,550
76,551
79,552
91,553
12,556
73,557
75,558
79,559
83,560
91,561
94,562
95,562
73,563
75,563
76,563
79,565
8,568
9,568
13,568
18,568
121,568
5,569
7,569
83,570
79,571
91,572
79,579
138,580
83,581
84,582
95,583
12,584
75,586
79,587
86,588
100,595
101,596
110,597
126,598
12,602
73,603
74,604
75,605
76,606
86,607
85,609
109,610
12,615
73,616
74,617
75,618
76,619
85,620
100,623
110,624
79,628
91,629
95,630
109,631
7,632
7,633
7,634
79,635
94,637
95,637
76,640
73,641
74,642
75,643
85,644
12,645
110,646
100,648
101,649
110,650
12,652
73,653
83,654
91,655
75,656
75,657
12,658
73,659
76,660
85,661
74,662
12,663
76,664
86,664
73,665
80,666
137,666
83,668
79,669
85,669
86,670
100,674
84,676
92,676
95,676
108,676
109,676
111,676
139,676
86,677
12,678
73,679
74,680
75,681
76,682
85,683
8,692
9,692
117,692
121,692
1,693
3,693
2,694
24,694
12,695
7,696
8,696
9,696
10,696
14,696
121,696
1,697
2,697
3,697
5,697
6,697
7,697
8,697
9,697
10,697
12,697
14,697
18,697
23,697
24,697
117,697
118,697
119,697
121,697
1,698
2,698
3,698
5,698
6,698
7,698
8,698
9,698
10,698
12,698
14,698
18,698
23,698
24,698
117,698
118,698
119,698
121,698
12,699
79,700
94,701
73,703
74,704
75,705
79,706
86,707
137,708
80,709
91,710
96,711
73,712
74,713
75,714
79,715
85,716
86,717
91,718
95,719
96,720
100,721
101,722
12,723
79,724
82,725
86,726
101,727
73,728
74,729
12,730
100,731
101,732
73,734
74,735
75,736
100,737
101,738
100,739
101,740
5,743
7,743
5,744
7,744
79,746
83,747
84,748
91,749
96,750
86,751
75,752
73,753
74,754
85,755
101,756
95,757
7,758
7,759
7,760
91,761
84,762
83,763
83,766
96,768
79,771
85,772
94,773
109,776
97,777
83,779
73,783
75,784
74,785
79,786
83,787
91,788
83,795
79,804
95,805
84,806
94,807
89,809
91,817
83,820
79,821
91,822
86,824
12,825
85,826
94,832
80,833
79,840
96,842
91,843
83,845
84,845
79,846
85,846
95,847
96,848
91,849
109,850
101,851
79,852
96,854
91,856
83,857
84,857
96,859
95,860
94,861
93,863
74,864
83,865
95,866
120,867
111,868
79,869
83,870
84,870
91,872
2,876
3,876
5,876
6,876
7,876
15,876
117,876
124,876
4,878
12,878
14,878
119,878
134,878
12,879
73,880
74,880
75,881
79,882
85,883
86,884
83,885
100,885
83,886
73,887
75,890
12,891
75,892
80,894
85,896
100,899
101,900
126,901
110,902
100,903
101,904
126,905
110,906
73,907
75,916
86,917
137,918
100,919
12,924
73,925
74,926
75,927
76,928
85,929
86,930
137,931
85,932
81,935
73,936
74,937
75,938
79,939
86,941
137,942
109,950
75,957
85,958
12,959
86,964
85,965
12,966
79,967
100,968
12,978
73,979
75,980
79,981
82,982
83,984
101,985
12,987
85,987
86,987
91,991
111,992
114,992
96,993
111,993
79,994
94,995
12,1007
85,1008
86,1009
91,1010
79,1011
81,1017
85,1018
120,1019
139,1020
79,1021
85,1021
80,1022
85,1023
86,1023
95,1024
85,1025
79,1026
85,1026
96,1027
114,1028
85,1029
96,1030
114,1031
7,1032
101,1040
2,1043
2,1044
2,1045
137,1050
100,1051
110,1055
126,1056
73,1057
76,1058
74,1059
85,1060
75,1061
137,1062
73,1069
75,1069
79,1070
86,1072
137,1073
7,1074
80,1075
109,1076
85,1077
114,1078
8,1080
1,1081
2,1081
3,1081
7,1081
8,1081
9,1081
12,1081
23,1081
109,1081
111,1081
117,1081
118,1081
85,1082
83,1086
79,1087
91,1088
85,1089
79,1091
117,1094
118,1094
12,1095
73,1096
74,1096
75,1096
76,1096
86,1096
85,1097
86,1098
2,1103
12,1110
85,1111
79,1113
2,1114
12,1115
85,1116
79,1117
2,1118
2,1119
2,1120
2,1121
24,1121
75,1122
1,1128
2,1128
3,1128
7,1128
8,1128
4,1129
5,1129
7,1129
8,1129
10,1129
117,1129
1,1130
2,1130
3,1130
7,1130
8,1130
9,1130
113,1130
1,1132
2,1132
3,1132
7,1132
8,1132
9,1132
14,1132
78,1132
79,1132
80,1132
81,1132
82,1132
83,1132
84,1132
85,1132
86,1132
88,1132
91,1132
92,1132
93,1132
94,1132
95,1132
96,1132
97,1132
99,1132
111,1132
80,1133
137,1133
12,1134
79,1134
80,1134
83,1134
85,1134
86,1134
94,1134
95,1134
96,1134
97,1134
99,1134
111,1134
113,1134
135,1134
101,1137
75,1141
100,1142
74,1143
75,1145
79,1146
86,1148
100,1149
137,1150
12,1151
79,1152
79,1153
85,1156
94,1157
79,1158
12,1159
85,1160
86,1162
85,1163
12,1165
96,1166
94,1167
85,1168
86,1168
82,1169
12,1170
2,1171
111,1171
81,1172
91,1172
95,1172
111,1172
7,1173
7,1174
12,1175
119,1175
1,1176
2,1176
3,1176
4,1176
7,1176
8,1176
9,1176
12,1176
117,1176
118,1176
119,1176
124,1176
80,1180
91,1180
111,1180
79,1181
138,1181
84,1182
95,1183
91,1184
83,1185
4,1186
5,1186
7,1186
8,1186
9,1186
18,1186
117,1186
118,1186
124,1186
4,1187
5,1187
7,1187
8,1187
9,1187
18,1187
117,1187
118,1187
124,1187
1,1188
2,1188
3,1188
4,1188
5,1188
6,1188
7,1188
8,1188
9,1188
12,1188
13,1188
18,1188
24,1188
117,1188
118,1188
119,1188
124,1188
92,1192
114,1193
96,1194
80,1195
73,1197
80,1199
85,1200
86,1202
85,1204
95,1205
96,1206
109,1207
79,1208
91,1209
75,1210
73,1211
94,1212
94,1213
95,1213
96,1213
94,1214
95,1214
96,1214
85,1217
7,1222
85,1222
93,1222
94,1222
95,1222
96,1222
97,1222
86,1223
86,1224
95,1225
83,1231
79,1232
138,1232
91,1233
94,1234
79,1238
85,1243
95,1244
96,1245
97,1247
80,1248
73,1249
75,1249
85,1250
86,1250
79,1251
85,1251
85,1252
95,1252
96,1252
73,1253
85,1254
95,1255
12,1256
100,1257
101,1257
108,1258
80,1259
137,1259
73,1260
74,1260
75,1260
76,1260
86,1260
12,1261
85,1262
75,1265
80,1265
81,1265
82,1265
86,1265
90,1265
100,1265
101,1265
108,1265
109,1265
110,1265
111,1265
126,1265
128,1265
139,1265
83,1266
84,1267
85,1268
75,1271
80,1271
81,1271
82,1271
86,1271
90,1271
100,1271
101,1271
108,1271
109,1271
110,1271
111,1271
126,1271
128,1271
139,1271
80,1272
93,1272
94,1272
95,1272
109,1272
110,1272
113,1272
73,1273
74,1273
75,1273
76,1273
86,1273
85,1274
12,1275
108,1277
110,1277
111,1277
85,1278
79,1279
79,1280
83,1281
84,1282
12,1283
85,1284
117,1286
79,1291
2,1292
7,1292
12,1295
85,1295
86,1295
83,1297
12,1305
85,1306
12,1307
85,1308
86,1309
91,1310
12,1312
79,1313
85,1314
88,1315
7,1317
2,1318
79,1318
80,1318
81,1318
83,1318
84,1318
88,1318
91,1318
95,1318
96,1318
98,1318
99,1318
100,1318
101,1318
107,1318
108,1318
110,1318
111,1318
137,1318
138,1318
73,1319
74,1319
75,1319
76,1319
86,1320
85,1321
12,1322
101,1323
79,1324
12,1325
79,1326
85,1330
12,1331
79,1332
12,1333
85,1334
8,1337
117,1337
118,1337
8,1338
117,1338
118,1338
79,1341
85,1344
12,1345
7,1347
8,1347
12,1347
73,1347
74,1347
75,1347
76,1347
77,1347
79,1347
80,1347
82,1347
83,1347
84,1347
85,1347
86,1347
109,1347
117,1347
119,1347
125,1348
83,1349
84,1350
91,1351
79,1355
84,1356
91,1357
95,1358
83,1359
84,1360
91,1361
85,1362
86,1363
91,1364
79,1369
83,1370
84,1371
91,1372
12,1373
79,1374
85,1375
79,1377
79,1383
83,1383
84,1383
12,1384
85,1385
79,1386
85,1387
86,1387
94,1388
12,1389
79,1390
85,1391
79,1394
12,1395
85,1396
12,1399
85,1400
79,1401
100,1404
101,1405
85,1407
86,1408
79,1409
83,1410
85,1411
86,1411
94,1412
82,1414
12,1415
85,1416
101,1417
92,1419
91,1420
12,1421
85,1421
86,1421
94,1422
95,1423
12,1424
79,1425
85,1426
12,1428
85,1429
86,1430
101,1431
91,1432
82,1433
12,1435
85,1436
79,1437
12,1438
85,1439
79,1440
12,1441
85,1442
79,1443
12,1444
85,1445
79,1446
85,1448
79,1449
82,1454
101,1456
110,1463
73,1464
86,1465
91,1466
94,1467
95,1468
101,1469
73,1470
79,1471
83,1472
84,1473
91,1474
75,1475
79,1476
85,1477
86,1477
94,1478
96,1479
1,1480
2,1480
3,1480
5,1480
6,1480
7,1480
9,1480
10,1480
12,1480
24,1480
117,1480
119,1480
4,1481
8,1481
9,1481
10,1481
12,1481
18,1481
119,1481
4,1482
7,1482
8,1482
9,1482
101,1484
75,1492
76,1493
79,1494
83,1495
86,1496
91,1497
85,1504
12,1505
79,1507
83,1508
85,1509
91,1510
136,1511
84,1513
83,1514
91,1515
94,1516
83,1519
84,1520
91,1521
79,1522
138,1523
73,1524
85,1525
79,1526
91,1527
86,1528
80,1530
94,1530
95,1530
111,1530
80,1531
85,1532
85,1534
86,1534
94,1535
96,1536
97,1536
95,1537
85,1538
86,1538
80,1539
80,1540
94,1541
114,1542
86,1543
110,1550
84,1551
83,1552
84,1555
83,1556
85,1557
73,1559
76,1560
75,1562
86,1563
12,1564
79,1565
92,1568
101,1569
2,1570
2,1571
3,1572
5,1572
7,1572
3,1573
5,1573
7,1573
8,1574
117,1574
8,1575
117,1575
79,1576
85,1577
2,1578
2,1579
3,1580
7,1580
3,1581
7,1581
8,1582
117,1582
8,1583
117,1583
79,1585
100,1586
12,1587
85,1587
73,1589
74,1590
75,1591
76,1592
91,1593
79,1594
86,1595
12,1596
85,1597
83,1598
101,1600
86,1602
91,1604
86,1606
85,1607
12,1608
73,1609
91,1610
73,1611
91,1612
83,1613
85,1614
85,1615
75,1616
73,1617
74,1617
83,1619
91,1621
83,1622
83,1623
91,1624
12,1637
79,1638
85,1640
80,1641
81,1641
85,1642
73,1643
12,1644
83,1645
79,1646
82,1647
86,1649
101,1650
7,1651
8,1651
117,1651
8,1652
2,1653
2,1654
2,1655
7,1657
7,1658
2,1659
3,1659
7,1659
7,1662
73,1664
86,1665
85,1666
84,1669
127,1670
83,1672
83,1674
84,1675
75,1677
9,1679
7,1680
73,1681
79,1683
138,1684
83,1685
73,1686
75,1687
138,1689
83,1690
79,1691
138,1692
84,1693
79,1696
138,1697
84,1698
120,1699
80,1700
137,1701
82,1702
100,1703
101,1704
99,1705
83,1707
84,1708
85,1709
80,1710
81,1710
79,1711
79,1712
114,1713
78,1714
96,1715
120,1716
73,1718
94,1721
74,1722
75,1722
79,1722
80,1722
84,1722
86,1722
93,1722
94,1722
95,1722
96,1722
111,1722
7,1723
2,1724
8,1725
12,1726
80,1731
91,1731
94,1731
95,1731
85,1733
110,1734
110,1735
80,1736
75,1737
94,1738
95,1738
80,1740
137,1741
82,1742
101,1743
100,1744
96,1745
99,1746
111,1747
2,1749
7,1749
12,1749
73,1749
74,1749
75,1749
78,1749
79,1749
80,1749
85,1749
86,1749
94,1749
95,1749
96,1749
110,1749
111,1749
4,1750
5,1750
7,1750
8,1750
9,1750
13,1750
18,1750
19,1750
20,1750
117,1750
118,1750
121,1750
96,1755
85,1756
86,1756
113,1757
7,1758
7,1759
7,1760
7,1761
9,1762
7,1763
7,1766
8,1766
118,1766
80,1767
82,1767
88,1767
90,1767
100,1767
101,1767
107,1767
110,1767
111,1767
129,1767
8,1768
117,1768
117,1769
95,1770
78,1771
96,1772
84,1773
2,1774
7,1774
12,1774
118,1774
85,1775
79,1776
136,1777
73,1779
2,1781
3,1781
7,1781
118,1781
1,1782
2,1782
3,1782
7,1782
8,1782
9,1782
12,1782
23,1782
109,1782
117,1782
118,1782
9,1784
14,1784
18,1784
121,1784
1,1785
2,1785
3,1785
5,1785
6,1785
7,1785
8,1785
9,1785
10,1785
13,1785
14,1785
15,1785
18,1785
113,1785
117,1785
124,1785
110,1786
111,1786
2,1787
3,1787
5,1787
6,1787
7,1787
8,1787
9,1787
10,1787
14,1787
15,1787
18,1787
113,1787
117,1787
124,1787
125,1787
12,1788
73,1790
74,1791
78,1793
81,1796
80,1797
83,1798
95,1799
4,1803
8,1803
9,1803
10,1803
12,1803
13,1803
14,1803
15,1803
18,1803
4,1806
12,1806
85,1806
93,1806
94,1806
95,1806
96,1806
97,1806
11,1807
117,1807
4,1808
7,1808
8,1808
9,1808
117,1808
101,1813
110,1814
83,1815
84,1815
79,1816
5,1817
7,1817
1,1818
2,1818
3,1818
7,1818
8,1818
9,1818
10,1818
19,1818
20,1818
21,1818
24,1818
117,1818
95,1819
94,1820
99,1821
135,1821
86,1822
2,1823
3,1823
6,1823
7,1823
8,1823
118,1823
7,1824
2,1825
4,1826
5,1826
7,1826
9,1826
14,1826
15,1826
18,1826
117,1826
118,1826
4,1827
5,1827
7,1827
9,1827
14,1827
15,1827
18,1827
117,1827
118,1827
4,1828
5,1828
7,1828
9,1828
14,1828
15,1828
18,1828
117,1828
118,1828
4,1829
5,1829
7,1829
9,1829
14,1829
15,1829
18,1829
117,1829
118,1829
4,1830
5,1830
7,1830
9,1830
14,1830
15,1830
18,1830
117,1830
118,1830
4,1831
5,1831
7,1831
9,1831
14,1831
15,1831
18,1831
117,1831
118,1831
2,1832
3,1832
7,1832
8,1832
12,1832
117,1832
2,1833
12,1833
7,1834
3,1835
8,1835
76,1836
77,1836
91,1837
85,1838
100,1839
79,1840
136,1841
7,1842
9,1842
13,1843
14,1843
18,1843
121,1843
12,1845
2,1846
7,1846
7,1849
7,1850
7,1851
7,1852
7,1853
7,1854
117,1855
8,1856
118,1857
118,1858
121,1859
75,1860
85,1861
86,1861
79,1862
76,1864
110,1868
79,1870
83,1871
84,1872
91,1873
83,1875
79,1876
84,1877
91,1878
85,1880
79,1881
12,1882
79,1883
85,1884
75,1886
85,1887
136,1888
86,1889
2,1890
3,1890
5,1890
6,1890
7,1890
5,1891
7,1891
9,1891
13,1892
14,1892
18,1892
121,1892
7,1893
8,1893
7,1894
9,1895
18,1895
118,1895
121,1895
125,1895
80,1896
81,1896
80,1897
136,1899
114,1900
94,1901
85,1902
7,1903
7,1904
86,1905
85,1906
12,1907
91,1908
7,1909
7,1910
7,1911
7,1912
7,1913
2,1915
3,1915
6,1915
83,1917
85,1917
86,1917
93,1917
94,1917
95,1917
96,1917
97,1917
99,1917
109,1917
96,1923
7,1925
7,1926
7,1927
83,1928
84,1929
7,1930
79,1931
85,1931
86,1931
94,1931
95,1931
2,1932
3,1932
7,1932
12,1932
3,1933
7,1933
12,1934
7,1935
12,1935
2,1936
2,1937
3,1937
4,1937
7,1937
12,1937
119,1937
7,1938
7,1939
73,1940
79,1942
85,1943
95,1944
96,1945
97,1946
109,1947
75,1948
80,1948
90,1948
101,1948
125,1948
137,1948
7,1949
7,1950
7,1951
79,1952
83,1953
84,1954
94,1955
95,1955
109,1955
75,1956
80,1957
137,1957
2,1958
12,1959
75,1961
80,1961
101,1961
125,1961
94,1963
95,1964
73,1966
79,1969
7,1970
7,1971
7,1972
2,1973
3,1973
5,1973
6,1973
7,1973
24,1973
7,1974
7,1975
7,1976
7,1977
7,1978
7,1979
7,1981
7,1985
4,1989
5,1989
7,1989
4,1990
5,1990
7,1990
12,1991
79,1992
85,1993
95,1995
91,1996
94,1998
12,1999
79,2000
85,2001
88,2002
7,2003
7,2004
7,2005
7,2006
2,2007
2,2008
2,2009
109,2010
85,2011
79,2012
12,2013
118,2013
7,2014
2,2015
2,2016
7,2016
4,2017
5,2017
7,2017
8,2017
9,2017
10,2017
13,2017
18,2017
19,2017
20,2017
21,2017
117,2017
121,2017
7,2018
7,2019
7,2020
7,2021
7,2022
95,2023
114,2023
85,2024
86,2025
7,2027
7,2028
2,2029
7,2031
7,2032
7,2033
7,2034
7,2035
7,2037
2,2038
2,2039
2,2040
9,2041
9,2042
83,2042
84,2042
7,2043
117,2043
7,2044
117,2044
2,2045
3,2045
2,2046
3,2046
12,2047
2,2049
2,2050
12,2051
12,2052
80,2053
81,2053
83,2054
84,2055
126,2056
91,2057
79,2058
7,2059
7,2060
2,2061
2,2062
7,2063
7,2064
4,2065
5,2065
7,2065
8,2065
9,2065
18,2065
117,2065
118,2065
124,2065
12,2066
79,2067
85,2068
94,2070
95,2070
2,2071
3,2071
7,2071
8,2071
117,2071
2,2072
79,2072
80,2072
85,2072
86,2072
93,2072
94,2072
95,2072
96,2072
97,2072
108,2072
109,2072
111,2072
137,2072
2,2073
79,2073
80,2073
84,2073
85,2073
86,2073
93,2073
94,2073
95,2073
96,2073
97,2073
108,2073
109,2073
110,2073
111,2073
137,2073
2,2074
4,2074
5,2074
9,2074
12,2074
79,2074
82,2074
83,2074
84,2074
85,2074
86,2074
90,2074
93,2074
94,2074
95,2074
96,2074
97,2074
98,2074
99,2074
107,2074
108,2074
109,2074
2,2075
4,2075
5,2075
9,2075
12,2075
79,2075
82,2075
83,2075
84,2075
85,2075
86,2075
90,2075
93,2075
94,2075
95,2075
96,2075
97,2075
98,2075
99,2075
107,2075
108,2075
109,2075
110,2075
113,2075
2,2076
3,2076
5,2076
6,2076
7,2076
4,2081
85,2083
86,2083
136,2085
7,2086
1,2087
2,2087
3,2087
7,2087
8,2087
12,2087
15,2087
79,2087
85,2087
111,2087
117,2087
124,2087
138,2087
1,2088
3,2088
12,2088
85,2088
111,2088
138,2088
8,2089
117,2089
24,2090
15,2091
124,2091
2,2092
7,2093
8,2093
117,2093
9,2094
14,2094
18,2094
121,2094
7,2095
8,2095
9,2095
117,2095
118,2095
79,2097
12,2098
79,2099
85,2100
91,2102
95,2104
85,2105
7,2106
8,2106
9,2106
117,2106
118,2106
7,2107
8,2107
9,2107
117,2107
118,2107
109,2108
113,2108
109,2109
113,2109
7,2110
8,2110
9,2110
117,2110
118,2110
7,2111
8,2111
9,2111
117,2111
118,2111
7,2112
8,2112
9,2112
117,2112
118,2112
7,2113
8,2113
9,2113
117,2113
118,2113
7,2114
79,2115
83,2116
138,2118
2,2121
109,2122
113,2122
75,2123
80,2123
82,2123
99,2123
110,2123
120,2123
110,2124
7,2131
7,2132
85,2133
86,2133
93,2133
94,2133
95,2133
96,2133
111,2133
7,2134
7,2135
75,2136
80,2137
85,2138
86,2138
79,2139
80,2139
81,2139
82,2139
85,2139
86,2139
101,2139
110,2139
111,2139
137,2139
80,2141
93,2141
94,2141
95,2141
96,2141
94,2142
95,2142
96,2142
97,2142
109,2143
7,2144
73,2145
85,2148
94,2149
109,2150
96,2151
79,2152
85,2153
86,2154
109,2155
138,2157
79,2158
83,2159
91,2161
109,2162
110,2162
91,2165
83,2166
84,2166
95,2166
96,2166
7,2168
7,2169
7,2170
5,2172
7,2172
8,2172
10,2172
117,2172
2,2174
7,2174
2,2176
9,2177
5,2179
7,2179
8,2179
9,2179
10,2179
18,2179
80,2180
86,2182
79,2183
85,2184
136,2185
7,2186
91,2187
12,2188
80,2189
111,2189
137,2189
79,2190
83,2191
80,2192
81,2192
83,2192
84,2192
85,2192
86,2192
100,2192
101,2192
107,2192
110,2192
113,2192
94,2193
85,2194
95,2195
96,2196
120,2198
84,2199
86,2200
91,2201
74,2202
76,2203
86,2204
85,2205
80,2206
94,2207
96,2208
95,2209
94,2212
12,2214
93,2215
94,2215
95,2215
109,2215
110,2215
113,2215
7,2216
73,2216
74,2216
75,2216
79,2216
85,2216
86,2216
93,2216
94,2216
95,2216
96,2216
101,2216
109,2216
110,2216
113,2216
125,2216
12,2217
85,2217
86,2217
136,2218
95,2219
94,2220
85,2224
86,2224
94,2224
95,2224
96,2224
97,2224
111,2224
95,2228
85,2229
86,2230
94,2231
95,2232
96,2233
85,2234
86,2234
94,2235
96,2235
97,2235
95,2236
97,2237
95,2238
96,2238
80,2243
81,2243
82,2243
90,2243
100,2243
101,2243
204,2243
79,2245
95,2246
7,2251
7,2252
80,2253
85,2253
86,2253
99,2253
109,2253
110,2253
111,2253
137,2253
7,2254
80,2254
85,2254
86,2254
99,2254
109,2254
110,2254
111,2254
137,2254
83,2260
84,2261
91,2262
79,2263
95,2264
79,2265
95,2266
89,2267
120,2268
91,2269
138,2270
7,2271
2,2272
95,2273
75,2274
96,2275
136,2276
83,2277
79,2278
83,2279
91,2280
138,2281
79,2282
79,2283
85,2284
86,2285
86,2286
80,2287
81,2288
110,2289
12,2293
85,2293
79,2294
110,2295
80,2296
85,2296
86,2296
88,2296
94,2296
96,2296
109,2296
136,2296
7,2297
7,2298
7,2304
85,2305
85,2306
120,2307
1,2313
2,2313
3,2313
7,2313
8,2313
23,2313
24,2313
117,2313
1,2314
2,2314
3,2314
5,2314
6,2314
7,2314
8,2314
23,2314
24,2314
117,2314
8,2315
9,2315
18,2315
1,2316
2,2316
3,2316
5,2316
6,2316
7,2316
8,2316
23,2316
24,2316
117,2316
8,2317
9,2317
18,2317
79,2318
75,2319
76,2320
73,2321
91,2322
85,2325
12,2327
79,2328
94,2329
95,2330
85,2331
79,2333
95,2334
94,2335
80,2336
92,2337
80,2339
81,2339
137,2339
110,2340
7,2341
79,2342
84,2343
83,2344
79,2346
2,2347
79,2347
85,2349
2,2350
2,2351
2,2355
73,2355
74,2355
75,2355
76,2355
77,2355
79,2355
80,2355
91,2355
96,2355
97,2355
99,2355
128,2355
138,2355
7,2356
14,2357
15,2357
7,2358
8,2358
117,2358
2,2359
23,2360
79,2360
80,2360
81,2360
82,2360
83,2360
84,2360
85,2360
86,2360
88,2360
90,2360
93,2360
95,2360
96,2360
98,2360
99,2360
110,2360
111,2360
113,2360
135,2360
7,2361
8,2361
9,2361
18,2361
121,2361
7,2362
8,2362
9,2362
18,2362
7,2363
8,2363
117,2363
2,2365
7,2366
8,2366
9,2366
18,2366
121,2366
7,2367
8,2367
9,2367
18,2367
121,2367
2,2368
7,2369
8,2369
9,2369
18,2369
121,2369
7,2370
8,2370
9,2370
18,2370
121,2370
23,2372
79,2372
80,2372
81,2372
82,2372
83,2372
84,2372
85,2372
86,2372
88,2372
90,2372
93,2372
95,2372
96,2372
98,2372
99,2372
110,2372
111,2372
113,2372
135,2372
82,2373
83,2373
84,2373
85,2373
86,2373
92,2373
96,2373
99,2373
100,2373
101,2373
109,2373
110,2373
111,2373
135,2373
80,2374
81,2374
137,2374
80,2376
83,2376
84,2376
85,2376
86,2376
92,2376
96,2376
99,2376
100,2376
101,2376
109,2376
110,2376
111,2376
82,2377
137,2377
7,2378
8,2378
117,2378
118,2378
86,2379
86,2380
5,2381
7,2381
121,2381
8,2382
117,2382
5,2383
7,2383
8,2383
117,2383
121,2383
79,2390
80,2390
83,2390
84,2390
91,2390
94,2390
95,2390
96,2390
137,2390
138,2390
79,2391
80,2391
81,2391
83,2391
84,2391
94,2391
95,2391
100,2391
137,2391
138,2391
79,2392
83,2392
84,2392
94,2392
95,2392
96,2392
138,2392
7,2393
7,2394
2,2395
3,2395
12,2396
79,2397
80,2397
81,2397
83,2397
84,2397
91,2397
94,2397
95,2397
96,2397
137,2397
138,2397
75,2398
78,2398
79,2398
80,2398
81,2398
83,2398
84,2398
94,2398
137,2398
2,2399
2,2400
2,2401
2,2402
2,2403
85,2404
86,2405
2,2408
2,2409
2,2410
12,2411
85,2412
100,2413
79,2414
86,2415
136,2416
80,2417
81,2417
82,2417
85,2417
86,2417
96,2417
100,2417
101,2417
107,2417
109,2417
110,2417
111,2417
81,2418
82,2418
85,2418
86,2418
96,2418
100,2418
101,2418
107,2418
109,2418
110,2418
2,2429
4,2430
5,2430
7,2430
8,2430
9,2430
10,2430
14,2430
19,2430
20,2430
117,2430
79,2431
86,2432
94,2433
80,2434
95,2435
79,2436
86,2437
94,2438
95,2439
80,2440
78,2446
79,2446
85,2446
86,2446
94,2446
95,2446
96,2446
109,2446
111,2446
136,2446
2,2447
24,2447
2,2448
7,2449
2,2451
7,2452
7,2453
8,2454
117,2454
118,2455
109,2456
110,2456
2,2457
4,2458
5,2458
7,2458
8,2458
10,2458
15,2458
18,2458
117,2458
121,2458
124,2458
4,2459
5,2459
7,2459
8,2459
10,2459
15,2459
18,2459
117,2459
121,2459
124,2459
7,2460
2,2461
7,2462
8,2462
117,2462
7,2463
8,2463
117,2463
2,2464
79,2469
8,2470
7,2471
9,2472
7,2473
109,2474
5,2475
7,2475
8,2475
9,2475
10,2475
13,2475
18,2475
19,2475
20,2475
21,2475
117,2475
121,2475
7,2476
2,2477
12,2478
7,2479
2,2480
12,2481
8,2482
117,2482
2,2483
79,2485
138,2486
83,2487
84,2488
91,2489
80,2493
86,2494
86,2495
85,2496
85,2497
95,2498
96,2499
97,2499
94,2500
2,2502
7,2503
12,2504
2,2505
2,2506
5,2506
12,2506
78,2506
79,2506
80,2506
81,2506
82,2506
83,2506
84,2506
85,2506
86,2506
89,2506
91,2506
93,2506
94,2506
95,2506
96,2506
98,2506
99,2506
111,2506
113,2506
120,2506
137,2506
138,2506
139,2506
85,2509
86,2509
95,2510
2,2511
12,2512
12,2515
85,2516
86,2518
111,2520
2,2521
3,2521
4,2521
7,2521
8,2521
12,2521
110,2521
111,2521
117,2521
79,2532
75,2533
73,2534
2,2541
2,2542
7,2544
7,2547
7,2548
2,2550
2,2551
2,2552
2,2553
2,2555
3,2555
6,2555
24,2557
12,2558
85,2558
86,2558
95,2559
94,2561
136,2562
12,2564
79,2565
85,2566
7,2568
7,2569
7,2570
109,2573
73,2574
75,2574
80,2575
91,2576
79,2577
85,2578
96,2583
80,2584
95,2585
79,2586
7,2587
7,2588
7,2589
85,2591
109,2592
85,2593
73,2594
74,2595
139,2599
100,2600
75,2602
80,2602
81,2602
86,2602
95,2602
100,2602
101,2602
109,2602
120,2602
137,2602
139,2602
9,2603
109,2614
110,2614
113,2614
91,2619
73,2621
75,2623
9,2624
126,2625
83,2626
84,2627
79,2628
12,2636
85,2636
94,2636
90,2637
110,2638
81,2639
85,2642
91,2642
95,2642
110,2642
204,2642
80,2643
137,2643
89,2648
92,2649
95,2650
12,2651
81,2652
79,2655
94,2656
95,2657
114,2657
12,2658
93,2663
95,2663
96,2663
97,2663
114,2663
94,2665
85,2666
86,2666
79,2667
85,2668
91,2669
76,2670
80,2672
81,2672
137,2672
80,2673
81,2673
137,2673
109,2674
75,2677
74,2678
73,2679
75,2681
74,2682
73,2683
110,2684
81,2686
110,2688
101,2689
85,2690
82,2691
109,2695
80,2696
81,2696
137,2696
110,2697
91,2698
85,2699
86,2700
79,2701
83,2702
84,2703
91,2704
94,2705
76,2706
86,2707
83,2709
84,2710
79,2711
91,2712
108,2713
83,2714
84,2715
83,2716
86,2716
85,2717
100,2718
83,2719
85,2720
79,2721
138,2721
100,2723
79,2725
80,2725
83,2725
110,2725
120,2725
139,2725
2,2726
3,2726
6,2726
7,2726
8,2726
9,2726
18,2726
24,2726
117,2726
121,2726
80,2727
81,2727
111,2727
139,2727
12,2728
73,2728
74,2728
75,2728
76,2728
78,2728
79,2728
80,2728
81,2728
82,2728
83,2728
84,2728
85,2728
86,2728
88,2728
92,2728
95,2728
101,2728
110,2728
111,2728
126,2728
137,2728
138,2728
83,2729
84,2730
92,2731
91,2732
109,2733
110,2733
113,2733
110,2734
83,2735
79,2736
85,2737
84,2738
91,2739
85,2740
91,2742
110,2744
109,2745
109,2746
94,2747
95,2747
109,2750
93,2751
95,2751
109,2751
80,2752
91,2752
93,2752
94,2752
95,2752
96,2752
97,2752
109,2752
93,2753
95,2753
109,2753
110,2753
80,2754
137,2755
93,2758
94,2758
95,2758
9,2759
121,2759
110,2766
91,2767
86,2768
76,2769
73,2770
75,2771
78,2772
96,2773
2,2774
3,2774
5,2774
6,2774
7,2774
8,2774
9,2774
18,2774
24,2774
121,2774
80,2778
81,2779
7,2780
18,2780
118,2780
2,2781
5,2781
7,2781
12,2781
23,2781
73,2781
74,2781
75,2781
76,2781
77,2781
79,2781
83,2781
84,2781
85,2781
86,2781
93,2781
94,2781
95,2781
96,2781
98,2781
99,2781
110,2781
111,2781
113,2781
138,2781
74,2782
75,2782
78,2782
80,2782
81,2782
82,2782
83,2782
84,2782
85,2782
86,2782
88,2782
89,2782
90,2782
91,2782
92,2782
101,2782
107,2782
109,2782
110,2782
111,2782
120,2782
126,2782
128,2782
129,2782
139,2782
74,2783
75,2783
78,2783
79,2783
80,2783
81,2783
82,2783
83,2783
84,2783
85,2783
86,2783
88,2783
89,2783
90,2783
91,2783
92,2783
101,2783
107,2783
109,2783
110,2783
111,2783
120,2783
126,2783
128,2783
129,2783
137,2783
138,2783
139,2783
113,2784
4,2785
5,2785
7,2785
8,2785
9,2785
10,2785
13,2785
14,2785
15,2785
18,2785
117,2785
118,2785
121,2785
124,2785
125,2785
134,2785
74,2786
78,2786
79,2786
80,2786
81,2786
82,2786
83,2786
84,2786
85,2786
86,2786
88,2786
89,2786
90,2786
91,2786
92,2786
93,2786
94,2786
95,2786
96,2786
101,2786
107,2786
108,2786
109,2786
110,2786
111,2786
120,2786
126,2786
139,2786
94,2787
95,2788
96,2790
73,2792
110,2799
94,2800
95,2801
91,2803
79,2804
137,2805
12,2806
95,2815
85,2819
86,2819
83,2825
84,2826
94,2827
95,2828
114,2828
1,2831
4,2831
5,2831
7,2831
8,2831
9,2831
14,2831
78,2831
80,2831
81,2831
82,2831
83,2831
84,2831
85,2831
86,2831
88,2831
92,2831
93,2831
94,2831
95,2831
96,2831
109,2831
117,2831
125,2831
79,2832
84,2833
94,2834
95,2834
96,2835
138,2836
79,2837
7,2838
8,2838
18,2838
117,2838
101,2839
100,2840
7,2841
7,2842
2,2843
3,2843
4,2843
5,2843
6,2843
7,2843
8,2843
9,2843
10,2843
15,2843
117,2843
124,2843
79,2844
138,2844
83,2845
84,2846
91,2847
120,2848
95,2850
85,2851
79,2854
109,2856
110,2856
85,2858
95,2860
86,2861
73,2862
109,2864
85,2866
85,2875
2,2877
79,2878
12,2879
79,2879
85,2879
86,2879
93,2879
94,2879
95,2879
96,2879
97,2879
12,2880
91,2881
91,2889
82,2890
95,2891
78,2892
101,2893
12,2894
85,2896
86,2896
75,2897
73,2898
76,2899
100,2900
101,2901
73,2907
74,2908
75,2909
91,2911
100,2912
101,2913
110,2914
83,2915
84,2916
86,2917
79,2918
73,2920
74,2920
75,2920
85,2921
12,2922
12,2923
78,2923
79,2923
83,2923
84,2923
85,2923
74,2925
73,2926
75,2927
85,2928
12,2929
86,2930
76,2931
113,2932
95,2934
85,2935
86,2935
79,2938
85,2939
12,2940
85,2941
12,2942
79,2943
80,2952
86,2953
100,2954
139,2955
110,2956
120,2957
101,2958
79,2959
79,2963
12,2967
12,2969
86,2970
91,2973
95,2974
114,2974
79,2975
94,2976
95,2976
91,2977
2,2978
4,2978
5,2978
7,2978
8,2978
9,2978
12,2978
13,2978
18,2978
121,2978
12,2979
85,2979
12,2980
79,2981
79,2982
85,2983
75,2984
73,2985
2,2986
79,2987
83,2988
109,2992
79,2995
86,2996
85,2997
79,2998
86,3000
85,3002
79,3003
95,3004
12,3005
95,3006
86,3008
96,3008
86,3010
79,3011
7,3014
96,3021
12,3022
79,3023
86,3024
85,3025
95,3027
94,3028
82,3029
80,3030
81,3031
100,3032
99,3033
9,3043
9,3044
99,3046
73,3049
75,3049
86,3050
85,3051
95,3052
95,3053
79,3054
7,3055
110,3056
111,3056
113,3056
91,3057
83,3059
84,3060
109,3063
109,3064
109,3065
73,3066
75,3067
86,3068
101,3075
83,3077
79,3079
91,3083
79,3084
95,3087
79,3091
86,3092
95,3095
94,3100
95,3100
85,3101
86,3101
86,3102
101,3104
80,3105
109,3108
109,3112
80,3113
81,3113
110,3113
111,3113
139,3113
110,3114
7,3115
7,3116
12,3125
85,3125
86,3125
204,3125
95,3128
79,3136
138,3137
12,3138
85,3139
83,3140
138,3141
79,3142
2,3143
79,3144
95,3145
96,3146
2,3147
95,3148
94,3149
80,3151
85,3152
86,3152
79,3153
83,3154
138,3155
138,3157
79,3158
7,3159
2,3160
82,3161
85,3162
86,3162
135,3163
85,3165
86,3165
73,3166
83,3169
86,3171
85,3172
74,3173
85,3174
86,3174
95,3175
2,3176
79,3176
96,3177
95,3178
138,3205
79,3206
83,3207
91,3209
91,3221
79,3228
75,3229
73,3230
74,3231
96,3232
85,3233
78,3234
83,3235
84,3236
138,3237
95,3238
94,3239
95,3239
83,3240
84,3241
91,3242
138,3243
85,3244
86,3245
109,3247
110,3249
110,3250
84,3251
78,3252
117,3253
8,3254
7,3255
7,3256
9,3257
79,3258
85,3259
138,3261
110,3262
14,3263
80,3267
81,3267
90,3268
100,3269
101,3270
110,3271
110,3272
83,3273
84,3274
91,3275
83,3276
84,3277
91,3278
120,3280
80,3281
82,3282
86,3283
99,3284
109,3285
110,3285
109,3286
110,3286
126,3287
73,3288
138,3289
79,3290
84,3291
83,3292
89,3293
120,3294
110,3295
111,3295
83,3296
95,3297
138,3298
94,3299
95,3300
9,3301
85,3302
12,3304
83,3321
80,3322
100,3324
101,3325
12,3326
73,3328
75,3329
109,3330
79,3332
83,3335
95,3336
75,3344
85,3345
83,3347
84,3348
138,3349
79,3350
91,3351
74,3352
127,3352
139,3352
12,3353
85,3354
79,3355
73,3357
75,3357
74,3358
80,3361
101,3363
126,3364
110,3365
110,3366
83,3367
84,3368
138,3370
91,3371
127,3372
95,3373
110,3374
83,3375
138,3376
79,3377
91,3378
73,3380
75,3381
94,3383
95,3383
83,3384
84,3385
79,3386
138,3387
88,3388
2,3389
79,3390
83,3391
84,3391
138,3391
109,3392
110,3392
91,3393
12,3394
86,3395
12,3400
85,3401
80,3407
81,3408
101,3409
12,3410
100,3411
110,3421
73,3422
74,3423
86,3424
75,3425
78,3426
94,3426
95,3426
79,3427
86,3429
75,3430
73,3431
76,3433
91,3434
110,3436
109,3444
109,3445
110,3445
110,3446
111,3446
75,3448
85,3449
95,3450
94,3451
80,3452
79,3453
84,3454
83,3455
80,3456
81,3457
12,3463
95,3464
83,3466
85,3467
86,3467
91,3468
80,3473
81,3473
137,3473
91,3474
85,3476
12,3477
95,3478
12,3479
79,3480
86,3481
79,3482
138,3483
109,3485
95,3486
77,3491
81,3491
91,3491
95,3491
108,3491
110,3491
101,3493
86,3494
82,3496
85,3509
86,3510
12,3511
88,3512
80,3513
79,3514
73,3516
81,3518
101,3520
85,3521
79,3522
12,3524
12,3526
75,3527
79,3528
86,3529
137,3530
80,3531
86,3532
83,3533
79,3534
138,3535
84,3536
89,3537
73,3538
95,3539
74,3540
89,3541
4,3543
5,3543
7,3543
8,3543
9,3543
10,3543
18,3543
121,3543
12,3544
85,3544
86,3544
85,3545
75,3546
73,3547
85,3548
12,3549
75,3550
73,3551
93,3552
94,3552
97,3552
79,3553
83,3553
84,3553
91,3553
93,3553
94,3553
95,3553
96,3553
97,3553
84,3554
85,3555
79,3559
95,3560
85,3561
86,3562
101,3576
91,3577
88,3579
80,3580
109,3584
109,3585
80,3586
86,3586
99,3586
109,3586
111,3586
2,3587
2,3588
3,3588
83,3589
84,3590
79,3591
138,3592
80,3593
137,3593
82,3594
100,3595
101,3596
109,3597
110,3598
94,3601
95,3601
82,3602
12,3603
80,3605
137,3605
101,3607
109,3608
110,3608
126,3609
85,3610
14,3616
87,3616
80,3617
81,3617
137,3617
79,3621
85,3622
73,3623
74,3624
95,3625
80,3626
137,3626
86,3627
75,3628
100,3629
101,3630
86,3632
79,3633
73,3634
74,3635
75,3636
79,3637
101,3639
7,3641
7,3650
7,3651
121,3652
83,3658
84,3659
120,3660
1,3661
2,3661
3,3661
7,3661
8,3661
12,3661
117,3661
7,3662
79,3663
80,3663
83,3663
84,3663
85,3663
86,3663
95,3663
96,3663
97,3663
95,3664
79,3665
85,3665
86,3665
96,3665
97,3665
80,3667
81,3668
80,3669
81,3669
137,3669
109,3670
12,3671
80,3672
81,3672
137,3672
86,3673
110,3674
83,3675
84,3676
127,3679
73,3681
75,3682
79,3684
86,3685
85,3686
76,3687
83,3688
138,3689
79,3690
79,3691
85,3692
85,3694
12,3695
86,3696
85,3697
73,3698
75,3698
76,3698
77,3698
85,3700
12,3701
83,3702
91,3703
86,3704
75,3709
91,3711
109,3714
2,3715
79,3716
85,3717
86,3717
109,3718
83,3719
84,3720
91,3722
94,3723
95,3723
86,3724
79,3725
73,3726
74,3727
75,3728
85,3729
12,3730
137,3731
95,3734
111,3735
4,3736
7,3736
8,3736
9,3736
18,3736
19,3736
20,3736
117,3736
118,3736
121,3736
4,3737
7,3737
8,3737
9,3737
18,3737
19,3737
20,3737
117,3737
118,3737
121,3737
91,3739
79,3740
83,3741
84,3742
94,3743
95,3743
73,3746
74,3747
75,3748
100,3749
86,3753
12,3756
86,3758
79,3759
75,3760
73,3761
74,3762
100,3763
137,3764
94,3765
95,3765
79,3767
83,3767
85,3767
91,3767
93,3767
96,3767
97,3767
138,3767
7,3768
7,3769
7,3770
2,3771
5,3771
6,3771
24,3771
78,3772
93,3772
94,3772
95,3772
96,3772
97,3772
73,3773
75,3773
79,3774
76,3775
91,3776
83,3777
9,3779
85,3780
12,3781
109,3782
9,3783
79,3785
76,3787
79,3788
136,3790
75,3791
83,3792
85,3793
101,3794
9,3795
120,3796
127,3796
75,3797
79,3799
96,3801
95,3802
94,3803
73,3804
79,3806
85,3807
94,3808
95,3809
96,3810
109,3811
85,3814
94,3815
96,3816
96,3817
97,3818
95,3819
109,3820
109,3821
100,3823
86,3824
12,3825
85,3827
79,3829
12,3830
79,3832
76,3833
91,3834
84,3835
83,3836
2,3837
80,3841
86,3842
12,3843
85,3844
79,3845
75,3846
73,3847
109,3848
12,3850
95,3852
96,3853
129,3854
92,3855
74,3856
73,3857
80,3858
81,3858
110,3858
73,3859
138,3860
79,3861
83,3862
110,3863
86,3866
85,3867
95,3868
79,3869
73,3870
101,3871
136,3871
73,3874
137,3876
75,3877
110,3878
75,3879
74,3880
96,3883
77,3884
136,3885
91,3887
73,3888
79,3890
137,3891
94,3892
85,3893
108,3894
139,3895
77,3898
75,3901
91,3903
95,3904
136,3905
83,3908
138,3912
95,3913
101,3920
136,3921
126,3922
96,3926
83,3928
95,3932
79,3934
138,3935
91,3936
75,3938
73,3939
74,3940
137,3941
96,3942
95,3943
85,3944
12,3945
79,3946
75,3947
73,3948
74,3949
79,3950
85,3951
137,3952
77,3953
86,3954
85,3955
101,3956
94,3957
75,3958
73,3959
85,3961
136,3963
75,3964
74,3965
136,3966
12,3967
12,3972
79,3974
83,3975
86,3975
80,3976
85,3977
3,3978
114,3978
77,3980
79,3981
86,3982
85,3983
136,3985
96,3987
95,3988
79,3989
73,3991
101,3995
136,3995
96,3996
97,3996
74,3997
86,3997
77,3999
79,4000
73,4001
80,4002
81,4002
12,4003
85,4003
85,4005
94,4006
95,4007
79,4008
73,4010
79,4011
138,4011
73,4012
75,4013
137,4015
84,4016
83,4017
86,4018
85,4019
12,4020
94,4021
91,4023
95,4024
97,4025
74,4026
73,4027
75,4029
79,4032
85,4035
83,4036
138,4037
79,4038
95,4040
114,4040
83,4042
138,4043
79,4044
109,4046
136,4047
79,4050
95,4051
95,4057
114,4057
96,4058
85,4059
94,4060
94,4061
86,4062
85,4071
86,4071
2,4072
91,4079
94,4080
91,4083
73,4084
79,4085
95,4088
91,4089
73,4091
91,4094
73,4096
79,4097
91,4099
110,4100
73,4101
75,4101
74,4102
79,4103
80,4104
137,4105
80,4106
137,4106
94,4107
96,4108
80,4116
137,4116
74,4117
139,4118
100,4119
74,4121
127,4122
12,4123
86,4125
73,4129
76,4130
80,4131
137,4131
75,4132
86,4133
85,4134
12,4136
91,4137
75,4139
74,4140
73,4141
76,4142
80,4143
137,4143
85,4145
12,4146
95,4147
85,4148
84,4149
79,4150
95,4151
85,4152
84,4153
79,4154
109,4155
7,4163
109,4164
86,4165
85,4166
82,4167
100,4168
101,4168
110,4169
94,4171
96,4172
85,4173
79,4175
75,4176
73,4177
86,4178
74,4179
79,4180
100,4182
101,4182
92,4183
96,4184
136,4185
81,4186
80,4187
86,4189
135,4190
92,4191
101,4192
73,4193
74,4194
139,4195
109,4196
80,4197
81,4198
86,4200
135,4201
92,4202
101,4203
74,4204
73,4205
139,4206
109,4208
85,4209
86,4209
92,4210
101,4211
96,4212
135,4213
95,4214
126,4215
74,4216
128,4217
73,4218
80,4222
85,4223
86,4223
92,4224
101,4225
96,4227
135,4228
95,4229
126,4230
74,4231
128,4232
73,4233
80,4239
81,4239
86,4239
90,4239
92,4239
100,4239
101,4239
107,4239
110,4239
111,4239
139,4239
77,4242
80,4242
81,4242
82,4242
85,4242
86,4242
90,4242
92,4242
100,4242
101,4242
107,4242
110,4242
111,4242
139,4242
110,4245
110,4246
7,4247
83,4249
84,4250
91,4251
79,4252
138,4253
89,4254
73,4255
75,4257
94,4258
95,4259
114,4259
96,4260
85,4261
117,4262
137,4263
85,4264
109,4265
94,4266
81,4267
91,4268
92,4269
129,4270
110,4271
73,4274
80,4275
137,4275
85,4276
95,4278
96,4279
97,4280
204,4281
136,4283
96,4285
120,4287
127,4287
138,4288
73,4290
75,4290
74,4291
86,4292
77,4293
136,4294
80,4300
81,4301
101,4302
86,4308
85,4309
12,4310
137,4316
109,4317
100,4318
73,4320
75,4323
82,4325
12,4326
100,4327
101,4328
126,4330
12,4332
85,4333
100,4334
79,4336
75,4337
76,4337
91,4337
137,4340
74,4341
73,4342
79,4343
85,4343
120,4344
110,4345
110,4346
75,4348
73,4349
74,4349
137,4351
80,4353
137,4354
100,4355
7,4356
117,4357
7,4358
7,4359
7,4360
85,4361
12,4362
86,4363
100,4364
85,4365
91,4366
79,4367
120,4368
127,4368
139,4368
96,4369
73,4371
4,4372
7,4372
8,4372
9,4372
19,4372
20,4372
118,4372
121,4372
4,4373
7,4373
8,4373
9,4373
19,4373
20,4373
118,4373
4,4374
7,4374
8,4374
9,4374
19,4374
20,4374
118,4374
121,4374
79,4375
83,4376
84,4377
91,4378
73,4379
137,4380
79,4381
85,4381
109,4383
96,4384
97,4385
95,4386
7,4387
76,4388
75,4390
83,4391
100,4391
12,4392
136,4393
78,4394
128,4395
126,4396
110,4397
110,4398
73,4404
74,4405
75,4406
86,4409
9,4410
9,4411
85,4412
94,4413
100,4414
100,4415
91,4416
79,4427
109,4428
73,4429
79,4431
96,4432
85,4433
94,4434
85,4441
94,4444
95,4444
2,4447
81,4450
100,4451
74,4452
139,4453
91,4454
84,4455
83,4456
86,4457
137,4458
12,4460
85,4461
86,4462
83,4463
84,4464
73,4467
91,4468
101,4471
95,4472
109,4475
85,4476
86,4477
91,4478
101,4479
91,4483
85,4484
86,4484
96,4489
79,4490
84,4491
120,4492
83,4493
109,4509
96,4510
79,4511
85,4512
94,4513
86,4514
95,4515
79,4517
86,4519
94,4520
85,4521
95,4522
96,4524
136,4526
79,4528
73,4530
94,4531
85,4532
96,4533
95,4534
109,4535
7,4536
1,4538
2,4538
3,4538
5,4538
6,4538
7,4538
111,4539
95,4540
94,4541
12,4542
85,4543
73,4544
79,4545
85,4546
94,4547
95,4548
73,4549
79,4550
12,4551
85,4552
109,4554
96,4555
137,4557
79,4558
86,4561
75,4562
73,4563
109,4565
111,4566
109,4578
114,4579
96,4580
97,4582
85,4583
121,4584
100,4590
101,4591
92,4592
126,4594
137,4599
79,4600
91,4601
85,4602
94,4603
114,4604
111,4605
108,4606
101,4607
75,4608
79,4609
84,4610
128,4611
78,4612
95,4612
114,4612
120,4613
127,4613
139,4614
80,4615
137,4615
80,4616
86,4617
12,4618
85,4619
75,4620
74,4621
73,4622
76,4632
80,4633
100,4640
101,4641
92,4643
126,4644
110,4646
73,4647
75,4649
76,4650
77,4651
79,4652
136,4653
86,4655
85,4656
92,4657
82,4658
79,4664
136,4666
7,4667
83,4668
84,4668
9,4669
85,4670
80,4671
81,4672
79,4673
120,4674
80,4689
85,4690
93,4691
91,4692
94,4693
95,4694
75,4695
97,4696
136,4697
74,4698
83,4699
80,4704
80,4705
83,4707
91,4708
84,4709
79,4712
83,4713
91,4715
93,4716
94,4717
95,4718
138,4720
91,4724
81,4726
137,4727
127,4730
74,4731
100,4735
90,4737
79,4741
136,4751
83,4752
84,4753
79,4754
91,4755
79,4782
138,4783
84,4784
95,4785
114,4785
83,4786
92,4787
15,4789
124,4789
9,4790
83,4792
95,4793
73,4794
138,4795
79,4796
84,4799
89,4800
78,4801
73,4802
85,4804
83,4805
84,4806
73,4807
75,4808
137,4809
95,4810
79,4811
73,4812
136,4813
109,4814
109,4815
80,4816
92,4817
110,4818
94,4819
100,4820
100,4821
91,4822
109,4823
75,4824
94,4825
96,4826
91,4827
96,4831
97,4831
83,4834
84,4835
128,4836
82,4837
73,4846
127,4847
74,4850
12,4853
91,4854
93,4855
94,4855
85,4857
79,4858
83,4860
94,4861
95,4862
114,4862
80,4863
110,4864
109,4866
81,4868
82,4869
85,4870
12,4871
86,4872
100,4874
90,4875
139,4876
129,4879
73,4880
79,4882
126,4883
109,4884
83,4885
84,4886
79,4887
74,4888
73,4889
94,4890
95,4891
91,4892
109,4893
110,4893
84,4894
79,4895
83,4896
100,4897
78,4898
111,4899
92,4900
89,4901
83,4902
138,4903
79,4904
94,4905
95,4905
101,4908
91,4909
135,4912
85,4926
12,4947
75,4948
137,4949
95,4950
93,4951
94,4951
86,4954
12,4955
91,4957
83,4958
100,4959
138,4960
79,4961
75,4962
73,4964
7,4965
109,4965
113,4965
2,4967
138,4968
111,4969
86,4970
2,4971
80,4972
137,4972
79,4973
86,4974
111,4975
86,4976
73,4977
76,4978
75,4980
86,4981
137,4983
100,4984
85,4985
94,4987
95,4987
83,4989
84,4989
91,4990
79,4992
138,4992
97,4994
7,4995
2,4996
110,4997
82,4999
100,5000
92,5001
137,5007
73,5013
75,5013
76,5013
76,5014
12,5015
110,5016
137,5016
85,5017
82,5019
101,5020
12,5024
80,5024
81,5024
82,5024
85,5024
86,5024
101,5024
110,5024
111,5024
137,5024
110,5025
80,5028
120,5032
129,5033
82,5034
79,5037
85,5038
80,5039
81,5039
110,5039
111,5039
139,5039
97,5040
94,5042
100,5049
126,5050
110,5051
120,5052
85,5053
80,5055
86,5056
85,5057
12,5058
82,5059
73,5060
75,5061
139,5062
79,5063
91,5064
126,5065
101,5066
120,5067
120,5068
127,5068
79,5069
88,5070
78,5071
114,5071
94,5072
74,5073
110,5074
110,5075
110,5076
110,5077
110,5078
110,5079
79,5081
7,5085
2,5086
80,5095
81,5095
90,5095
100,5095
101,5095
110,5095
111,5096
73,5097
86,5098
137,5099
85,5100
79,5101
85,5102
109,5102
204,5103
85,5104
92,5105
90,5106
82,5107
81,5109
100,5110
101,5111
90,5112
2,5113
7,5130
2,5131
12,5132
83,5133
91,5134
137,5137
81,5139
80,5141
90,5143
127,5144
139,5145
78,5146
79,5146
80,5146
81,5146
82,5146
83,5146
84,5146
85,5146
86,5146
88,5146
91,5146
93,5146
94,5146
95,5146
96,5146
97,5146
111,5146
137,5146
73,5147
79,5148
84,5149
83,5150
80,5151
137,5151
136,5152
78,5153
80,5153
81,5153
88,5153
91,5153
93,5153
95,5153
96,5153
97,5153
110,5153
111,5153
74,5154
93,5155
94,5156
86,5157
95,5158
75,5159
95,5160
114,5160
96,5161
85,5162
85,5163
12,5164
126,5166
80,5167
100,5168
12,5169
80,5172
74,5173
100,5174
92,5175
80,5178
137,5179
7,5181
7,5182
7,5183
83,5200
91,5201
93,5202
95,5204
84,5206
79,5207
83,5207
84,5207
85,5207
86,5207
94,5207
137,5208
83,5209
84,5209
81,5210
80,5211
80,5212
95,5212
100,5212
101,5212
108,5212
109,5212
136,5212
204,5212
93,5213
95,5214
79,5215
12,5216
8,5217
7,5218
110,5219
12,5220
101,5221
204,5222
86,5223
114,5225
96,5226
2,5227
101,5229
135,5230
110,5231
110,5232
7,5233
95,5241
91,5243
86,5244
79,5245
136,5246
86,5247
80,5248
91,5249
86,5250
80,5251
91,5254
86,5258
85,5259
82,5260
80,5261
137,5261
92,5262
101,5263
139,5264
90,5265
120,5266
126,5267
7,5268
7,5270
96,5271
95,5272
85,5273
2,5278
137,5279
85,5280
100,5281
100,5284
136,5288
136,5289
136,5292
73,5293
12,5294
100,5295
85,5306
73,5307
94,5308
12,5310
96,5311
86,5313
85,5315
96,5316
95,5317
114,5317
75,5318
74,5319
73,5320
86,5321
75,5322
73,5323
74,5324
136,5325
79,5326
91,5327
85,5329
12,5330
75,5333
80,5334
137,5335
12,5336
85,5337
86,5338
109,5340
75,5341
136,5342
79,5344
86,5345
75,5346
136,5347
111,5348
85,5349
12,5350
79,5351
85,5352
136,5353
111,5354
12,5355
12,5356
83,5357
84,5358
91,5359
7,5360
83,5362
79,5363
91,5364
109,5365
80,5366
110,5368
120,5369
139,5370
81,5371
100,5379
85,5380
86,5382
73,5384
86,5385
137,5386
83,5387
114,5389
81,5391
126,5392
80,5393
137,5394
139,5395
90,5396
95,5400
114,5400
79,5401
85,5403
85,5408
80,5409
81,5410
85,5414
100,5415
91,5416
82,5418
101,5419
139,5420
81,5421
80,5422
12,5424
85,5425
111,5426
73,5427
75,5428
91,5429
136,5430
12,5431
100,5432
114,5433
110,5434
111,5434
137,5435
80,5436
86,5437
86,5455
137,5456
80,5457
100,5458
101,5459
110,5460
120,5461
126,5462
92,5463
120,5464
101,5465
126,5466
92,5467
126,5471
92,5472
137,5515
81,5516
83,5517
84,5517
79,5518
94,5519
114,5520
109,5521
101,5522
120,5523
92,5524
126,5525
110,5526
101,5527
92,5529
100,5530
92,5531
83,5534
84,5534
76,5535
83,5536
85,5537
79,5538
136,5539
75,5540
91,5541
2,5542
83,5543
84,5543
83,5545
84,5545
73,5547
94,5548
114,5548
91,5550
101,5551
136,5551
79,5552
78,5555
89,5556
120,5558
92,5559
109,5560
12,5561
12,5562
85,5563
86,5564
91,5565
78,5566
83,5567
126,5568
101,5569
100,5570
120,5571
110,5572
75,5573
139,5574
137,5575
80,5576
138,5577
100,5578
94,5579
114,5580
80,5581
81,5582
137,5583
136,5584
114,5585
80,5586
137,5587
85,5588
136,5589
73,5590
136,5591
79,5592
85,5592
85,5593
75,5594
86,5595
83,5596
12,5597
79,5598
127,5599
139,5600
137,5601
85,5602
86,5603
82,5604
83,5605
138,5606
91,5607
101,5608
100,5609
84,5610
111,5611
138,5613
101,5614
83,5622
12,5624
9,5625
9,5626
9,5627
85,5628
85,5629
85,5630
85,5631
9,5632
9,5633
9,5634
2,5635
3,5635
83,5638
79,5639
85,5640
91,5642
95,5643
79,5644
137,5648
91,5649
85,5650
86,5650
83,5651
12,5652
79,5653
76,5654
82,5656
91,5657
85,5658
79,5659
108,5660
2,5661
3,5661
2,5662
3,5662
2,5663
3,5663
76,5664
136,5665
79,5668
95,5673
73,5674
84,5675
79,5676
204,5676
12,5677
85,5678
137,5679
139,5680
137,5682
79,5683
12,5684
85,5685
12,5686
85,5687
86,5688
82,5690
101,5691
80,5694
137,5695
204,5698
96,5699
111,5700
110,5701
79,5702
79,5703
85,5704
12,5705
91,5706
79,5707
136,5708
86,5709
79,5712
91,5715
86,5716
94,5717
114,5718
85,5719
79,5720
91,5721
204,5722
79,5723
91,5726
95,5728
85,5730
79,5731
91,5732
137,5733
79,5735
8,5736
117,5736
85,5737
86,5740
85,5741
12,5742
94,5743
95,5744
91,5745
75,5747
137,5748
91,5749
79,5750
7,5751
94,5752
85,5753
94,5753
96,5753
97,5753
75,5754
85,5755
12,5756
79,5757
96,5760
85,5761
91,5763
95,5764
110,5765
80,5766
96,5767
79,5768
83,5769
91,5770
84,5771
91,5772
83,5773
120,5774
109,5775
85,5776
79,5777
75,5778
91,5779
2,5780
79,5781
81,5783
137,5783
79,5784
75,5786
91,5787
76,5788
76,5789
137,5790
2,5794
85,5795
79,5796
95,5797
114,5797
79,5798
73,5799
85,5801
94,5802
109,5803
114,5804
96,5805
97,5806
94,5807
91,5808
73,5809
79,5810
114,5811
114,5812
97,5813
85,5815
109,5816
79,5821
114,5823
77,5824
79,5825
136,5826
79,5828
101,5829
81,5830
85,5831
75,5832
79,5833
91,5834
86,5835
204,5836
109,5837
86,5838
205,5839
79,5840
114,5841
204,5842
79,5843
95,5844
95,5845
136,5846
80,5847
2,5848
86,5849
2,5850
95,5851
96,5852
93,5853
85,5854
86,5855
91,5856
79,5857
2,5858
12,5859
79,5860
91,5861
79,5862
81,5863
80,5864
137,5864
79,5865
75,5866
12,5868
85,5868
86,5868
204,5868
85,5869
86,5870
79,5871
79,5872
86,5873
85,5874
75,5875
73,5876
76,5877
136,5878
79,5879
91,5880
90,5881
110,5881
91,5882
94,5883
91,5884
73,5885
86,5886
85,5887
136,5888
86,5889
204,5891
99,5893
96,5895
79,5897
80,5898
137,5898
80,5899
79,5900
85,5901
82,5902
83,5903
85,5904
79,5907
7,5908
7,5909
7,5910
91,5912
79,5913
86,5914
91,5915
86,5916
86,5917
73,5918
136,5919
76,5920
79,5921
85,5921
85,5922
79,5923
85,5923
12,5924
85,5925
96,5926
97,5926
95,5927
94,5928
86,5929
2,5930
79,5931
85,5931
79,5932
79,5933
85,5933
204,5934
109,5935
76,5936
136,5939
86,5940
109,5941
79,5942
100,5943
100,5944
76,5945
86,5946
75,5947
75,5948
79,5949
138,5955
79,5956
86,5958
79,5961
94,5964
85,5965
95,5966
96,5967
91,5968
79,5969
96,5970
94,5971
135,5972
2,5973
24,5973
95,5974
101,5975
114,5976
96,5977
82,5978
95,5982
99,5983
83,5985
94,5986
2,5988
79,5989
85,5990
73,5991
109,5992
128,5993
100,5994
90,5995
91,5996
109,5997
91,5998
91,5999
91,6000
85,6001
86,6001
83,6002
84,6003
91,6004
85,6005
79,6006
73,6007
91,6008
95,6009
85,6011
79,6012
110,6013
86,6014
120,6015
85,6016
100,6017
101,6018
136,6019
139,6020
91,6021
101,6022
73,6023
79,6024
95,6025
96,6026
127,6027
91,6028
85,6029
110,6030
100,6031
96,6032
83,6034
84,6035
79,6037
138,6038
76,6039
85,6040
91,6041
12,6042
73,6043
74,6044
75,6045
79,6046
85,6047
111,6048
80,6049
137,6049
85,6050
86,6051
94,6052
114,6053
136,6054
91,6055
85,6056
86,6057
91,6058
95,6059
114,6059
79,6060
85,6060
138,6061
138,6062
101,6063
83,6064
84,6064
73,6065
79,6066
96,6067
114,6068
111,6069
111,6070
2,6071
2,6072
75,6073
86,6074
73,6075
91,6076
79,6077
204,6078
136,6079
94,6080
91,6081
80,6082
137,6083
128,6084
91,6085
77,6086
90,6088
91,6089
91,6090
77,6091
96,6092
204,6093
91,6094
73,6095
77,6096
85,6097
91,6098
95,6099
99,6100
81,6101
85,6102
79,6103
82,6104
91,6105
75,6106
110,6107
85,6108
80,6109
86,6110
91,6111
126,6112
91,6113
86,6114
85,6115
91,6116
80,6117
137,6118
100,6119
108,6120
110,6121
137,6122
73,6123
79,6124
110,6125
101,6126
91,6127
207,6130
207,6131
75,6132
110,6133
137,6134
12,6135
77,6136
207,6137
207,6138
7,6139
7,6140
94,6141
86,6142
91,6143
91,6144
138,6145
91,6146
74,6147
78,6148
101,6149
108,6150
126,6151
91,6152
109,6153
83,6154
85,6155
79,6156
138,6157
73,6158
79,6159
91,6160
91,6161
79,6162
138,6163
2,6164
24,6164
83,6165
84,6166
96,6167
95,6168
79,6169
138,6170
2,6171
24,6171
83,6172
84,6173
96,6174
85,6175
110,6176
2,6177
79,6178
91,6179
138,6180
83,6181
84,6181
91,6182
109,6183
78,6184
90,6185
85,6186
94,6187
95,6187
85,6188
85,6189
94,6190
95,6190
109,6191
12,6192
82,6193
90,6194
83,6195
84,6196
91,6197
84,6198
83,6199
94,6200
95,6200
91,6201
136,6202
126,6203
120,6204
86,6205
95,6206
76,6207
136,6208
101,6209
91,6210
91,6211
75,6212
81,6213
126,6214
101,6215
79,6216
91,6217
100,6218
90,6219
73,6220
12,6221
83,6222
97,6223
79,6224
94,6225
95,6225
91,6226
12,6227
79,6228
91,6229
73,6230
74,6230
76,6231
75,6232
79,6233
205,6234
201,6235
136,6236
137,6237
110,6238
94,6239
95,6240
91,6241
110,6242
7,6243
75,6244
7,6245
12,6246
86,6247
137,6248
74,6249
73,6250
75,6251
81,6252
80,6253
81,6253
137,6253
80,6254
93,6254
95,6254
96,6254
97,6254
100,6255
74,6256
83,6257
78,6258
12,6259
79,6260
85,6261
86,6262
12,6263
79,6264
94,6265
86,6266
85,6267
82,6268
90,6269
120,6270
139,6270
100,6271
101,6272
110,6273
79,6274
83,6275
91,6276
78,6277
120,6278
95,6279
101,6280
110,6281
80,6282
109,6283
80,6284
74,6285
75,6285
120,6286
91,6287
86,6288
100,6289
137,6290
97,6291
12,6292
90,6293
96,6294
86,6295
85,6296
83,6297
85,6298
12,6299
12,6300
83,6301
84,6301
100,6302
90,6303
74,6304
92,6305
96,6306
110,6307
126,6308
92,6309
79,6310
80,6311
137,6311
92,6312
126,6313
92,6314
126,6315
100,6316
101,6317
92,6318
86,6319
100,6320
7,6321
85,6322
12,6323
74,6324
120,6325
12,6326
86,6327
92,6328
100,6329
79,6330
96,6331
101,6332
85,6333
86,6333
83,6334
91,6335
120,6336
79,6337
91,6338
12,6339
80,6339
82,6339
85,6339
86,6339
90,6339
100,6339
101,6339
108,6339
111,6339
120,6339
127,6339
204,6339
101,6340
137,6341
81,6342
90,6343
84,6344
7,6345
7,6346
73,6347
74,6348
79,6349
138,6350
91,6351
73,6352
74,6353
83,6354
84,6355
91,6356
79,6357
138,6358
73,6359
74,6360
76,6361
100,6362
138,6363
84,6364
85,6365
81,6366
101,6367
75,6368
139,6368
120,6369
126,6370
139,6371
74,6372
127,6373
85,6374
12,6375
79,6376
79,6377
138,6378
12,6379
85,6379
83,6380
85,6381
79,6382
138,6382
80,6383
137,6383
12,6384
82,6385
84,6386
137,6387
81,6388
83,6389
75,6390
126,6391
79,6392
85,6393
110,6394
80,6395
137,6395
81,6396
78,6397
88,6398
74,6399
80,6400
83,6401
84,6402
86,6403
83,6404
85,6405
138,6406
76,6407
91,6408
100,6409
207,6410
74,6411
127,6412
91,6413
86,6414
96,6415
86,6416
80,6417
137,6417
91,6418
73,6419
12,6420
81,6421
97,6422
126,6423
128,6424
74,6425
127,6426
75,6427
73,6428
95,6429
96,6430
204,6431
101,6432
204,6432
79,6433
85,6434
12,6435
85,6436
3,6437
79,6438
84,6439
83,6440
127,6441
109,6442
81,6443
73,6444
76,6445
100,6446
79,6447
88,6448
136,6449
91,6450
76,6451
79,6452
75,6453
91,6454
86,6455
97,6456
96,6457
78,6458
80,6458
93,6458
96,6458
97,6458
75,6459
73,6460
137,6461
12,6462
86,6463
96,6464
97,6465
114,6466
12,6467
85,6468
91,6470
138,6471
79,6472
83,6473
84,6474
96,6475
2,6476
83,6477
78,6478
95,6479
24,6480
95,6481
137,6482
83,6483
84,6484
79,6485
138,6486
86,6487
85,6488
94,6489
96,6490
97,6491
75,6492
74,6493
76,6494
91,6495
83,6496
79,6497
138,6498
109,6499
79,6500
83,6501
84,6502
91,6503
127,6504
89,6505
80,6506
137,6507
81,6508
86,6509
82,6510
100,6511
101,6512
85,6513
109,6514
126,6515
127,6516
85,6517
86,6517
82,6518
110,6519
138,6520
83,6521
138,6522
79,6523
91,6524
120,6525
85,6526
79,6527
111,6528
85,6529
79,6530
111,6531
7,6532
85,6533
80,6534
81,6535
23,6536
81,6537
127,6538
126,6539
139,6540
136,6541
108,6542
85,6543
86,6543
91,6544
96,6545
110,6546
23,6547
127,6548
126,6549
139,6550
136,6551
108,6552
85,6553
86,6553
91,6554
96,6555
110,6556
83,6557
84,6557
91,6558
127,6559
75,6560
74,6561
73,6562
76,6563
126,6564
96,6565
85,6566
86,6566
12,6567
82,6568
81,6569
7,6570
84,6571
137,6572
81,6573
100,6574
89,6575
78,6576
91,6577
94,6578
86,6579
91,6580
7,6581
100,6582
80,6583
81,6583
91,6584
7,6585
12,6586
91,6587
91,6588
74,6589
73,6590
75,6591
76,6592
79,6593
100,6594
83,6595
85,6596
12,6597
83,6598
84,6599
138,6600
96,6601
138,6602
91,6603
2,6604
24,6604
2,6605
24,6605
83,6606
96,6607
101,6608
79,6609
138,6610
74,6611
73,6612
87,6613
79,6614
91,6615
74,6616
100,6617
101,6618
110,6619
91,6620
91,6621
86,6622
136,6623
85,6624
100,6625
136,6626
79,6627
73,6628
91,6629
12,6630
81,6631
7,6632
85,6633
91,6634
91,6635
96,6636
97,6637
80,6638
109,6639
12,6640
12,6641
95,6642
96,6643
85,6644
83,6645
84,6646
79,6647
86,6648
137,6649
81,6650
91,6651
95,6652
96,6653
101,6654
85,6655
80,6656
86,6657
85,6658
12,6659
91,6660
85,6661
12,6662
109,6663
91,6664
137,6665
85,6666
137,6667
107,6668
86,6669
85,6670
12,6671
80,6672
79,6673
100,6674
83,6675
100,6675
84,6676
100,6676
91,6677
12,6678
12,6679
91,6680
114,6681
94,6682
83,6683
84,6684
91,6685
85,6686
79,6687
73,6688
75,6689
12,6690
109,6691
73,6692
75,6693
79,6694
91,6695
100,6696
101,6697
92,6698
110,6699
79,6700
79,6701
12,6702
83,6703
91,6704
79,6705
91,6706
135,6709
2,6710
7,6711
91,6712
80,6713
83,6713
94,6713
95,6713
91,6714
79,6715
85,6716
77,6717
86,6718
137,6719
99,6720
96,6721
136,6722
91,6723
95,6724
100,6725
91,6726
86,6729
137,6730
12,6731
79,6732
94,6733
138,6734
86,6735
136,6736
109,6737
94,6738
73,6739
91,6740
95,6741
82,6742
136,6743
101,6744
75,6745
126,6746
96,6747
97,6747
110,6748
109,6749
91,6750
92,6751
80,6752
79,6753
96,6754
208,6755
79,6756
101,6757
79,6758
83,6759
84,6759
109,6760
207,6761
136,6762
12,6763
85,6763
