sector_id,set_id
1,1
9,2
3,3
9,4
9,5
9,6
9,7
9,8
9,9
9,10
9,11
9,12
9,17
9,18
9,19
9,20
9,24
1,26
3,26
9,26
9,27
9,28
9,29
9,30
9,31
9,32
1,36
3,36
9,36
1,37
3,37
1,38
3,38
4,38
5,38
6,38
9,38
11,38
14,38
15,38
21,38
22,38
24,38
1,39
3,39
6,39
22,39
24,39
1,41
3,41
6,41
9,41
17,41
21,41
1,43
3,43
6,43
22,43
24,43
1,44
3,44
6,44
22,44
24,44
1,45
3,45
6,45
22,45
24,45
1,46
3,46
6,46
22,46
24,46
1,47
3,47
6,47
22,47
24,47
1,48
3,48
6,48
22,48
24,48
1,49
3,49
5,49
6,49
9,49
11,49
14,49
21,49
24,49
1,50
3,50
5,50
6,50
9,50
11,50
14,50
15,50
21,50
24,50
1,51
3,51
5,52
6,52
9,52
11,52
14,52
15,52
22,52
24,52
9,56
9,57
9,58
1,59
3,59
5,59
6,59
9,59
11,59
14,59
15,59
24,59
1,61
3,61
5,61
6,61
14,61
15,61
1,63
3,63
5,63
6,63
14,63
15,63
1,64
3,64
5,64
6,64
14,64
15,64
1,71
3,71
6,71
9,71
15,71
22,71
24,71
1,76
3,76
1,77
21,77
21,80
21,81
1,83
5,83
6,83
11,83
14,83
24,83
1,84
5,85
6,85
1,86
5,87
6,87
1,88
5,89
6,89
14,89
23,90
3,91
1,92
22,92
9,93
9,94
9,95
9,96
9,97
9,98
9,99
9,100
9,101
9,106
9,107
9,108
1,109
3,109
9,111
9,112
9,113
5,117
14,117
15,117
5,118
11,118
14,118
15,118
24,118
5,119
14,119
15,119
5,120
6,120
11,120
14,120
1,122
3,122
9,122
1,123
3,123
16,123
1,124
3,124
16,124
21,124
1,125
3,125
16,125
21,125
1,126
3,126
21,126
1,127
3,127
21,127
1,128
3,128
21,128
1,129
3,129
21,129
1,130
3,130
6,130
11,130
14,130
15,130
16,130
21,130
24,130
1,131
3,131
16,132
35,132
38,132
16,133
22,133
38,133
16,134
22,134
1,135
9,135
1,136
9,137
1,140
9,140
1,141
9,141
1,142
3,142
4,142
9,143
9,144
9,147
9,149
9,150
1,152
3,152
21,152
22,152
37,152
1,153
21,153
22,153
1,154
3,154
9,155
9,156
1,158
9,158
16,158
23,158
1,160
5,160
6,160
9,160
14,160
15,160
1,161
5,161
6,161
9,161
14,161
15,161
9,162
9,164
22,165
9,166
1,167
5,167
6,167
9,167
1,168
5,168
6,168
9,168
14,168
15,168
1,171
3,171
9,172
9,173
1,174
9,174
1,179
3,179
5,179
6,179
11,179
15,179
21,179
24,179
1,180
3,180
5,180
6,180
11,180
15,180
21,180
24,180
1,182
3,182
5,182
6,182
11,182
15,182
21,182
24,182
1,183
1,184
3,184
6,184
9,184
11,184
14,184
24,184
2,185
9,185
2,186
9,186
1,187
5,187
6,187
9,187
11,187
14,187
15,187
21,187
24,187
1,188
5,188
6,188
9,188
11,188
14,188
15,188
21,188
24,188
9,189
1,190
9,191
1,192
3,192
1,193
3,193
1,194
3,194
1,195
3,195
1,198
3,198
9,206
9,207
9,209
9,210
9,211
9,212
9,213
9,215
9,217
9,219
9,220
9,221
9,223
9,225
9,226
1,228
3,228
5,228
6,228
9,228
11,228
14,228
15,228
24,228
1,229
3,229
5,229
6,229
9,229
11,229
14,229
15,229
24,229
1,230
3,230
5,230
6,230
9,230
11,230
14,230
15,230
24,230
1,231
3,231
5,231
6,231
9,231
11,231
14,231
16,231
21,231
22,231
23,231
9,232
9,233
9,235
9,236
9,238
9,239
1,243
3,243
4,243
6,243
9,243
15,243
21,243
22,243
23,243
25,243
9,246
9,247
9,248
9,249
9,250
9,251
9,252
9,253
9,254
9,255
1,257
3,257
1,258
1,260
2,260
3,260
4,260
5,260
6,260
9,260
11,260
15,260
21,260
22,260
23,260
25,260
9,261
9,263
1,264
2,264
3,264
5,264
9,264
11,264
21,264
22,264
23,264
25,264
1,265
3,265
5,265
6,265
9,265
11,265
21,265
22,265
23,265
25,265
9,266
22,266
23,266
1,267
3,267
6,267
9,267
11,267
21,267
22,267
23,267
25,267
1,268
3,268
5,268
6,268
9,268
11,268
21,268
22,268
1,269
3,269
5,269
6,269
15,269
16,269
21,269
25,269
1,270
3,270
5,270
6,270
15,270
16,270
21,270
25,270
1,271
2,271
3,271
6,271
16,271
21,271
25,271
1,272
2,272
3,272
6,272
16,272
21,272
25,272
1,274
1,275
1,276
1,277
1,280
3,280
15,280
21,280
1,281
3,281
15,281
21,281
1,284
3,284
5,284
6,284
11,284
14,284
15,284
17,284
21,284
24,284
9,285
9,286
9,287
9,289
9,292
9,293
9,294
9,295
9,296
9,297
2,304
9,304
2,307
9,307
2,308
9,308
2,309
9,309
2,310
9,310
2,311
9,311
1,313
3,313
15,313
1,314
3,314
15,314
1,315
3,315
15,315
9,317
9,318
9,319
9,320
9,321
9,322
1,323
1,324
1,325
3,327
15,327
21,327
1,329
3,329
15,329
21,329
1,331
3,331
15,331
21,331
9,335
9,336
9,337
9,338
9,339
9,340
9,341
9,342
1,343
1,344
1,346
1,347
3,347
1,350
3,350
9,351
9,352
1,353
3,353
5,353
6,353
14,353
15,353
1,354
3,354
5,354
6,354
14,354
15,354
9,356
1,357
3,357
5,357
6,357
14,357
15,357
1,358
9,358
9,359
1,360
3,360
1,361
3,361
1,362
3,362
9,364
9,365
9,366
9,367
9,368
9,369
9,370
9,371
1,372
3,372
5,372
6,372
11,372
20,372
21,372
9,374
9,375
9,376
9,377
9,378
9,379
9,380
9,381
9,382
9,383
9,386
9,387
9,388
9,389
9,394
9,395
9,396
1,400
3,400
15,400
22,400
1,401
3,401
15,401
22,401
1,402
3,402
15,402
22,402
1,403
3,403
15,403
22,403
1,404
3,404
15,404
22,404
1,405
3,405
15,405
22,405
1,406
3,406
15,406
21,406
1,407
3,407
15,407
21,407
1,409
3,409
15,409
21,409
1,410
3,410
15,410
21,410
1,411
3,411
15,411
21,411
9,412
9,413
9,414
9,415
1,431
3,431
1,432
2,432
3,432
5,432
14,432
15,432
16,432
1,434
4,434
8,434
10,434
9,435
9,439
9,440
1,441
2,441
3,441
11,441
21,441
1,443
2,443
3,443
11,443
14,443
21,443
1,444
3,444
6,444
11,444
21,444
1,445
5,445
11,445
9,447
1,448
3,448
5,448
6,448
9,448
11,448
14,448
15,448
1,450
3,450
5,450
6,450
11,450
14,450
15,450
1,451
3,451
5,451
14,451
21,451
25,451
9,453
25,453
9,454
25,454
9,455
25,455
9,456
25,456
9,458
1,459
15,459
9,461
9,468
1,469
3,469
15,469
2,470
9,470
16,470
9,471
9,472
1,474
9,474
15,474
21,474
2,475
9,475
16,475
1,476
9,476
1,477
9,477
1,478
9,478
9,480
9,482
9,483
9,484
9,486
9,487
1,488
3,488
9,488
1,489
3,489
9,489
5,490
6,490
11,490
14,490
17,490
23,490
5,491
6,491
11,491
14,491
17,491
23,491
9,492
1,493
9,494
16,494
23,494
25,494
9,501
23,501
1,502
3,502
5,502
6,502
11,502
14,502
15,502
21,502
24,502
1,505
3,505
1,508
9,508
9,509
9,511
9,512
9,514
9,515
9,516
9,517
9,518
9,519
9,520
1,521
3,521
5,521
6,521
9,521
11,521
14,521
15,521
17,521
21,521
9,522
9,523
9,524
9,525
9,526
9,528
9,529
9,531
9,532
1,533
3,533
5,533
6,533
14,533
15,533
21,533
1,534
3,534
5,534
6,534
14,534
15,534
21,534
1,535
3,535
5,535
6,535
14,535
15,535
21,535
1,536
3,536
5,536
6,536
14,536
15,536
21,536
1,538
3,538
5,538
6,538
14,538
15,538
21,538
1,539
3,539
5,539
6,539
14,539
15,539
21,539
9,540
21,540
9,541
21,541
1,545
3,545
1,546
3,546
9,547
9,548
9,549
9,550
9,551
9,552
9,553
9,554
9,556
9,557
9,558
9,559
9,560
9,561
9,562
9,563
9,565
1,567
1,568
3,568
1,569
3,569
6,570
23,570
6,571
23,571
6,572
23,572
9,579
9,580
9,581
9,582
9,583
9,584
9,586
9,587
9,588
1,595
3,595
5,595
6,595
14,595
15,595
1,596
3,596
5,596
6,596
14,596
15,596
1,597
3,597
5,597
6,597
14,597
15,597
1,598
3,598
5,598
6,598
14,598
15,598
9,602
9,603
9,604
9,605
9,606
9,607
9,609
16,609
2,610
9,610
16,610
9,615
9,616
9,617
9,618
9,619
9,620
1,623
3,623
15,623
1,624
3,624
15,624
2,628
9,628
2,629
9,629
2,630
9,630
2,631
9,631
9,632
1,633
3,633
5,633
6,633
11,633
14,633
15,633
1,634
3,634
5,634
6,634
9,634
11,634
14,634
15,634
9,635
9,637
9,640
9,641
9,642
9,643
9,644
9,645
1,646
3,646
1,648
3,648
15,648
1,649
3,649
15,649
1,650
3,650
15,650
9,652
9,653
9,654
9,655
9,656
9,657
9,658
9,659
9,660
9,661
9,662
2,663
9,663
22,663
2,664
9,664
22,664
2,665
9,665
22,665
2,666
9,666
22,666
9,668
9,669
9,670
1,674
3,674
15,674
1,676
21,676
9,677
9,678
9,679
9,680
9,681
9,682
9,683
21,692
9,693
22,693
23,693
9,694
22,694
23,694
9,695
22,695
23,695
9,696
22,696
23,696
1,697
3,697
21,697
1,698
3,698
21,698
9,699
9,700
9,701
2,703
9,703
2,704
9,704
2,705
9,705
2,706
9,706
2,707
9,707
2,708
9,708
2,709
9,709
2,710
9,710
2,711
9,711
1,712
1,713
1,714
1,715
1,716
1,717
1,718
1,719
1,720
1,721
1,722
1,723
1,724
1,725
1,726
1,727
1,728
1,729
1,730
3,730
15,730
1,731
3,731
15,731
1,732
3,732
15,732
21,734
21,735
21,736
21,737
21,738
1,739
3,739
5,739
6,739
14,739
15,739
1,740
3,740
5,740
6,740
14,740
15,740
1,743
9,743
1,744
9,744
1,746
5,746
6,746
14,746
15,746
1,747
5,747
6,747
14,747
15,747
1,748
5,748
6,748
14,748
15,748
1,749
5,749
6,749
14,749
15,749
1,750
5,750
6,750
14,750
15,750
1,751
5,751
6,751
14,751
15,751
1,752
5,752
6,752
14,752
15,752
1,753
5,753
6,753
14,753
15,753
1,754
5,754
6,754
14,754
15,754
1,755
5,755
6,755
14,755
15,755
1,756
5,756
6,756
14,756
15,756
1,757
5,757
6,757
14,757
15,757
1,758
5,758
6,758
9,758
11,758
14,758
15,758
21,758
24,758
9,759
1,760
5,760
6,760
11,760
14,760
21,760
24,760
2,761
9,761
16,761
2,762
9,762
16,762
2,763
9,763
16,763
9,766
22,766
23,766
9,768
22,768
23,768
9,771
9,772
9,773
2,776
9,776
9,777
1,779
3,779
5,779
6,779
11,779
21,779
24,779
9,783
9,784
9,785
9,786
9,787
23,787
9,788
23,788
1,795
1,804
3,804
5,804
6,804
14,804
15,804
1,805
3,805
5,805
6,805
14,805
15,805
1,806
3,806
5,806
6,806
14,806
15,806
1,807
3,807
5,807
6,807
14,807
15,807
1,809
3,809
5,809
6,809
14,809
15,809
1,817
3,817
5,817
6,817
11,817
14,817
15,817
16,817
21,817
9,820
9,821
9,822
9,824
9,825
9,826
1,832
3,832
5,832
6,832
11,832
15,832
24,832
1,833
3,833
5,833
6,833
11,833
15,833
24,833
9,840
23,840
9,842
23,842
9,843
23,843
9,845
23,845
9,846
23,846
9,847
23,847
9,848
23,848
9,849
23,849
9,850
23,850
9,851
9,852
9,854
9,856
9,857
23,857
9,859
23,859
9,860
23,860
9,861
23,861
9,863
23,863
1,864
3,864
15,864
1,865
3,865
15,865
1,866
3,866
15,866
1,867
3,867
15,867
1,868
3,868
15,868
9,869
9,870
9,872
1,876
3,876
4,876
8,876
10,876
21,876
1,878
3,878
4,878
8,878
10,878
21,878
9,879
9,880
9,881
9,882
9,883
9,884
9,885
1,886
9,887
22,890
9,891
9,892
9,894
9,896
1,899
3,899
15,899
1,900
3,900
15,900
1,901
3,901
15,901
1,902
3,902
15,902
1,903
3,903
1,904
3,904
1,905
3,905
1,906
3,906
9,907
9,916
9,917
9,918
9,919
9,924
9,925
9,926
9,927
9,928
9,929
9,930
1,931
1,932
1,935
9,936
9,937
9,938
9,939
9,941
9,942
9,950
9,957
9,958
9,959
9,964
9,965
9,966
9,967
9,968
1,978
3,978
15,978
1,979
3,979
15,979
1,980
3,980
15,980
1,981
3,981
15,981
1,982
3,982
15,982
1,984
3,984
15,984
1,985
3,985
15,985
9,987
9,991
9,992
9,993
9,994
9,995
9,1007
9,1008
9,1009
9,1010
9,1011
1,1017
15,1017
1,1018
15,1018
1,1019
15,1019
1,1020
15,1020
1,1021
15,1021
1,1022
3,1022
5,1022
6,1022
11,1022
24,1022
1,1023
3,1023
5,1023
6,1023
11,1023
24,1023
1,1024
3,1024
5,1024
6,1024
11,1024
24,1024
9,1025
9,1026
9,1027
9,1028
9,1029
9,1030
9,1031
9,1032
21,1040
9,1043
16,1043
1,1044
3,1044
16,1044
5,1045
6,1045
11,1045
14,1045
15,1045
16,1045
21,1045
9,1050
1,1051
3,1051
15,1051
1,1055
3,1055
15,1055
1,1056
3,1056
15,1056
9,1057
9,1058
9,1059
9,1060
9,1061
9,1062
9,1069
9,1070
9,1072
9,1073
1,1074
2,1074
3,1074
6,1074
9,1074
11,1074
16,1074
21,1074
1,1075
1,1076
9,1077
9,1078
1,1080
1,1081
3,1081
6,1081
9,1081
11,1081
22,1081
24,1081
9,1082
9,1086
1,1087
2,1087
3,1087
6,1087
11,1087
15,1087
21,1087
24,1087
9,1088
9,1089
9,1091
1,1094
3,1094
5,1094
6,1094
9,1094
11,1094
21,1094
24,1094
9,1095
9,1096
9,1097
9,1098
9,1103
9,1110
9,1111
9,1113
9,1114
1,1115
3,1115
6,1115
15,1115
1,1116
3,1116
6,1116
15,1116
1,1117
3,1117
6,1117
15,1117
9,1118
1,1119
5,1120
6,1120
14,1120
9,1121
9,1122
11,1128
1,1129
5,1129
14,1129
11,1130
1,1133
3,1133
6,1133
15,1133
21,1133
9,1134
1,1137
3,1137
6,1137
15,1137
21,1137
22,1137
1,1141
3,1141
6,1141
15,1141
21,1141
1,1142
3,1142
6,1142
15,1142
21,1142
9,1143
9,1145
9,1146
9,1148
9,1149
9,1150
9,1151
9,1152
9,1153
9,1156
22,1156
23,1156
9,1157
22,1157
23,1157
9,1158
9,1159
9,1160
1,1162
1,1163
1,1165
2,1165
3,1165
5,1165
6,1165
11,1165
15,1165
24,1165
1,1166
3,1166
5,1166
6,1166
11,1166
15,1166
24,1166
1,1167
3,1167
5,1167
6,1167
11,1167
15,1167
24,1167
1,1168
3,1168
5,1168
6,1168
11,1168
15,1168
24,1168
1,1169
3,1169
5,1169
6,1169
11,1169
15,1169
24,1169
1,1170
3,1170
5,1170
6,1170
11,1170
15,1170
24,1170
9,1171
9,1172
1,1173
3,1173
5,1173
6,1173
11,1173
21,1173
1,1174
3,1174
5,1174
6,1174
11,1174
21,1174
9,1175
23,1175
9,1176
23,1176
9,1180
9,1181
9,1182
9,1183
9,1184
9,1185
1,1186
3,1186
1,1187
3,1187
1,1188
3,1188
9,1188
21,1188
1,1192
3,1192
5,1192
11,1192
21,1192
24,1192
1,1193
3,1193
5,1193
11,1193
21,1193
24,1193
1,1194
3,1194
5,1194
11,1194
21,1194
24,1194
1,1195
3,1195
5,1195
11,1195
21,1195
24,1195
1,1197
1,1199
9,1200
9,1202
9,1204
9,1205
9,1206
9,1207
9,1208
9,1209
9,1210
9,1211
9,1212
9,1213
23,1214
1,1217
9,1217
15,1217
9,1222
9,1223
9,1224
9,1225
9,1231
9,1232
9,1233
9,1234
9,1238
9,1243
9,1244
9,1245
9,1247
1,1248
9,1249
9,1250
9,1251
9,1252
9,1253
9,1254
9,1255
9,1256
16,1256
1,1257
3,1257
15,1257
21,1257
1,1258
3,1258
15,1258
21,1258
1,1259
3,1259
15,1259
21,1259
9,1260
9,1261
9,1262
1,1265
3,1265
5,1265
6,1265
11,1265
14,1265
15,1265
21,1265
9,1266
9,1267
9,1268
1,1271
3,1271
6,1271
21,1271
9,1272
9,1273
9,1274
9,1275
21,1277
9,1278
9,1279
9,1280
9,1281
23,1281
9,1282
23,1282
9,1283
9,1284
1,1286
3,1286
5,1286
6,1286
9,1286
11,1286
14,1286
21,1286
24,1286
9,1291
9,1292
9,1295
22,1295
23,1295
1,1297
3,1297
15,1297
9,1305
9,1306
1,1307
3,1307
15,1307
1,1308
3,1308
15,1308
1,1309
3,1309
15,1309
1,1310
3,1310
15,1310
9,1312
9,1313
9,1314
9,1315
9,1317
21,1318
1,1319
3,1319
6,1319
11,1319
15,1319
21,1319
24,1319
1,1320
3,1320
6,1320
11,1320
15,1320
21,1320
24,1320
1,1321
3,1321
6,1321
11,1321
15,1321
21,1321
24,1321
1,1322
3,1322
6,1322
11,1322
15,1322
21,1322
24,1322
1,1323
3,1323
6,1323
11,1323
15,1323
21,1323
24,1323
9,1324
1,1325
9,1325
15,1325
1,1326
9,1326
15,1326
9,1330
9,1331
9,1332
9,1333
9,1334
1,1337
3,1337
9,1337
5,1338
6,1338
11,1338
14,1338
17,1338
23,1338
1,1341
9,1341
15,1341
9,1344
9,1345
1,1347
2,1347
3,1347
5,1347
6,1347
9,1347
11,1347
14,1347
15,1347
21,1347
24,1347
9,1348
2,1349
9,1349
2,1350
9,1350
2,1351
9,1351
1,1355
15,1355
1,1356
15,1356
1,1357
15,1357
9,1358
9,1359
9,1360
9,1361
9,1362
9,1363
9,1364
1,1369
5,1369
6,1369
14,1369
15,1369
1,1370
5,1370
6,1370
14,1370
15,1370
1,1371
5,1371
6,1371
14,1371
15,1371
1,1372
5,1372
6,1372
14,1372
15,1372
9,1373
9,1374
9,1375
9,1377
9,1383
22,1383
9,1384
9,1385
9,1386
2,1387
9,1387
16,1387
9,1388
16,1388
9,1389
9,1390
9,1391
9,1394
9,1395
9,1396
9,1399
9,1400
9,1401
1,1404
3,1404
15,1404
1,1405
3,1405
15,1405
1,1407
3,1407
15,1407
24,1407
1,1408
3,1408
15,1408
24,1408
1,1409
9,1409
15,1409
1,1410
9,1410
15,1410
2,1411
9,1411
16,1411
2,1412
9,1412
16,1412
1,1414
3,1414
6,1414
11,1414
15,1414
22,1414
24,1414
1,1415
3,1415
6,1415
11,1415
15,1415
22,1415
24,1415
1,1416
3,1416
6,1416
11,1416
15,1416
22,1416
24,1416
1,1417
3,1417
6,1417
11,1417
15,1417
22,1417
24,1417
1,1419
3,1419
6,1419
11,1419
15,1419
22,1419
24,1419
1,1420
3,1420
6,1420
11,1420
15,1420
22,1420
24,1420
2,1421
9,1421
16,1421
2,1422
9,1422
16,1422
2,1423
9,1423
16,1423
9,1424
9,1425
9,1426
1,1428
3,1428
15,1428
1,1429
3,1429
15,1429
1,1430
3,1430
15,1430
1,1431
3,1431
15,1431
1,1432
3,1432
15,1432
1,1433
3,1433
15,1433
9,1435
9,1436
9,1437
9,1438
9,1439
9,1440
9,1441
9,1442
9,1443
9,1444
9,1445
9,1446
9,1448
9,1449
1,1454
3,1454
15,1454
1,1456
3,1456
15,1456
1,1463
3,1463
5,1463
14,1463
15,1463
24,1463
9,1464
9,1465
9,1466
9,1467
9,1468
9,1469
9,1470
23,1470
9,1471
9,1472
9,1473
9,1474
9,1475
23,1475
9,1476
23,1476
9,1477
23,1477
9,1478
23,1478
9,1479
9,1480
1,1481
1,1482
1,1484
3,1484
15,1484
21,1484
9,1492
9,1493
9,1494
9,1495
9,1496
9,1497
9,1504
9,1505
9,1507
9,1508
9,1509
9,1510
9,1511
9,1513
9,1514
9,1515
9,1516
9,1519
9,1520
9,1521
9,1522
9,1523
9,1524
9,1525
9,1526
9,1527
9,1528
9,1530
1,1531
3,1531
5,1531
6,1531
14,1531
15,1531
1,1532
3,1532
5,1532
6,1532
14,1532
15,1532
9,1534
9,1535
9,1536
9,1537
1,1538
3,1538
1,1539
3,1539
9,1540
9,1541
9,1542
9,1543
1,1550
3,1550
15,1550
9,1551
9,1552
1,1555
2,1555
3,1555
5,1555
11,1555
14,1555
15,1555
17,1555
24,1555
1,1556
2,1556
3,1556
5,1556
11,1556
14,1556
15,1556
17,1556
24,1556
1,1557
2,1557
3,1557
5,1557
11,1557
14,1557
15,1557
17,1557
24,1557
9,1559
9,1560
9,1562
9,1563
1,1564
5,1564
11,1564
15,1564
1,1565
5,1565
11,1565
15,1565
1,1568
5,1568
11,1568
15,1568
1,1569
5,1569
11,1569
15,1569
9,1570
1,1571
9,1572
1,1573
9,1574
1,1575
1,1576
9,1576
15,1576
1,1577
9,1577
15,1577
9,1578
1,1579
9,1580
1,1581
9,1582
1,1583
1,1585
3,1585
15,1585
21,1585
1,1586
3,1586
15,1586
21,1586
1,1587
3,1587
15,1587
21,1587
9,1589
9,1590
9,1591
9,1592
9,1593
9,1594
9,1595
9,1596
9,1597
9,1598
1,1600
2,1600
3,1600
6,1600
11,1600
15,1600
21,1600
24,1600
1,1602
2,1602
3,1602
6,1602
11,1602
15,1602
21,1602
24,1602
1,1604
2,1604
3,1604
6,1604
11,1604
15,1604
21,1604
24,1604
9,1606
9,1607
9,1608
9,1609
9,1610
9,1611
9,1612
9,1613
9,1614
9,1615
9,1616
9,1617
1,1619
15,1619
9,1621
9,1622
9,1623
9,1624
1,1637
9,1637
9,1638
1,1640
9,1640
1,1641
3,1641
5,1641
14,1641
15,1641
24,1641
1,1642
3,1642
5,1642
14,1642
15,1642
24,1642
1,1643
3,1643
5,1643
14,1643
15,1643
24,1643
1,1644
15,1644
1,1645
15,1645
1,1646
15,1646
1,1647
15,1647
1,1649
15,1649
1,1650
15,1650
9,1651
1,1652
9,1653
9,1654
9,1655
9,1657
1,1658
9,1659
1,1662
9,1662
1,1664
9,1664
1,1665
9,1665
1,1666
9,1666
1,1669
2,1669
3,1669
15,1669
22,1669
1,1670
2,1670
3,1670
15,1670
22,1670
1,1672
2,1672
3,1672
15,1672
22,1672
1,1674
9,1674
15,1674
23,1674
1,1675
9,1675
15,1675
23,1675
1,1677
2,1677
3,1677
5,1677
11,1677
14,1677
15,1677
24,1677
9,1679
2,1680
9,1680
16,1680
9,1681
23,1681
9,1683
22,1683
23,1683
9,1684
22,1684
23,1684
9,1685
22,1685
23,1685
22,1686
1,1687
22,1687
9,1689
9,1690
1,1691
3,1691
1,1692
3,1692
1,1693
3,1693
1,1696
3,1696
15,1696
1,1697
3,1697
15,1697
1,1698
3,1698
15,1698
1,1699
3,1699
15,1699
1,1700
3,1700
5,1700
6,1700
11,1700
14,1700
24,1700
1,1701
3,1701
5,1701
6,1701
11,1701
14,1701
24,1701
1,1702
3,1702
5,1702
6,1702
11,1702
14,1702
24,1702
1,1703
3,1703
5,1703
6,1703
11,1703
14,1703
24,1703
1,1704
3,1704
5,1704
6,1704
11,1704
14,1704
24,1704
1,1705
3,1705
5,1705
6,1705
11,1705
14,1705
24,1705
1,1707
22,1707
1,1708
22,1708
1,1709
1,1710
22,1710
1,1711
22,1712
1,1713
22,1713
1,1714
1,1715
22,1715
1,1716
1,1718
6,1721
9,1721
15,1721
16,1721
20,1721
6,1722
9,1722
15,1722
16,1722
20,1722
9,1723
9,1724
9,1725
9,1726
9,1731
16,1731
22,1731
9,1733
16,1733
22,1733
3,1734
1,1735
3,1735
1,1736
3,1736
1,1737
3,1737
1,1738
3,1738
5,1740
6,1740
11,1740
14,1740
24,1740
5,1741
6,1741
11,1741
14,1741
24,1741
5,1742
6,1742
11,1742
14,1742
24,1742
5,1743
6,1743
11,1743
14,1743
24,1743
5,1744
6,1744
11,1744
14,1744
24,1744
5,1745
6,1745
11,1745
14,1745
24,1745
5,1746
6,1746
11,1746
14,1746
24,1746
5,1747
6,1747
11,1747
14,1747
24,1747
2,1749
9,1749
16,1749
22,1749
1,1750
1,1755
3,1755
5,1755
6,1755
11,1755
14,1755
24,1755
6,1756
9,1756
15,1756
16,1756
20,1756
22,1757
1,1758
3,1758
5,1758
6,1758
9,1758
11,1758
21,1758
22,1758
1,1759
3,1759
5,1759
6,1759
9,1759
11,1759
21,1759
22,1759
9,1760
22,1760
23,1760
9,1761
22,1761
23,1761
9,1762
1,1763
3,1763
6,1763
9,1763
24,1763
9,1766
3,1767
1,1768
3,1768
5,1768
6,1768
9,1768
11,1768
14,1768
15,1768
21,1768
24,1768
1,1769
3,1769
5,1769
6,1769
9,1769
11,1769
14,1769
15,1769
21,1769
24,1769
9,1770
23,1770
9,1771
23,1771
9,1772
23,1772
9,1773
23,1773
1,1774
9,1774
9,1775
23,1775
9,1776
23,1776
9,1777
23,1777
9,1779
23,1779
1,1781
9,1781
1,1782
9,1782
3,1784
1,1785
3,1785
5,1785
6,1785
11,1785
9,1786
6,1787
1,1788
14,1788
15,1788
24,1788
1,1790
14,1790
15,1790
24,1790
1,1791
14,1791
15,1791
24,1791
1,1793
14,1793
15,1793
24,1793
1,1796
14,1796
15,1796
24,1796
1,1797
14,1797
15,1797
24,1797
1,1798
14,1798
15,1798
24,1798
1,1799
14,1799
15,1799
24,1799
1,1803
3,1803
5,1803
6,1803
11,1803
1,1806
3,1806
9,1806
21,1806
1,1807
3,1807
4,1807
8,1807
9,1807
10,1807
1,1808
3,1808
1,1813
3,1813
5,1813
6,1813
11,1813
14,1813
15,1813
24,1813
1,1814
3,1814
5,1814
6,1814
11,1814
14,1814
15,1814
24,1814
9,1815
23,1815
9,1816
23,1816
1,1817
9,1817
1,1818
3,1818
9,1818
21,1818
1,1819
9,1820
9,1821
9,1822
21,1823
1,1824
6,1824
9,1824
16,1824
23,1824
25,1824
1,1825
6,1825
9,1825
16,1825
23,1825
25,1825
1,1826
5,1826
6,1826
16,1826
22,1826
24,1826
1,1827
5,1827
6,1827
16,1827
22,1827
24,1827
1,1828
5,1828
6,1828
16,1828
22,1828
24,1828
1,1829
5,1829
6,1829
16,1829
22,1829
24,1829
1,1830
5,1830
6,1830
16,1830
22,1830
24,1830
1,1831
5,1831
6,1831
16,1831
22,1831
24,1831
9,1832
9,1833
9,1834
9,1835
9,1836
9,1837
9,1838
9,1839
9,1840
9,1841
1,1842
3,1842
21,1842
1,1843
3,1843
21,1843
9,1845
9,1846
1,1849
3,1849
16,1849
21,1849
25,1849
9,1850
9,1851
1,1852
3,1852
6,1852
11,1852
14,1852
15,1852
21,1852
1,1853
3,1853
6,1853
15,1853
1,1854
3,1854
5,1854
6,1854
14,1854
15,1854
21,1854
1,1855
3,1855
6,1855
15,1855
21,1855
1,1856
3,1856
6,1856
14,1856
15,1856
21,1856
1,1857
3,1857
6,1857
14,1857
15,1857
21,1857
1,1858
3,1858
6,1858
11,1858
15,1858
21,1858
1,1859
3,1859
14,1859
15,1859
21,1859
9,1860
22,1860
23,1860
2,1861
9,1861
22,1861
23,1861
2,1862
9,1862
22,1862
23,1862
2,1864
9,1864
22,1864
23,1864
1,1868
3,1868
5,1868
6,1868
11,1868
21,1868
24,1868
9,1870
9,1871
9,1872
9,1873
1,1875
3,1875
1,1876
3,1876
1,1877
3,1877
1,1878
3,1878
9,1880
9,1881
9,1882
9,1883
9,1884
9,1886
9,1887
9,1888
9,1889
1,1890
4,1890
21,1890
1,1891
3,1891
21,1891
1,1892
3,1892
21,1892
1,1893
9,1893
21,1893
1,1894
3,1894
9,1894
15,1894
1,1895
3,1895
9,1895
15,1895
1,1896
1,1897
3,1897
21,1897
9,1899
9,1900
9,1901
9,1902
9,1903
1,1904
9,1905
9,1906
9,1907
9,1908
1,1909
9,1909
1,1910
9,1911
1,1912
1,1913
3,1913
5,1913
6,1913
11,1913
14,1913
15,1913
17,1913
21,1913
24,1913
1,1915
3,1915
5,1915
6,1915
11,1915
14,1915
15,1915
17,1915
21,1915
24,1915
16,1917
9,1923
9,1925
1,1926
1,1927
9,1928
9,1929
9,1930
22,1930
9,1931
22,1931
9,1932
9,1933
9,1934
9,1935
9,1936
1,1937
3,1937
9,1937
1,1938
3,1938
5,1938
6,1938
11,1938
14,1938
15,1938
21,1938
24,1938
9,1939
23,1939
9,1940
23,1940
9,1942
23,1942
9,1943
23,1943
9,1944
23,1944
9,1945
23,1945
9,1946
23,1946
9,1947
23,1947
1,1948
3,1948
15,1948
21,1948
9,1949
1,1950
3,1950
5,1951
6,1951
2,1952
9,1952
22,1952
23,1952
2,1953
9,1953
22,1953
23,1953
2,1954
9,1954
22,1954
23,1954
9,1955
22,1955
23,1955
1,1956
5,1956
6,1956
11,1956
17,1956
22,1956
23,1956
24,1956
9,1957
22,1957
23,1957
1,1958
9,1958
1,1959
9,1959
5,1961
11,1961
14,1961
15,1961
17,1961
21,1961
24,1961
9,1963
22,1963
9,1964
22,1964
9,1966
22,1966
9,1969
22,1969
9,1970
1,1971
6,1971
21,1971
3,1972
1,1973
3,1973
9,1973
1,1974
9,1974
5,1975
6,1975
14,1975
24,1975
23,1976
1,1977
9,1977
5,1978
14,1978
24,1978
23,1979
1,1981
3,1981
5,1981
9,1981
11,1981
21,1981
24,1981
1,1985
3,1985
5,1985
6,1985
9,1985
11,1985
14,1985
15,1985
21,1985
23,1985
24,1985
1,1989
1,1990
9,1991
9,1992
9,1993
9,1995
9,1996
9,1998
2,1999
9,1999
16,1999
2,2000
9,2000
16,2000
2,2001
9,2001
16,2001
2,2002
9,2002
16,2002
9,2003
1,2004
3,2004
5,2004
9,2005
1,2006
9,2007
1,2008
3,2008
22,2008
9,2009
9,2010
9,2011
9,2012
1,2013
9,2013
15,2013
9,2014
9,2015
1,2016
1,2017
21,2017
9,2018
1,2019
3,2019
21,2019
5,2020
6,2020
11,2020
14,2020
15,2020
9,2021
1,2022
6,2022
9,2023
23,2023
9,2024
23,2024
9,2025
23,2025
9,2027
1,2028
5,2028
14,2028
15,2028
9,2029
1,2031
3,2031
5,2031
6,2031
9,2031
11,2031
21,2031
24,2031
9,2032
9,2033
1,2034
3,2034
5,2034
6,2034
9,2035
1,2037
3,2037
9,2038
1,2039
3,2039
6,2039
21,2039
24,2039
5,2040
6,2040
11,2040
1,2041
3,2041
9,2041
9,2042
9,2043
1,2044
3,2044
5,2044
6,2044
11,2044
21,2044
24,2044
9,2045
1,2046
3,2046
5,2046
6,2046
11,2046
21,2046
24,2046
9,2047
1,2049
3,2049
5,2049
11,2049
14,2049
21,2049
6,2050
1,2051
3,2051
5,2051
11,2051
14,2051
21,2051
6,2052
1,2053
3,2053
6,2053
24,2053
1,2054
3,2054
6,2054
24,2054
1,2055
3,2055
6,2055
24,2055
1,2056
3,2056
6,2056
24,2056
1,2057
3,2057
6,2057
24,2057
1,2058
3,2058
6,2058
24,2058
1,2059
3,2059
5,2059
6,2059
11,2059
16,2059
21,2059
16,2060
1,2061
9,2061
9,2062
9,2063
1,2064
1,2065
3,2065
9,2066
9,2067
9,2068
9,2070
9,2071
1,2072
3,2072
5,2072
6,2072
11,2072
14,2072
15,2072
17,2072
21,2072
24,2072
1,2073
3,2073
5,2073
6,2073
11,2073
14,2073
15,2073
17,2073
21,2073
24,2073
1,2074
3,2074
5,2074
6,2074
11,2074
14,2074
17,2074
21,2074
24,2074
1,2075
3,2075
5,2075
6,2075
11,2075
14,2075
17,2075
21,2075
24,2075
1,2076
3,2076
21,2076
1,2081
3,2081
21,2081
9,2083
16,2083
9,2085
16,2085
9,2086
23,2086
9,2087
23,2087
9,2088
23,2088
9,2089
23,2089
9,2090
23,2090
9,2091
23,2091
9,2092
9,2093
1,2094
3,2094
21,2094
1,2095
5,2095
6,2095
9,2095
14,2095
15,2095
1,2097
9,2097
9,2098
9,2099
9,2100
9,2102
9,2104
9,2105
1,2106
5,2106
6,2106
9,2106
14,2106
15,2106
1,2107
5,2107
6,2107
9,2107
14,2107
15,2107
1,2108
2,2108
3,2108
16,2108
2,2109
9,2109
16,2109
1,2110
5,2110
6,2110
9,2110
14,2110
15,2110
1,2111
5,2111
6,2111
9,2111
14,2111
15,2111
1,2112
5,2112
6,2112
9,2112
14,2112
15,2112
1,2113
5,2113
6,2113
9,2113
14,2113
15,2113
1,2114
3,2114
9,2114
9,2115
9,2116
9,2118
9,2121
1,2122
1,2123
3,2123
5,2123
11,2123
14,2123
24,2123
1,2124
3,2124
5,2124
6,2124
14,2124
9,2131
1,2132
6,2132
9,2133
22,2133
23,2133
1,2134
3,2134
5,2134
6,2134
9,2134
14,2134
1,2135
3,2135
5,2135
6,2135
9,2135
14,2135
2,2136
16,2136
2,2137
16,2137
2,2138
16,2138
1,2139
3,2139
5,2139
6,2139
14,2139
15,2139
9,2141
22,2141
23,2141
9,2142
16,2142
2,2143
9,2143
1,2144
6,2144
9,2144
9,2145
9,2148
9,2149
9,2150
9,2151
2,2152
9,2152
2,2153
9,2153
2,2154
9,2154
2,2155
9,2155
9,2157
9,2158
9,2159
9,2161
9,2162
23,2162
1,2165
9,2165
16,2165
22,2165
1,2166
9,2166
16,2166
22,2166
1,2168
2,2168
3,2168
5,2168
6,2168
11,2168
14,2168
15,2168
17,2168
20,2168
21,2168
24,2168
25,2168
1,2169
3,2169
5,2169
6,2169
11,2169
20,2169
21,2169
1,2170
3,2170
5,2170
6,2170
11,2170
20,2170
21,2170
1,2172
5,2172
6,2172
9,2172
11,2172
14,2172
17,2172
24,2172
1,2174
9,2174
9,2176
3,2177
1,2179
1,2180
6,2180
9,2182
9,2183
9,2184
9,2185
9,2186
9,2187
9,2188
22,2188
23,2188
1,2189
3,2189
9,2190
22,2190
23,2190
9,2191
22,2191
23,2191
1,2192
3,2192
9,2193
9,2194
9,2195
9,2196
1,2198
1,2199
3,2199
9,2200
9,2201
9,2202
9,2203
9,2204
23,2204
9,2205
23,2205
9,2206
23,2206
9,2207
23,2207
9,2208
23,2208
9,2209
9,2212
9,2214
2,2216
9,2216
16,2216
22,2216
9,2217
22,2217
9,2218
9,2219
22,2219
9,2220
22,2220
9,2224
1,2228
5,2228
6,2228
14,2228
15,2228
9,2229
9,2230
9,2231
9,2232
9,2233
9,2234
9,2235
22,2235
9,2236
22,2236
9,2237
22,2237
9,2238
22,2238
1,2243
3,2243
1,2245
2,2245
1,2246
2,2246
9,2251
1,2252
5,2253
11,2253
14,2253
24,2253
1,2254
3,2254
15,2254
9,2260
22,2260
9,2261
22,2261
9,2262
22,2262
9,2263
22,2263
9,2264
22,2264
1,2265
5,2265
6,2265
14,2265
15,2265
1,2266
5,2266
6,2266
14,2266
15,2266
1,2267
5,2267
6,2267
14,2267
15,2267
1,2268
5,2268
6,2268
14,2268
15,2268
1,2269
5,2269
6,2269
14,2269
15,2269
1,2270
5,2270
6,2270
14,2270
15,2270
9,2271
9,2273
9,2274
9,2275
9,2276
9,2277
22,2277
23,2277
9,2278
9,2279
9,2280
9,2281
9,2282
22,2282
23,2282
9,2283
22,2283
9,2284
22,2284
9,2285
22,2285
1,2286
1,2287
1,2288
1,2289
1,2293
3,2293
1,2294
3,2294
1,2295
3,2295
2,2296
9,2296
1,2297
3,2297
14,2297
16,2297
9,2298
1,2304
9,2305
1,2306
15,2306
1,2307
15,2307
9,2313
1,2314
3,2314
5,2314
6,2314
11,2314
14,2314
15,2314
17,2314
21,2314
24,2314
1,2315
1,2316
3,2316
21,2316
1,2317
9,2318
22,2318
9,2319
9,2320
9,2321
9,2322
9,2325
9,2327
9,2328
9,2329
9,2330
9,2331
9,2333
9,2334
9,2335
1,2336
1,2337
1,2339
3,2339
5,2339
6,2339
14,2339
15,2339
1,2340
3,2340
5,2340
6,2340
14,2340
15,2340
9,2341
9,2342
23,2342
9,2343
23,2343
9,2344
23,2344
9,2346
23,2346
9,2347
9,2349
1,2350
9,2350
15,2350
9,2351
9,2355
1,2356
3,2356
5,2356
6,2356
9,2356
11,2356
14,2356
21,2356
24,2356
1,2357
3,2357
1,2358
3,2358
6,2358
9,2358
21,2358
1,2359
3,2359
6,2359
9,2359
21,2359
1,2360
2,2360
3,2360
16,2360
22,2360
1,2361
2,2361
3,2361
20,2361
21,2361
25,2361
1,2362
2,2362
3,2362
20,2362
21,2362
25,2362
1,2363
9,2363
15,2363
1,2365
9,2365
15,2365
1,2366
2,2366
3,2366
24,2366
25,2366
1,2367
3,2367
21,2367
24,2367
25,2367
9,2368
1,2369
2,2369
3,2369
5,2369
6,2369
11,2369
16,2369
24,2369
25,2369
1,2370
2,2370
3,2370
21,2370
24,2370
25,2370
1,2372
2,2372
16,2372
1,2373
3,2373
5,2373
6,2373
14,2373
17,2373
24,2373
1,2374
3,2374
5,2374
6,2374
14,2374
17,2374
24,2374
11,2376
11,2377
1,2378
3,2378
5,2378
6,2378
9,2378
11,2378
21,2378
22,2378
23,2378
24,2378
1,2379
16,2379
9,2380
1,2381
5,2381
6,2381
9,2381
22,2381
23,2381
1,2382
5,2382
6,2382
9,2382
22,2382
23,2382
1,2383
5,2383
6,2383
9,2383
22,2383
23,2383
9,2390
22,2390
1,2391
15,2391
9,2392
22,2392
9,2393
23,2393
6,2394
1,2395
3,2395
5,2395
6,2395
9,2395
11,2395
21,2395
23,2395
24,2395
9,2396
9,2397
22,2397
1,2398
9,2399
9,2400
9,2401
16,2401
9,2402
1,2403
9,2403
15,2403
21,2403
2,2404
9,2404
23,2404
2,2405
9,2405
23,2405
9,2408
9,2409
1,2410
3,2410
9,2410
24,2410
9,2412
9,2413
9,2414
9,2415
9,2416
1,2417
3,2418
9,2429
1,2430
1,2431
2,2431
9,2431
1,2432
2,2432
9,2432
1,2433
2,2433
9,2433
1,2434
2,2434
9,2434
1,2435
2,2435
9,2435
23,2436
23,2437
23,2438
23,2439
23,2440
9,2446
16,2446
9,2447
22,2447
23,2447
9,2448
22,2448
23,2448
1,2449
5,2449
9,2449
15,2449
22,2449
23,2449
1,2451
6,2451
9,2451
15,2451
22,2451
23,2451
9,2452
23,2452
1,2453
6,2453
15,2453
22,2453
1,2454
6,2454
9,2454
15,2454
22,2454
23,2454
1,2455
6,2455
9,2455
15,2455
22,2455
23,2455
1,2456
3,2456
5,2456
6,2456
11,2456
14,2456
15,2456
24,2456
9,2457
22,2457
1,2458
3,2458
21,2458
9,2459
1,2460
5,2460
6,2460
9,2460
11,2460
22,2460
23,2460
9,2461
23,2461
1,2462
3,2462
5,2462
6,2462
9,2462
11,2462
14,2462
15,2462
21,2462
22,2462
24,2462
1,2463
3,2463
5,2463
6,2463
11,2463
14,2463
15,2463
21,2463
22,2463
24,2463
9,2464
23,2464
9,2469
1,2470
5,2470
6,2470
9,2470
11,2470
14,2470
15,2470
17,2470
21,2470
24,2470
1,2471
5,2471
6,2471
9,2471
11,2471
14,2471
15,2471
17,2471
21,2471
24,2471
1,2472
5,2472
6,2472
9,2472
11,2472
14,2472
15,2472
17,2472
21,2472
24,2472
1,2473
3,2473
9,2473
21,2473
22,2473
23,2473
1,2474
1,2475
3,2475
4,2475
8,2475
9,2475
10,2475
21,2475
1,2476
3,2476
5,2476
6,2476
1,2477
3,2477
5,2477
6,2477
1,2478
3,2478
5,2478
6,2478
1,2479
3,2479
5,2479
6,2479
1,2480
3,2480
5,2480
6,2480
1,2481
3,2481
5,2481
6,2481
1,2482
3,2482
5,2482
6,2482
11,2482
14,2482
15,2482
21,2482
24,2482
9,2483
22,2483
23,2483
9,2485
22,2485
23,2485
9,2486
22,2486
23,2486
9,2487
22,2487
23,2487
9,2488
22,2488
23,2488
9,2489
22,2489
23,2489
1,2493
15,2493
1,2494
9,2494
15,2494
9,2495
9,2496
9,2497
9,2498
9,2499
9,2500
9,2502
22,2502
23,2502
9,2503
22,2503
23,2503
9,2504
22,2504
23,2504
9,2505
22,2505
23,2505
1,2506
6,2506
9,2509
22,2509
23,2509
9,2510
22,2510
23,2510
9,2511
22,2511
23,2511
2,2512
9,2512
16,2512
22,2512
23,2512
1,2515
3,2515
6,2515
11,2515
15,2515
24,2515
1,2516
3,2516
6,2516
11,2516
15,2516
24,2516
1,2518
3,2518
6,2518
11,2518
15,2518
24,2518
1,2520
3,2520
9,2520
9,2521
9,2532
9,2533
9,2534
1,2541
3,2541
9,2541
15,2541
21,2541
1,2542
9,2542
1,2544
9,2544
9,2547
1,2548
3,2548
6,2548
11,2548
14,2548
9,2550
23,2551
22,2552
9,2553
1,2555
3,2555
5,2555
6,2555
11,2555
14,2555
15,2555
22,2555
1,2557
5,2557
6,2557
11,2557
14,2557
15,2557
22,2557
9,2558
9,2559
9,2561
9,2562
9,2564
9,2565
9,2566
1,2568
3,2568
6,2568
9,2568
22,2568
9,2569
1,2570
1,2573
2,2573
3,2573
1,2574
3,2574
5,2574
6,2574
9,2574
14,2574
15,2574
22,2574
1,2575
3,2575
5,2575
6,2575
9,2575
14,2575
15,2575
22,2575
9,2576
22,2576
1,2577
3,2577
5,2577
6,2577
9,2577
14,2577
15,2577
22,2577
1,2578
3,2578
5,2578
6,2578
9,2578
14,2578
15,2578
22,2578
22,2583
22,2584
22,2585
2,2586
9,2586
9,2587
1,2588
1,2589
9,2591
2,2592
4,2592
8,2592
9,2592
10,2592
22,2592
9,2593
9,2594
9,2595
1,2599
3,2599
15,2599
1,2600
3,2600
15,2600
1,2602
3,2602
24,2602
1,2603
21,2603
1,2614
2,2619
9,2619
22,2619
9,2621
9,2623
1,2624
3,2624
1,2625
3,2625
24,2625
1,2626
3,2626
15,2626
22,2626
24,2626
1,2627
3,2627
15,2627
22,2627
24,2627
1,2628
3,2628
15,2628
22,2628
24,2628
1,2636
3,2636
6,2636
9,2636
11,2636
24,2636
1,2637
3,2637
5,2637
15,2637
24,2637
1,2638
3,2638
15,2638
1,2639
3,2639
5,2639
6,2639
11,2639
14,2639
15,2639
22,2639
1,2642
15,2642
1,2643
15,2643
22,2648
22,2649
22,2650
1,2651
3,2651
9,2651
1,2652
3,2652
9,2652
9,2655
9,2656
9,2657
9,2658
9,2663
9,2665
16,2666
9,2667
23,2667
9,2668
23,2668
9,2669
23,2669
9,2670
23,2670
1,2672
3,2673
9,2674
22,2674
9,2677
22,2677
9,2678
22,2678
9,2679
22,2679
1,2681
3,2681
15,2681
1,2682
3,2682
15,2682
1,2683
3,2683
15,2683
1,2684
3,2684
15,2684
1,2686
3,2686
15,2686
1,2688
3,2688
15,2688
1,2689
3,2689
15,2689
1,2690
3,2690
15,2690
1,2691
3,2691
15,2691
9,2695
1,2696
3,2696
1,2697
3,2697
15,2697
1,2698
3,2698
15,2698
1,2699
3,2699
5,2699
6,2699
11,2699
14,2699
15,2699
22,2699
24,2699
1,2700
3,2700
5,2700
6,2700
11,2700
14,2700
15,2700
22,2700
24,2700
9,2701
23,2701
9,2702
23,2702
9,2703
23,2703
9,2704
23,2704
9,2705
23,2705
1,2706
9,2706
23,2706
1,2707
9,2707
23,2707
9,2709
22,2709
9,2710
22,2710
9,2711
22,2711
9,2712
22,2712
21,2713
9,2714
22,2714
23,2714
9,2715
22,2715
23,2715
9,2716
22,2716
23,2716
9,2717
22,2717
23,2717
9,2718
22,2718
23,2718
9,2719
22,2719
23,2719
9,2720
22,2720
23,2720
9,2721
22,2721
23,2721
9,2723
22,2723
23,2723
1,2725
3,2725
1,2726
3,2726
9,2726
1,2727
5,2727
6,2727
11,2727
15,2727
16,2727
24,2727
22,2728
1,2729
5,2729
6,2729
11,2729
15,2729
16,2729
24,2729
1,2730
5,2730
6,2730
11,2730
15,2730
16,2730
24,2730
1,2731
5,2731
6,2731
11,2731
15,2731
16,2731
24,2731
1,2732
5,2732
6,2732
11,2732
15,2732
16,2732
24,2732
6,2733
1,2734
2,2734
3,2734
6,2734
15,2734
24,2734
9,2735
23,2735
9,2736
23,2736
9,2737
23,2737
9,2738
23,2738
9,2739
23,2739
9,2740
23,2740
9,2742
23,2742
1,2744
3,2744
15,2744
9,2745
1,2746
3,2746
15,2746
22,2746
9,2747
9,2750
9,2751
23,2752
1,2753
3,2753
5,2753
1,2754
3,2754
5,2754
2,2755
9,2755
9,2758
21,2759
1,2766
3,2766
5,2766
6,2766
14,2766
15,2766
22,2766
9,2767
22,2767
9,2768
22,2768
9,2769
22,2769
9,2770
22,2770
9,2771
22,2771
9,2772
22,2772
9,2773
22,2773
1,2774
3,2774
5,2774
1,2778
3,2778
5,2778
1,2779
3,2779
5,2779
5,2780
9,2781
1,2782
1,2783
2,2783
3,2783
6,2783
14,2783
17,2783
24,2783
9,2784
22,2784
1,2785
3,2785
5,2785
6,2785
9,2785
11,2785
14,2785
15,2785
22,2785
24,2785
1,2786
2,2786
3,2786
5,2786
6,2786
11,2786
14,2786
15,2786
17,2786
21,2786
22,2786
24,2786
9,2787
9,2788
9,2790
9,2792
9,2799
9,2800
9,2801
9,2803
9,2804
9,2805
9,2806
2,2815
9,2815
16,2815
9,2819
9,2825
16,2825
9,2826
16,2826
9,2827
16,2827
9,2828
16,2828
11,2831
9,2832
22,2832
9,2833
22,2833
9,2834
22,2834
9,2835
22,2835
9,2836
22,2836
9,2837
22,2837
5,2838
1,2839
3,2839
15,2839
21,2839
1,2840
3,2840
15,2840
21,2840
1,2841
15,2841
9,2842
1,2843
3,2843
4,2843
8,2843
9,2843
10,2843
11,2843
24,2843
1,2844
3,2844
15,2844
1,2845
3,2845
15,2845
1,2846
3,2846
15,2846
1,2847
3,2847
15,2847
1,2848
3,2848
15,2848
9,2850
22,2850
9,2851
22,2851
9,2854
22,2854
1,2856
3,2856
15,2856
9,2858
2,2860
9,2860
16,2860
2,2861
9,2861
16,2861
1,2862
2,2862
3,2862
6,2862
9,2862
15,2862
16,2862
22,2862
1,2864
2,2864
3,2864
6,2864
9,2864
15,2864
16,2864
22,2864
1,2866
2,2866
3,2866
6,2866
9,2866
15,2866
16,2866
22,2866
9,2875
1,2877
3,2877
6,2877
11,2877
15,2877
21,2877
24,2877
1,2878
3,2878
6,2878
11,2878
15,2878
21,2878
24,2878
1,2879
3,2879
5,2879
9,2879
21,2879
1,2880
9,2880
15,2880
9,2881
1,2889
3,2889
15,2889
1,2890
3,2890
15,2890
1,2891
3,2891
15,2891
1,2892
3,2892
15,2892
1,2893
3,2893
15,2893
9,2894
9,2896
9,2897
9,2898
9,2899
1,2900
3,2900
5,2900
1,2901
3,2901
5,2901
1,2907
3,2907
9,2907
15,2907
1,2908
3,2908
9,2908
15,2908
1,2909
3,2909
9,2909
15,2909
1,2911
3,2911
9,2911
15,2911
1,2912
3,2912
9,2912
15,2912
1,2913
3,2913
9,2913
15,2913
1,2914
3,2914
9,2914
15,2914
1,2915
3,2915
9,2915
15,2915
1,2916
3,2916
9,2916
15,2916
1,2917
3,2917
9,2917
15,2917
1,2918
3,2918
9,2918
15,2918
9,2920
9,2921
9,2922
9,2923
9,2925
9,2926
9,2927
9,2928
9,2929
9,2930
9,2931
1,2932
21,2932
9,2934
9,2935
1,2938
9,2938
15,2938
1,2939
9,2939
15,2939
1,2940
9,2940
15,2940
1,2941
3,2941
9,2941
15,2941
22,2941
1,2942
3,2942
9,2942
15,2942
22,2942
1,2943
3,2943
9,2943
15,2943
22,2943
1,2952
1,2953
1,2954
1,2955
1,2956
1,2957
1,2958
1,2959
9,2959
15,2959
9,2963
9,2967
1,2969
21,2969
9,2970
1,2973
3,2973
1,2974
3,2974
9,2975
22,2975
9,2976
22,2976
9,2977
22,2977
1,2978
3,2978
5,2978
6,2978
11,2978
14,2978
15,2978
21,2978
24,2978
9,2979
9,2980
9,2981
9,2982
9,2983
9,2984
23,2984
9,2985
23,2985
9,2986
9,2987
9,2988
2,2992
9,2992
22,2992
9,2995
9,2996
1,2997
3,2997
9,2997
15,2997
1,2998
3,2998
9,2998
15,2998
1,3000
3,3000
9,3000
15,3000
1,3002
9,3002
15,3002
1,3003
9,3003
15,3003
1,3004
9,3004
15,3004
1,3005
9,3005
15,3005
1,3006
9,3006
15,3006
1,3008
9,3008
15,3008
9,3010
9,3011
1,3014
3,3014
4,3014
8,3014
9,3014
10,3014
9,3021
1,3022
3,3022
9,3022
15,3022
21,3022
9,3023
9,3024
1,3025
3,3025
9,3025
15,3025
21,3025
1,3027
3,3027
1,3028
3,3028
1,3029
3,3029
1,3030
3,3030
1,3031
3,3031
1,3032
3,3032
1,3033
3,3033
1,3043
3,3043
6,3043
9,3043
15,3043
21,3043
9,3044
15,3044
1,3046
3,3046
22,3046
9,3049
9,3050
9,3051
9,3052
22,3053
9,3054
1,3055
3,3055
9,3055
9,3056
9,3057
22,3057
9,3059
22,3059
9,3060
22,3060
9,3063
22,3063
23,3064
9,3065
22,3065
9,3066
22,3066
9,3067
22,3067
9,3068
22,3068
1,3075
3,3075
9,3077
9,3079
9,3083
22,3083
9,3084
22,3084
9,3087
9,3091
2,3092
9,3092
22,3092
9,3095
23,3095
9,3100
9,3101
1,3102
3,3102
22,3102
1,3104
3,3104
22,3104
1,3105
3,3105
22,3105
1,3108
3,3108
22,3108
16,3112
1,3113
1,3114
3,3114
5,3114
1,3115
9,3115
1,3116
9,3125
9,3128
9,3136
1,3137
9,3138
9,3139
9,3140
9,3141
9,3142
9,3143
9,3144
9,3145
9,3146
9,3147
23,3147
1,3148
9,3148
9,3149
1,3151
1,3152
9,3152
9,3153
9,3154
9,3155
1,3157
3,3157
1,3158
3,3158
1,3159
9,3159
1,3160
9,3160
1,3161
1,3162
2,3162
1,3163
9,3165
9,3166
9,3169
9,3171
9,3172
9,3173
9,3174
9,3175
9,3176
9,3177
9,3178
9,3205
23,3205
9,3206
23,3206
9,3207
23,3207
1,3209
1,3221
9,3228
9,3229
9,3230
9,3231
9,3232
9,3233
9,3234
9,3235
9,3236
9,3237
9,3238
1,3239
3,3239
15,3239
22,3239
1,3240
3,3240
15,3240
22,3240
1,3241
3,3241
15,3241
22,3241
1,3242
3,3242
15,3242
22,3242
1,3243
3,3243
15,3243
22,3243
9,3244
22,3244
23,3244
9,3245
22,3245
23,3245
9,3247
1,3249
15,3249
1,3250
3,3250
5,3250
6,3250
11,3250
15,3250
24,3250
1,3251
3,3251
5,3251
6,3251
11,3251
15,3251
24,3251
1,3252
3,3252
5,3252
6,3252
11,3252
15,3252
24,3252
1,3253
5,3253
6,3253
9,3253
11,3253
14,3253
15,3253
17,3253
21,3253
22,3253
24,3253
1,3254
5,3254
6,3254
9,3254
11,3254
14,3254
15,3254
17,3254
21,3254
22,3254
24,3254
1,3255
5,3255
6,3255
9,3255
11,3255
14,3255
15,3255
17,3255
21,3255
22,3255
24,3255
1,3256
5,3256
6,3256
9,3256
11,3256
14,3256
15,3256
17,3256
21,3256
22,3256
24,3256
1,3257
5,3257
6,3257
9,3257
11,3257
14,3257
15,3257
17,3257
21,3257
22,3257
24,3257
9,3258
9,3259
1,3261
15,3261
1,3262
1,3263
3,3263
15,3263
1,3267
2,3267
3,3267
15,3267
24,3267
1,3268
2,3268
3,3268
15,3268
24,3268
1,3269
2,3269
3,3269
15,3269
24,3269
1,3270
2,3270
3,3270
15,3270
24,3270
1,3271
2,3271
3,3271
15,3271
24,3271
1,3272
2,3272
3,3272
15,3272
24,3272
1,3273
3,3273
5,3273
6,3273
14,3273
15,3273
17,3273
21,3273
22,3273
24,3273
1,3274
3,3274
5,3274
6,3274
14,3274
15,3274
17,3274
21,3274
22,3274
24,3274
1,3275
3,3275
5,3275
6,3275
14,3275
15,3275
17,3275
21,3275
22,3275
24,3275
1,3276
3,3276
5,3276
11,3276
15,3276
22,3276
24,3276
1,3277
3,3277
5,3277
11,3277
15,3277
22,3277
24,3277
1,3278
3,3278
5,3278
11,3278
15,3278
22,3278
24,3278
1,3280
3,3280
5,3280
11,3280
15,3280
22,3280
24,3280
1,3281
3,3281
15,3281
1,3282
3,3282
15,3282
1,3283
3,3283
15,3283
1,3284
3,3284
15,3284
1,3285
15,3285
1,3286
3,3286
15,3286
1,3287
3,3287
15,3287
1,3288
3,3288
11,3288
15,3288
24,3288
1,3289
3,3289
11,3289
15,3289
24,3289
1,3290
3,3290
11,3290
15,3290
24,3290
1,3291
3,3291
11,3291
15,3291
24,3291
1,3292
3,3292
11,3292
15,3292
24,3292
1,3293
3,3293
11,3293
15,3293
24,3293
1,3294
3,3294
11,3294
15,3294
24,3294
1,3295
3,3295
11,3295
15,3295
24,3295
2,3296
9,3296
22,3296
2,3297
9,3297
22,3297
2,3298
9,3298
22,3298
9,3299
23,3299
9,3300
23,3300
9,3301
23,3301
9,3302
23,3302
9,3304
23,3304
23,3321
1,3322
3,3322
15,3322
1,3324
3,3324
15,3324
1,3325
3,3325
15,3325
1,3326
3,3326
15,3326
9,3328
23,3328
9,3329
23,3329
9,3330
23,3330
9,3332
9,3335
9,3336
9,3344
22,3344
23,3344
9,3345
22,3345
23,3345
9,3347
23,3347
9,3348
23,3348
9,3349
23,3349
9,3350
23,3350
9,3351
23,3351
1,3352
6,3352
15,3352
21,3352
24,3352
1,3353
3,3353
9,3353
15,3353
21,3353
1,3354
3,3354
9,3354
15,3354
21,3354
1,3355
3,3355
9,3355
15,3355
21,3355
1,3357
3,3357
9,3357
15,3357
21,3357
1,3358
3,3358
9,3358
15,3358
21,3358
1,3361
2,3361
3,3361
5,3361
11,3361
14,3361
15,3361
16,3361
24,3361
1,3363
2,3363
3,3363
5,3363
11,3363
14,3363
15,3363
16,3363
24,3363
1,3364
2,3364
3,3364
5,3364
11,3364
14,3364
15,3364
16,3364
24,3364
1,3365
2,3365
3,3365
5,3365
11,3365
14,3365
15,3365
16,3365
24,3365
1,3366
1,3367
3,3367
5,3367
11,3367
14,3367
15,3367
16,3367
24,3367
1,3368
3,3368
5,3368
11,3368
14,3368
15,3368
16,3368
24,3368
1,3370
3,3370
5,3370
11,3370
14,3370
15,3370
16,3370
24,3370
1,3371
3,3371
5,3371
11,3371
14,3371
15,3371
16,3371
24,3371
1,3372
3,3372
5,3372
11,3372
14,3372
15,3372
16,3372
24,3372
1,3373
3,3373
5,3373
11,3373
14,3373
15,3373
16,3373
24,3373
1,3374
3,3374
5,3374
11,3374
14,3374
15,3374
16,3374
24,3374
9,3375
9,3376
9,3377
9,3378
9,3380
23,3380
9,3381
23,3381
9,3383
23,3383
9,3384
23,3384
9,3385
23,3385
9,3386
23,3386
9,3387
23,3387
9,3388
23,3388
9,3389
23,3389
1,3390
5,3390
6,3390
9,3390
11,3390
14,3390
15,3390
21,3390
22,3390
24,3390
1,3391
5,3391
6,3391
9,3391
11,3391
14,3391
15,3391
21,3391
22,3391
24,3391
1,3392
5,3392
6,3392
9,3392
11,3392
14,3392
15,3392
21,3392
22,3392
24,3392
1,3393
5,3393
6,3393
9,3393
11,3393
14,3393
15,3393
21,3393
22,3393
24,3393
9,3394
9,3395
9,3400
9,3401
1,3407
3,3407
5,3407
11,3407
1,3408
3,3408
5,3408
11,3408
1,3409
3,3409
5,3409
11,3409
1,3410
3,3410
5,3410
11,3410
1,3411
3,3411
5,3411
11,3411
1,3421
15,3421
9,3422
23,3422
9,3423
23,3423
9,3424
23,3424
9,3425
23,3425
6,3426
9,3426
23,3426
9,3427
23,3427
9,3429
23,3429
9,3430
23,3430
9,3431
23,3431
9,3433
23,3433
9,3434
23,3434
1,3436
15,3436
24,3436
1,3444
3,3444
5,3444
6,3444
11,3444
14,3444
15,3444
24,3444
1,3445
3,3445
5,3445
6,3445
15,3445
1,3446
3,3446
15,3446
9,3448
9,3449
9,3450
9,3451
9,3452
1,3453
3,3453
15,3453
1,3454
3,3454
15,3454
1,3455
3,3455
15,3455
16,3455
2,3456
9,3456
16,3456
23,3456
2,3457
9,3457
16,3457
23,3457
2,3463
9,3463
22,3463
2,3464
9,3464
22,3464
2,3466
9,3466
22,3466
2,3467
9,3467
22,3467
2,3468
9,3468
22,3468
1,3473
3,3473
5,3473
6,3473
11,3473
14,3473
15,3473
22,3473
24,3473
1,3474
3,3474
5,3474
6,3474
11,3474
14,3474
15,3474
22,3474
24,3474
9,3476
1,3477
9,3477
9,3478
9,3479
9,3480
9,3481
9,3482
9,3483
2,3485
9,3486
9,3491
1,3493
3,3493
6,3493
15,3493
1,3494
3,3494
6,3494
15,3494
1,3496
3,3496
6,3496
15,3496
9,3509
9,3510
9,3511
9,3512
9,3513
9,3514
9,3516
1,3518
3,3518
15,3518
1,3520
3,3520
15,3520
1,3521
3,3521
15,3521
1,3522
3,3522
15,3522
1,3524
3,3524
15,3524
9,3526
9,3527
9,3528
9,3529
9,3530
9,3531
1,3532
5,3532
6,3532
14,3532
15,3532
1,3533
5,3533
6,3533
14,3533
15,3533
1,3534
5,3534
6,3534
14,3534
15,3534
22,3534
1,3535
5,3535
6,3535
14,3535
15,3535
1,3536
5,3536
6,3536
14,3536
15,3536
1,3537
5,3537
6,3537
14,3537
15,3537
1,3538
5,3538
6,3538
14,3538
15,3538
1,3539
5,3539
6,3539
14,3539
15,3539
1,3540
5,3540
6,3540
14,3540
15,3540
22,3541
1,3543
3,3543
21,3543
9,3544
2,3545
9,3545
9,3546
9,3547
2,3548
9,3548
9,3549
9,3550
9,3551
1,3552
9,3552
16,3552
22,3552
6,3553
23,3553
1,3554
3,3554
5,3554
6,3554
11,3554
14,3554
15,3554
21,3554
22,3554
24,3554
1,3555
3,3555
5,3555
6,3555
11,3555
14,3555
15,3555
21,3555
22,3555
24,3555
9,3559
9,3560
9,3561
9,3562
1,3576
3,3576
11,3576
15,3576
1,3577
3,3577
11,3577
15,3577
21,3579
21,3580
9,3584
9,3585
1,3586
3,3586
5,3586
11,3586
14,3586
15,3586
17,3586
24,3586
1,3587
3,3587
5,3587
6,3587
11,3587
14,3587
15,3587
17,3587
21,3587
22,3587
24,3587
9,3588
22,3588
1,3589
9,3589
15,3589
1,3590
9,3590
15,3590
1,3591
9,3591
15,3591
1,3592
9,3592
15,3592
1,3593
15,3593
1,3594
15,3594
1,3595
15,3595
1,3596
15,3596
1,3597
15,3597
1,3598
15,3598
9,3601
1,3602
2,3602
3,3602
15,3602
21,3602
1,3603
2,3603
3,3603
15,3603
21,3603
1,3605
2,3605
3,3605
15,3605
21,3605
1,3607
2,3607
3,3607
15,3607
21,3607
1,3608
2,3608
3,3608
15,3608
21,3608
1,3609
2,3609
3,3609
15,3609
21,3609
9,3610
3,3616
15,3616
1,3617
3,3617
15,3617
9,3621
9,3622
9,3623
9,3624
9,3625
9,3626
9,3627
9,3628
21,3629
1,3630
3,3630
15,3630
21,3630
1,3632
3,3632
9,3632
15,3632
1,3633
3,3633
9,3633
15,3633
9,3634
9,3635
9,3636
9,3637
1,3639
15,3639
1,3641
5,3641
6,3641
14,3641
1,3650
3,3650
5,3650
6,3650
11,3650
14,3650
15,3650
21,3650
22,3650
24,3650
9,3651
1,3652
3,3652
5,3652
6,3652
11,3652
14,3652
15,3652
21,3652
22,3652
24,3652
1,3658
3,3658
5,3658
11,3658
15,3658
22,3658
24,3658
1,3659
3,3659
5,3659
11,3659
15,3659
22,3659
24,3659
1,3660
3,3660
5,3660
11,3660
15,3660
22,3660
24,3660
1,3661
3,3661
21,3661
1,3662
3,3662
21,3662
9,3663
16,3663
22,3663
9,3664
16,3664
22,3664
9,3665
16,3665
22,3665
1,3667
3,3667
5,3667
6,3667
11,3667
14,3667
15,3667
21,3667
24,3667
1,3668
3,3668
5,3668
6,3668
11,3668
14,3668
15,3668
21,3668
24,3668
1,3669
3,3669
15,3669
9,3670
9,3671
23,3671
1,3672
3,3672
5,3672
6,3672
11,3672
14,3672
15,3672
21,3672
22,3672
24,3672
1,3673
3,3673
5,3673
6,3673
11,3673
14,3673
15,3673
21,3673
22,3673
24,3673
1,3674
3,3674
5,3674
6,3674
11,3674
14,3674
15,3674
21,3674
22,3674
24,3674
1,3675
2,3675
3,3675
5,3675
11,3675
14,3675
15,3675
16,3675
24,3675
1,3676
2,3676
3,3676
5,3676
11,3676
14,3676
15,3676
16,3676
24,3676
1,3679
2,3679
3,3679
5,3679
11,3679
14,3679
15,3679
16,3679
24,3679
9,3681
23,3681
9,3682
23,3682
9,3684
23,3684
9,3685
23,3685
9,3686
23,3686
9,3687
23,3687
9,3688
9,3689
9,3690
9,3691
9,3692
9,3694
9,3695
9,3696
9,3697
9,3698
9,3700
9,3701
9,3702
9,3703
9,3704
9,3709
9,3711
2,3714
9,3715
9,3716
9,3717
9,3718
1,3719
9,3719
1,3720
9,3720
1,3722
9,3722
1,3723
9,3723
9,3724
9,3725
9,3726
9,3727
9,3728
9,3729
9,3730
9,3731
9,3734
9,3735
9,3736
23,3736
1,3737
3,3737
21,3737
1,3739
9,3739
15,3739
1,3740
9,3740
15,3740
1,3741
9,3741
15,3741
1,3742
9,3742
15,3742
1,3743
9,3743
15,3743
9,3746
9,3747
9,3748
1,3749
9,3749
15,3749
1,3753
9,3753
15,3753
1,3756
3,3756
9,3756
15,3756
1,3758
3,3758
9,3758
15,3758
1,3759
3,3759
9,3759
15,3759
9,3760
9,3761
9,3762
1,3763
3,3763
9,3763
15,3763
1,3764
3,3764
9,3764
15,3764
9,3765
9,3767
1,3768
3,3768
21,3768
22,3768
9,3769
22,3769
5,3770
6,3770
11,3770
14,3770
15,3770
24,3770
22,3771
9,3772
22,3772
9,3773
9,3774
23,3774
9,3775
23,3775
9,3776
23,3776
9,3777
23,3777
1,3779
3,3779
21,3779
9,3780
9,3781
9,3782
22,3782
23,3782
9,3783
1,3785
9,3785
15,3785
9,3787
9,3788
9,3790
22,3791
22,3792
1,3793
3,3793
6,3793
11,3793
15,3793
16,3793
21,3793
24,3793
1,3794
3,3794
6,3794
11,3794
15,3794
16,3794
21,3794
24,3794
1,3795
3,3795
6,3795
11,3795
15,3795
16,3795
21,3795
24,3795
1,3796
3,3796
6,3796
11,3796
15,3796
24,3796
1,3797
3,3797
6,3797
15,3797
21,3797
24,3797
9,3799
23,3799
9,3801
23,3801
9,3802
23,3802
9,3803
23,3803
9,3804
23,3804
9,3806
23,3806
9,3807
23,3807
9,3808
23,3808
9,3809
23,3809
9,3810
23,3810
9,3811
23,3811
9,3814
9,3815
9,3816
22,3817
9,3818
9,3819
22,3819
9,3820
2,3821
9,3823
9,3824
9,3825
9,3827
9,3829
2,3830
9,3830
9,3832
23,3832
9,3833
22,3833
23,3833
9,3834
22,3834
23,3834
1,3835
3,3835
15,3835
1,3836
3,3836
15,3836
2,3837
9,3837
16,3837
23,3837
1,3841
3,3841
15,3841
21,3841
9,3842
9,3843
9,3844
9,3845
9,3846
9,3847
9,3848
9,3850
9,3852
9,3853
1,3854
2,3854
3,3854
5,3854
6,3854
11,3854
14,3854
15,3854
1,3855
2,3855
3,3855
5,3855
6,3855
11,3855
14,3855
15,3855
1,3856
3,3856
22,3856
22,3857
1,3858
3,3858
22,3858
2,3859
9,3859
2,3860
9,3860
2,3861
9,3861
2,3862
9,3862
1,3863
3,3863
6,3863
11,3863
15,3863
22,3863
24,3863
9,3866
9,3867
9,3868
9,3869
9,3870
9,3871
9,3874
9,3876
9,3877
9,3878
9,3879
23,3879
9,3880
23,3880
9,3883
23,3883
9,3884
23,3884
9,3885
23,3885
1,3887
3,3887
5,3887
6,3887
11,3887
14,3887
15,3887
17,3887
21,3887
9,3888
9,3890
9,3891
9,3892
9,3893
21,3894
1,3895
9,3898
9,3901
9,3903
9,3904
9,3905
1,3908
1,3912
1,3913
1,3920
3,3920
21,3920
1,3921
3,3921
21,3921
1,3922
3,3922
21,3922
1,3926
3,3926
21,3926
9,3928
9,3932
9,3934
9,3935
9,3936
9,3938
9,3939
9,3940
9,3941
9,3942
9,3943
9,3944
9,3945
9,3946
9,3947
9,3948
9,3949
9,3950
9,3951
9,3952
9,3953
9,3954
9,3955
9,3956
9,3957
9,3958
9,3959
9,3961
9,3963
9,3964
9,3965
9,3966
9,3967
1,3972
9,3974
9,3975
1,3976
3,3976
1,3977
9,3978
22,3978
9,3980
9,3981
9,3982
9,3983
9,3985
9,3987
9,3988
9,3989
9,3991
9,3995
9,3996
9,3997
9,3999
9,4000
1,4001
9,4001
15,4001
1,4002
3,4002
5,4002
14,4002
9,4003
9,4005
9,4006
9,4007
23,4007
9,4008
9,4010
9,4011
9,4012
9,4013
9,4015
9,4016
9,4017
9,4018
9,4019
9,4020
9,4021
9,4023
9,4024
9,4025
9,4026
9,4027
9,4029
9,4032
1,4035
3,4035
9,4036
9,4037
9,4038
9,4040
9,4042
9,4043
9,4044
9,4046
9,4047
9,4050
9,4051
9,4057
9,4058
9,4059
9,4060
9,4061
9,4062
2,4071
2,4072
9,4079
22,4079
23,4079
9,4080
22,4080
23,4080
2,4083
1,4084
5,4084
6,4084
14,4084
15,4084
1,4085
5,4085
6,4085
14,4085
1,4088
5,4088
6,4088
14,4088
15,4088
1,4089
5,4089
6,4089
14,4089
15,4089
1,4091
1,4094
1,4096
5,4096
6,4096
14,4096
15,4096
1,4097
5,4097
6,4097
14,4097
15,4097
1,4099
5,4099
6,4099
14,4099
15,4099
1,4100
5,4100
6,4100
14,4100
15,4100
9,4101
9,4102
9,4103
9,4104
9,4105
1,4106
9,4107
9,4108
9,4116
9,4117
1,4118
1,4119
1,4121
1,4122
1,4123
1,4125
9,4129
9,4130
9,4131
9,4132
9,4133
9,4134
9,4136
9,4137
9,4139
9,4140
9,4141
9,4142
9,4143
9,4145
9,4146
9,4147
9,4148
9,4149
9,4150
9,4151
9,4152
9,4153
9,4154
1,4155
3,4155
15,4155
21,4155
1,4163
3,4163
9,4163
15,4163
21,4163
1,4164
6,4164
1,4165
6,4165
1,4166
6,4166
1,4167
6,4167
1,4168
6,4168
1,4169
6,4169
9,4171
9,4172
9,4173
9,4175
1,4176
1,4177
1,4178
1,4179
1,4180
1,4182
1,4183
1,4186
3,4186
15,4186
1,4187
3,4187
15,4187
1,4189
3,4189
15,4189
1,4190
3,4190
15,4190
1,4191
3,4191
15,4191
1,4192
3,4192
15,4192
1,4193
3,4193
15,4193
1,4194
3,4194
15,4194
1,4195
3,4195
15,4195
2,4196
16,4196
1,4197
3,4197
15,4197
1,4198
3,4198
15,4198
1,4200
3,4200
15,4200
1,4201
3,4201
15,4201
1,4202
3,4202
15,4202
1,4203
3,4203
15,4203
1,4204
3,4204
15,4204
1,4205
3,4205
15,4205
1,4206
3,4206
15,4206
2,4208
16,4208
1,4209
3,4209
15,4209
1,4210
3,4210
1,4211
3,4211
15,4211
1,4212
3,4212
15,4212
1,4213
3,4213
15,4213
1,4214
3,4214
15,4214
1,4215
3,4215
15,4215
1,4216
3,4216
15,4216
1,4217
3,4217
15,4217
1,4218
3,4218
15,4218
1,4222
3,4222
15,4222
1,4223
3,4223
15,4223
1,4224
3,4224
15,4224
1,4225
3,4225
15,4225
1,4227
3,4227
15,4227
1,4228
3,4228
15,4228
1,4229
3,4229
15,4229
1,4230
3,4230
15,4230
1,4231
3,4231
15,4231
1,4232
3,4232
15,4232
1,4233
3,4233
15,4233
1,4239
3,4239
5,4239
6,4239
11,4239
14,4239
15,4239
17,4239
24,4239
1,4242
3,4242
5,4242
11,4242
14,4242
15,4242
17,4242
24,4242
21,4245
21,4246
9,4247
22,4247
23,4247
1,4249
3,4249
1,4250
3,4250
1,4251
3,4251
1,4252
3,4252
1,4253
3,4253
1,4254
3,4254
9,4255
9,4257
9,4258
9,4259
9,4260
9,4261
9,4262
9,4263
9,4264
9,4265
9,4266
1,4267
3,4267
15,4267
1,4268
3,4268
15,4268
1,4269
3,4269
15,4269
1,4270
3,4270
15,4270
1,4271
3,4271
15,4271
9,4274
9,4275
9,4276
9,4278
9,4279
9,4280
1,4281
3,4281
6,4281
11,4281
21,4281
24,4281
1,4283
3,4283
6,4283
11,4283
21,4283
24,4283
1,4285
3,4285
6,4285
11,4285
21,4285
24,4285
1,4287
3,4287
5,4287
6,4287
11,4287
14,4287
1,4288
3,4288
5,4288
6,4288
11,4288
14,4288
9,4290
9,4291
9,4292
9,4293
9,4294
1,4300
3,4300
1,4301
3,4301
1,4302
3,4302
1,4308
3,4308
5,4308
6,4308
14,4308
15,4308
1,4309
3,4309
5,4309
6,4309
14,4309
15,4309
1,4310
3,4310
5,4310
6,4310
14,4310
15,4310
9,4316
1,4317
3,4317
24,4317
9,4318
1,4320
5,4320
6,4320
14,4320
15,4320
1,4323
5,4323
6,4323
14,4323
15,4323
1,4325
3,4325
5,4325
6,4325
14,4325
15,4325
1,4326
3,4326
5,4326
6,4326
14,4326
15,4326
1,4327
3,4327
5,4327
6,4327
14,4327
15,4327
1,4328
3,4328
5,4328
6,4328
14,4328
15,4328
1,4330
3,4330
5,4330
6,4330
14,4330
15,4330
9,4332
9,4333
9,4334
9,4336
9,4337
9,4340
1,4341
3,4341
1,4342
3,4342
1,4343
3,4343
1,4344
3,4344
1,4345
3,4345
1,4346
3,4346
9,4348
9,4349
9,4351
9,4353
9,4354
9,4355
1,4356
3,4356
21,4356
9,4357
9,4358
1,4359
5,4359
6,4359
11,4359
1,4360
5,4360
6,4360
11,4360
9,4361
22,4361
9,4362
22,4362
9,4363
22,4363
9,4364
22,4364
1,4365
5,4365
6,4365
14,4365
15,4365
1,4366
5,4366
6,4366
14,4366
15,4366
1,4367
5,4367
6,4367
14,4367
15,4367
1,4368
5,4368
6,4368
14,4368
15,4368
1,4369
5,4369
6,4369
14,4369
15,4369
1,4371
5,4371
6,4371
14,4371
15,4371
1,4372
3,4372
5,4372
6,4372
11,4372
14,4372
15,4372
21,4372
24,4372
1,4373
3,4373
5,4373
6,4373
11,4373
14,4373
15,4373
21,4373
24,4373
1,4374
3,4374
5,4374
6,4374
11,4374
14,4374
15,4374
21,4374
24,4374
9,4375
9,4376
9,4377
9,4378
9,4379
9,4380
9,4381
9,4383
9,4384
9,4385
9,4386
22,4386
1,4387
3,4387
4,4387
8,4387
10,4387
21,4387
9,4388
9,4390
9,4391
9,4392
9,4393
9,4394
9,4395
1,4396
3,4396
15,4396
21,4396
1,4397
3,4397
15,4397
21,4397
1,4398
15,4398
9,4404
23,4404
9,4405
23,4405
9,4406
23,4406
9,4409
23,4409
9,4410
23,4411
2,4412
9,4413
9,4414
16,4415
9,4416
16,4416
2,4427
2,4428
9,4429
9,4431
9,4432
9,4433
9,4434
9,4441
9,4444
1,4447
5,4447
14,4447
15,4447
1,4450
3,4450
6,4450
22,4450
24,4450
1,4451
3,4451
6,4451
22,4451
24,4451
1,4452
3,4452
6,4452
22,4452
24,4452
1,4453
3,4453
6,4453
22,4453
24,4453
1,4454
3,4454
6,4454
22,4454
24,4454
1,4455
3,4455
6,4455
22,4455
24,4455
1,4456
3,4456
6,4456
22,4456
24,4456
1,4457
3,4457
6,4457
22,4457
24,4457
1,4458
3,4458
15,4458
1,4460
3,4460
15,4460
1,4461
3,4461
15,4461
1,4462
3,4462
15,4462
1,4463
3,4463
15,4463
1,4464
3,4464
15,4464
1,4467
3,4467
15,4467
1,4468
3,4468
15,4468
1,4471
3,4471
15,4471
1,4472
3,4472
15,4472
2,4475
1,4476
3,4476
5,4476
6,4476
11,4476
14,4476
15,4476
1,4477
3,4477
5,4477
6,4477
11,4477
14,4477
15,4477
1,4478
3,4478
5,4478
6,4478
11,4478
14,4478
15,4478
1,4479
3,4479
5,4479
6,4479
11,4479
14,4479
15,4479
1,4483
3,4483
5,4483
6,4483
11,4483
14,4483
15,4483
21,4483
24,4483
1,4484
3,4484
5,4484
6,4484
11,4484
14,4484
15,4484
21,4484
24,4484
9,4489
22,4489
1,4490
3,4490
5,4490
6,4490
11,4490
14,4490
15,4490
24,4490
1,4491
3,4491
5,4491
6,4491
11,4491
14,4491
15,4491
24,4491
1,4492
3,4492
5,4492
6,4492
11,4492
14,4492
15,4492
24,4492
1,4493
3,4493
5,4493
6,4493
11,4493
14,4493
15,4493
24,4493
9,4509
9,4510
9,4511
9,4512
9,4513
9,4514
9,4515
1,4517
3,4517
1,4519
3,4519
1,4520
3,4520
1,4521
3,4521
1,4522
3,4522
1,4524
3,4524
9,4526
9,4528
9,4530
9,4531
9,4532
9,4533
9,4534
9,4535
1,4536
1,4538
9,4539
9,4540
9,4541
9,4542
9,4543
9,4544
9,4545
9,4546
9,4547
9,4548
9,4549
9,4550
9,4551
9,4552
9,4554
9,4555
9,4557
9,4558
9,4561
9,4562
9,4563
9,4565
9,4566
9,4578
9,4579
9,4580
9,4582
9,4583
21,4584
1,4590
3,4590
5,4590
6,4590
11,4590
14,4590
15,4590
24,4590
1,4591
3,4591
5,4591
6,4591
11,4591
14,4591
15,4591
24,4591
1,4592
3,4592
5,4592
6,4592
11,4592
14,4592
15,4592
24,4592
1,4594
3,4594
5,4594
6,4594
11,4594
14,4594
15,4594
24,4594
9,4599
9,4600
9,4601
9,4602
9,4603
9,4604
9,4605
21,4606
21,4607
1,4608
3,4608
21,4608
1,4609
3,4609
21,4609
1,4610
3,4610
21,4610
1,4611
3,4611
1,4612
3,4612
1,4613
1,4614
1,4615
3,4615
9,4616
9,4617
9,4618
9,4619
9,4620
9,4621
9,4622
9,4632
1,4633
3,4633
1,4640
3,4640
5,4640
6,4640
14,4640
15,4640
1,4641
3,4641
5,4641
6,4641
14,4641
15,4641
1,4643
3,4643
5,4643
6,4643
14,4643
15,4643
1,4644
3,4644
5,4644
6,4644
14,4644
15,4644
1,4646
3,4646
5,4646
6,4646
14,4646
15,4646
9,4647
9,4649
9,4650
9,4651
9,4652
9,4653
1,4655
3,4655
1,4656
3,4656
1,4657
3,4657
1,4658
3,4658
9,4664
9,4666
9,4667
9,4668
9,4669
9,4670
1,4671
3,4671
15,4671
1,4672
3,4672
15,4672
1,4673
3,4673
15,4673
1,4674
3,4674
15,4674
9,4689
9,4690
9,4691
9,4692
9,4693
9,4694
9,4695
9,4696
9,4697
9,4698
1,4699
1,4704
9,4705
9,4707
9,4708
9,4709
9,4712
9,4713
9,4715
9,4716
9,4717
9,4718
9,4720
1,4724
3,4724
1,4726
3,4726
1,4727
3,4727
1,4730
3,4730
1,4731
3,4731
1,4735
3,4735
1,4737
3,4737
9,4741
22,4751
9,4752
9,4753
9,4754
9,4755
22,4782
22,4783
22,4784
22,4785
22,4786
22,4787
9,4789
23,4789
9,4790
23,4790
9,4792
9,4793
9,4794
9,4795
9,4796
1,4799
3,4799
21,4799
1,4800
3,4800
21,4800
1,4801
3,4801
21,4801
1,4802
3,4802
21,4802
9,4804
9,4805
9,4806
9,4807
9,4808
9,4809
9,4810
9,4811
9,4812
9,4813
1,4814
3,4814
2,4815
16,4815
1,4816
3,4816
1,4817
3,4817
1,4818
3,4818
2,4819
9,4819
16,4819
23,4819
2,4820
16,4820
9,4821
23,4821
2,4822
9,4822
16,4822
23,4822
2,4823
9,4823
16,4823
23,4823
9,4824
9,4825
9,4826
9,4827
22,4831
22,4834
22,4835
1,4836
1,4837
1,4846
3,4846
6,4846
11,4846
15,4846
24,4846
1,4847
3,4847
6,4847
11,4847
15,4847
24,4847
1,4850
3,4850
6,4850
11,4850
15,4850
24,4850
9,4853
9,4854
9,4855
9,4857
9,4858
9,4860
9,4861
9,4862
22,4863
2,4864
22,4864
1,4866
3,4866
5,4866
6,4866
11,4866
14,4866
15,4866
21,4866
24,4866
1,4868
3,4868
5,4868
6,4868
11,4868
14,4868
15,4868
21,4868
24,4868
1,4869
3,4869
5,4869
6,4869
11,4869
14,4869
15,4869
21,4869
24,4869
1,4870
3,4870
5,4870
6,4870
11,4870
14,4870
15,4870
21,4870
24,4870
1,4871
3,4871
5,4871
6,4871
11,4871
14,4871
15,4871
21,4871
24,4871
1,4872
3,4872
5,4872
6,4872
11,4872
14,4872
15,4872
21,4872
24,4872
1,4874
3,4874
5,4874
6,4874
11,4874
14,4874
15,4874
21,4874
24,4874
1,4875
3,4875
5,4875
6,4875
11,4875
14,4875
15,4875
21,4875
24,4875
1,4876
3,4876
5,4876
6,4876
11,4876
14,4876
15,4876
21,4876
24,4876
1,4879
3,4879
5,4879
6,4879
11,4879
14,4879
15,4879
21,4879
24,4879
1,4880
3,4880
5,4880
6,4880
11,4880
14,4880
15,4880
21,4880
24,4880
1,4882
3,4882
5,4882
6,4882
11,4882
14,4882
15,4882
21,4882
24,4882
1,4883
3,4883
5,4883
6,4883
11,4883
14,4883
15,4883
21,4883
24,4883
9,4884
9,4885
9,4886
9,4887
9,4888
9,4889
9,4890
9,4891
9,4892
1,4893
3,4893
5,4893
11,4893
14,4893
15,4893
1,4894
3,4894
5,4894
11,4894
14,4894
15,4894
1,4895
3,4895
5,4895
11,4895
14,4895
15,4895
1,4896
3,4896
5,4896
11,4896
14,4896
15,4896
1,4897
3,4897
5,4897
11,4897
14,4897
15,4897
1,4898
3,4898
5,4898
11,4898
14,4898
15,4898
1,4899
3,4899
5,4899
11,4899
14,4899
15,4899
1,4900
3,4900
5,4900
11,4900
14,4900
15,4900
1,4901
3,4901
5,4901
11,4901
14,4901
15,4901
9,4902
9,4903
9,4904
9,4905
1,4908
2,4908
3,4908
6,4908
11,4908
15,4908
16,4908
21,4908
24,4908
1,4909
2,4909
3,4909
6,4909
11,4909
16,4909
21,4909
24,4909
1,4912
2,4912
3,4912
6,4912
11,4912
16,4912
21,4912
24,4912
9,4926
9,4947
9,4948
9,4949
9,4950
9,4951
9,4954
9,4955
9,4957
9,4958
9,4959
9,4960
9,4961
9,4962
9,4964
9,4965
9,4967
9,4968
9,4969
9,4970
1,4971
9,4971
1,4972
1,4973
9,4973
9,4974
9,4975
9,4976
9,4977
9,4978
9,4980
9,4981
9,4983
9,4984
9,4985
9,4987
9,4989
9,4990
9,4992
9,4994
9,4995
9,4996
1,4997
3,4997
5,4997
6,4997
14,4997
15,4997
1,4999
3,4999
5,4999
6,4999
14,4999
15,4999
1,5000
3,5000
5,5000
6,5000
14,5000
15,5000
1,5001
3,5001
5,5001
6,5001
14,5001
15,5001
1,5007
3,5007
5,5007
6,5007
14,5007
15,5007
9,5013
9,5014
1,5015
3,5015
1,5016
3,5016
1,5017
3,5017
1,5019
3,5019
1,5020
3,5020
1,5024
3,5024
1,5025
2,5025
3,5025
5,5025
6,5025
11,5025
14,5025
15,5025
24,5025
1,5028
2,5028
3,5028
5,5028
6,5028
11,5028
14,5028
15,5028
24,5028
1,5032
2,5032
3,5032
5,5032
6,5032
11,5032
14,5032
15,5032
24,5032
1,5033
2,5033
3,5033
5,5033
6,5033
11,5033
14,5033
15,5033
24,5033
1,5034
2,5034
3,5034
5,5034
6,5034
11,5034
14,5034
15,5034
24,5034
9,5037
9,5038
1,5039
9,5040
22,5040
9,5042
22,5042
1,5049
3,5049
5,5049
6,5049
14,5049
15,5049
1,5050
3,5050
5,5050
6,5050
14,5050
15,5050
1,5051
3,5051
5,5051
6,5051
14,5051
15,5051
1,5052
3,5052
5,5052
6,5052
14,5052
15,5052
9,5053
1,5055
3,5055
5,5055
6,5055
14,5055
15,5055
24,5055
1,5056
3,5056
5,5056
6,5056
14,5056
15,5056
24,5056
1,5057
3,5057
5,5057
6,5057
14,5057
15,5057
24,5057
1,5058
3,5058
5,5058
6,5058
14,5058
15,5058
24,5058
1,5059
3,5059
5,5059
6,5059
14,5059
15,5059
24,5059
1,5060
3,5060
5,5060
6,5060
14,5060
15,5060
24,5060
1,5061
3,5061
5,5061
6,5061
14,5061
15,5061
24,5061
1,5062
3,5062
5,5062
6,5062
14,5062
15,5062
24,5062
1,5063
3,5063
5,5063
6,5063
14,5063
15,5063
24,5063
1,5064
3,5064
5,5064
6,5064
14,5064
15,5064
24,5064
1,5065
3,5065
5,5065
6,5065
14,5065
15,5065
24,5065
1,5066
3,5066
5,5066
6,5066
14,5066
15,5066
24,5066
1,5067
3,5067
5,5067
6,5067
14,5067
15,5067
24,5067
1,5068
3,5068
1,5069
3,5069
1,5070
3,5070
1,5071
3,5071
1,5072
3,5072
1,5073
3,5073
1,5074
3,5074
6,5074
21,5074
5,5075
11,5075
14,5075
15,5075
17,5075
22,5075
24,5075
1,5076
3,5076
6,5076
5,5077
11,5077
14,5077
15,5077
24,5077
1,5078
3,5078
6,5078
21,5078
22,5078
5,5079
11,5079
14,5079
15,5079
17,5079
24,5079
9,5081
9,5085
9,5086
1,5095
5,5095
9,5096
9,5097
9,5098
9,5099
9,5100
9,5101
9,5102
1,5103
3,5103
5,5103
1,5104
3,5104
5,5104
1,5105
3,5105
5,5105
1,5106
3,5106
5,5106
1,5107
3,5107
5,5107
1,5109
3,5109
5,5109
1,5110
3,5110
5,5110
1,5111
3,5111
5,5111
1,5112
3,5112
5,5112
9,5113
1,5130
5,5130
6,5130
9,5130
14,5130
15,5130
1,5131
5,5131
6,5131
9,5131
14,5131
15,5131
9,5132
9,5133
9,5134
1,5137
1,5139
9,5141
1,5143
3,5143
5,5143
6,5143
11,5143
14,5143
15,5143
21,5143
22,5143
24,5143
1,5144
3,5144
5,5144
6,5144
11,5144
14,5144
15,5144
21,5144
22,5144
24,5144
1,5145
3,5145
5,5145
6,5145
11,5145
14,5145
15,5145
21,5145
22,5145
24,5145
9,5146
22,5146
22,5147
22,5148
22,5149
22,5150
22,5151
22,5152
1,5153
3,5153
21,5153
9,5154
9,5155
9,5156
9,5157
9,5158
9,5159
9,5160
9,5161
9,5162
1,5163
3,5163
15,5163
21,5163
1,5164
3,5164
15,5164
21,5164
1,5166
3,5166
15,5166
21,5166
9,5167
9,5168
9,5169
9,5172
9,5173
9,5174
1,5175
1,5178
3,5178
15,5178
1,5179
3,5179
15,5179
1,5181
3,5181
21,5181
22,5181
5,5182
6,5182
11,5182
14,5182
15,5182
24,5182
9,5183
22,5183
9,5200
23,5200
9,5201
23,5201
9,5202
23,5202
9,5204
23,5204
9,5206
9,5207
22,5207
23,5207
21,5208
9,5209
1,5210
1,5211
21,5212
9,5213
9,5214
9,5215
9,5216
9,5217
9,5218
1,5219
9,5220
1,5221
1,5222
9,5223
9,5225
9,5226
9,5227
1,5229
1,5230
1,5231
1,5232
2,5232
3,5232
6,5232
11,5232
15,5232
16,5232
21,5232
24,5232
1,5233
6,5233
9,5233
15,5233
9,5241
9,5243
9,5244
9,5245
9,5246
22,5247
22,5248
1,5249
5,5249
6,5249
14,5249
15,5249
1,5250
5,5250
6,5250
14,5250
15,5250
1,5251
5,5251
6,5251
14,5251
15,5251
1,5254
6,5254
1,5258
3,5258
15,5258
1,5259
3,5259
15,5259
1,5260
3,5260
15,5260
1,5261
3,5261
15,5261
1,5262
3,5262
15,5262
1,5263
3,5263
15,5263
1,5264
3,5264
15,5264
1,5265
3,5265
15,5265
1,5266
3,5266
15,5266
1,5267
3,5267
15,5267
1,5268
3,5268
21,5268
23,5270
9,5271
9,5272
9,5273
9,5278
9,5279
9,5280
9,5281
9,5284
9,5288
9,5289
9,5292
9,5293
9,5294
9,5295
9,5306
9,5307
9,5308
9,5310
9,5311
9,5313
9,5315
9,5316
9,5317
9,5318
9,5319
9,5320
9,5321
9,5322
9,5323
9,5324
9,5325
9,5326
9,5327
9,5329
9,5330
9,5333
9,5334
9,5335
9,5336
9,5337
9,5338
9,5340
9,5341
9,5342
9,5344
9,5345
9,5346
9,5347
9,5348
9,5349
9,5350
9,5351
9,5352
9,5353
9,5354
9,5355
9,5356
9,5357
9,5358
22,5358
23,5358
9,5359
22,5359
23,5359
1,5360
9,5362
9,5363
22,5363
23,5363
9,5364
22,5364
23,5364
1,5365
3,5365
5,5365
6,5365
11,5365
14,5365
15,5365
24,5365
1,5366
3,5366
15,5366
21,5366
1,5368
3,5368
15,5368
21,5368
1,5369
3,5369
15,5369
21,5369
1,5370
3,5370
15,5370
21,5370
1,5371
3,5371
15,5371
21,5371
1,5379
3,5379
1,5380
3,5380
1,5382
3,5382
9,5384
9,5385
9,5386
9,5387
9,5389
1,5391
3,5391
5,5391
6,5391
14,5391
15,5391
21,5391
1,5392
3,5392
5,5392
6,5392
14,5392
15,5392
21,5392
1,5393
3,5393
5,5393
6,5393
14,5393
15,5393
21,5393
1,5394
3,5394
5,5394
6,5394
14,5394
15,5394
21,5394
1,5395
3,5395
5,5395
6,5395
14,5395
15,5395
21,5395
1,5396
3,5396
5,5396
6,5396
14,5396
15,5396
21,5396
22,5400
22,5401
22,5403
1,5408
3,5408
15,5408
21,5408
1,5409
3,5409
15,5409
21,5409
1,5410
3,5410
15,5410
21,5410
9,5414
9,5415
9,5416
1,5418
3,5418
15,5418
1,5419
3,5419
15,5419
1,5420
3,5420
15,5420
1,5421
3,5421
15,5421
1,5422
3,5422
15,5422
9,5424
9,5425
9,5426
22,5426
9,5427
22,5427
9,5428
22,5428
9,5429
22,5429
9,5430
22,5430
9,5431
22,5431
9,5432
22,5432
9,5433
22,5433
1,5434
3,5434
9,5435
9,5436
9,5437
9,5455
9,5456
9,5457
9,5458
1,5459
3,5459
15,5459
1,5460
3,5460
15,5460
1,5461
3,5461
15,5461
1,5462
3,5462
15,5462
1,5463
3,5463
15,5463
1,5464
3,5464
15,5464
1,5465
3,5465
15,5465
1,5466
3,5466
15,5466
1,5467
3,5467
15,5467
1,5471
3,5471
15,5471
1,5472
3,5472
15,5472
9,5515
9,5516
9,5517
9,5518
9,5519
9,5520
9,5521
1,5522
3,5522
15,5522
1,5523
3,5523
15,5523
1,5524
3,5524
15,5524
1,5525
3,5525
15,5525
1,5526
3,5526
15,5526
1,5527
3,5527
15,5527
1,5529
3,5529
15,5529
1,5530
3,5530
1,5531
3,5531
9,5534
9,5535
9,5537
9,5538
9,5539
9,5540
9,5541
9,5542
9,5543
9,5545
9,5547
9,5548
9,5550
9,5551
9,5552
1,5555
1,5556
1,5558
3,5558
15,5558
1,5559
3,5559
15,5559
2,5560
9,5560
2,5561
9,5561
1,5562
3,5562
1,5563
3,5563
1,5564
3,5564
1,5565
3,5565
1,5566
3,5566
1,5567
3,5567
1,5568
3,5568
1,5569
3,5569
1,5570
3,5570
1,5571
3,5571
1,5572
3,5572
1,5573
3,5573
1,5574
3,5574
1,5575
3,5575
1,5576
3,5576
9,5577
9,5579
9,5580
1,5581
1,5582
1,5583
9,5584
9,5585
9,5586
9,5587
9,5588
9,5589
9,5590
9,5591
9,5592
9,5593
9,5594
9,5595
9,5596
9,5597
9,5598
1,5599
3,5599
1,5600
3,5600
1,5601
3,5601
1,5602
3,5602
1,5603
3,5603
1,5604
3,5604
1,5605
3,5605
1,5606
3,5606
1,5607
3,5607
1,5608
3,5608
1,5609
3,5609
1,5610
3,5610
1,5611
3,5611
9,5613
23,5613
9,5614
23,5614
9,5622
1,5624
5,5624
6,5624
11,5624
14,5624
15,5624
22,5624
24,5624
5,5625
6,5625
14,5625
15,5625
22,5625
1,5626
22,5626
23,5627
23,5628
1,5629
22,5629
5,5630
6,5630
11,5630
14,5630
15,5630
22,5631
1,5632
3,5632
5,5632
6,5632
11,5632
14,5632
15,5632
22,5632
24,5632
1,5633
3,5633
9,5633
6,5634
24,5634
9,5635
1,5638
3,5638
5,5638
6,5638
11,5638
14,5638
15,5638
16,5638
21,5638
9,5639
9,5640
9,5642
9,5643
9,5644
9,5648
9,5649
9,5650
9,5651
9,5652
9,5653
9,5654
22,5654
1,5656
1,5657
3,5657
5,5657
6,5657
11,5657
14,5657
15,5657
21,5657
22,5657
24,5657
1,5658
3,5658
5,5658
6,5658
11,5658
14,5658
15,5658
21,5658
22,5658
24,5658
1,5659
3,5659
5,5659
6,5659
11,5659
14,5659
15,5659
21,5659
22,5659
24,5659
21,5660
23,5661
1,5662
3,5662
5,5663
6,5663
11,5663
14,5663
15,5663
24,5663
9,5664
23,5664
9,5665
23,5665
9,5668
23,5668
9,5673
9,5674
9,5675
9,5676
9,5677
9,5678
1,5679
3,5679
15,5679
1,5680
3,5680
15,5680
9,5682
9,5683
9,5684
9,5685
1,5686
3,5686
15,5686
1,5687
3,5687
15,5687
1,5688
3,5688
15,5688
1,5690
3,5690
15,5690
1,5691
3,5691
15,5691
1,5694
3,5694
15,5694
1,5695
3,5695
15,5695
9,5698
9,5699
9,5700
9,5701
9,5702
9,5703
9,5704
9,5705
9,5706
22,5706
9,5707
22,5707
9,5708
22,5708
9,5709
22,5709
9,5712
9,5715
9,5716
22,5716
9,5717
22,5717
9,5718
22,5718
9,5719
22,5719
9,5720
22,5720
9,5721
22,5721
9,5722
22,5722
1,5723
2,5723
3,5723
6,5723
11,5723
15,5723
16,5723
21,5723
24,5723
1,5726
15,5726
9,5728
9,5730
9,5731
9,5732
9,5733
9,5735
9,5736
16,5737
9,5740
9,5741
9,5742
9,5743
9,5744
9,5745
9,5747
9,5748
1,5749
9,5749
15,5749
9,5750
9,5751
9,5752
9,5753
9,5754
9,5755
9,5756
9,5757
1,5760
1,5761
1,5763
1,5764
3,5765
21,5766
9,5767
22,5767
9,5768
9,5769
9,5770
9,5771
1,5772
1,5773
1,5774
9,5775
9,5776
9,5777
9,5778
22,5778
23,5778
9,5779
22,5779
23,5779
9,5780
22,5780
23,5780
9,5781
22,5781
23,5781
1,5783
3,5783
22,5783
24,5783
9,5784
9,5786
9,5787
9,5788
22,5788
1,5789
3,5789
15,5789
9,5790
22,5790
9,5794
9,5795
9,5796
9,5797
9,5798
9,5799
9,5801
9,5802
9,5803
9,5804
9,5805
9,5806
9,5807
9,5808
9,5809
9,5810
9,5811
23,5812
23,5813
9,5815
9,5816
9,5821
9,5823
9,5824
9,5825
9,5826
2,5828
9,5828
16,5828
1,5829
1,5830
3,5830
9,5831
9,5832
1,5833
9,5833
15,5833
1,5834
3,5834
9,5834
15,5834
9,5835
9,5836
2,5837
1,5838
3,5838
1,5839
3,5839
1,5840
3,5840
9,5841
9,5842
1,5843
9,5843
9,5844
23,5845
9,5846
9,5847
9,5848
9,5849
9,5850
9,5851
9,5852
9,5853
9,5854
9,5855
9,5856
9,5857
9,5858
9,5859
9,5860
9,5861
9,5862
1,5863
3,5863
16,5863
1,5864
3,5864
16,5864
1,5865
3,5865
9,5866
9,5868
9,5869
16,5869
9,5870
16,5870
9,5871
16,5871
9,5872
9,5873
23,5873
9,5874
23,5874
9,5875
23,5875
9,5876
23,5876
9,5877
23,5877
9,5878
23,5878
9,5879
23,5879
9,5880
23,5880
1,5881
3,5881
1,5882
3,5882
9,5883
9,5884
9,5885
9,5886
22,5886
23,5886
9,5887
22,5887
23,5887
9,5888
22,5888
23,5888
9,5889
22,5889
9,5891
22,5891
9,5893
22,5893
9,5895
22,5895
9,5897
1,5898
1,5899
3,5899
15,5899
9,5900
9,5901
1,5902
3,5902
15,5902
1,5903
3,5903
15,5903
1,5904
3,5904
15,5904
9,5907
1,5908
3,5908
5,5908
11,5908
14,5908
15,5908
9,5909
6,5910
9,5912
9,5913
9,5914
9,5915
9,5916
22,5917
9,5918
16,5918
22,5918
9,5919
16,5919
22,5919
9,5920
16,5920
22,5920
9,5921
9,5922
9,5923
9,5924
9,5925
9,5926
9,5927
9,5928
9,5929
9,5930
9,5931
9,5932
9,5933
9,5934
9,5935
9,5936
9,5939
9,5940
9,5941
1,5942
1,5943
15,5943
1,5944
15,5944
9,5945
9,5946
1,5947
2,5947
3,5947
15,5947
21,5947
9,5948
22,5948
9,5949
9,5955
9,5956
9,5958
9,5961
9,5964
1,5965
3,5965
21,5965
1,5966
3,5966
21,5966
1,5967
3,5967
21,5967
1,5968
3,5968
21,5968
1,5969
9,5973
9,5974
3,5975
21,5975
9,5976
9,5977
1,5978
1,5982
1,5983
9,5985
9,5986
1,5988
9,5989
9,5990
9,5991
1,5992
3,5992
5,5992
6,5992
11,5992
14,5992
15,5992
21,5992
24,5992
1,5993
3,5993
5,5993
6,5993
11,5993
14,5993
15,5993
21,5993
24,5993
1,5994
3,5994
5,5994
6,5994
11,5994
14,5994
15,5994
21,5994
24,5994
1,5995
3,5995
5,5995
6,5995
11,5995
14,5995
15,5995
21,5995
24,5995
9,5996
9,5997
9,5998
9,5999
9,6000
9,6001
9,6002
9,6003
9,6004
9,6005
22,6005
9,6006
22,6006
9,6007
22,6007
9,6008
22,6008
9,6009
22,6009
9,6011
9,6012
1,6013
3,6013
15,6013
1,6014
3,6014
15,6014
1,6015
3,6015
15,6015
1,6016
3,6016
15,6016
1,6017
3,6017
15,6017
1,6018
3,6018
15,6018
2,6019
9,6019
16,6019
1,6020
3,6020
1,6021
3,6021
1,6022
3,6022
1,6023
3,6023
1,6024
3,6024
1,6025
3,6025
1,6026
3,6026
1,6027
3,6027
9,6028
1,6029
3,6030
3,6031
2,6032
9,6032
22,6032
2,6034
9,6034
22,6034
2,6035
9,6035
22,6035
2,6037
9,6037
22,6037
22,6038
9,6039
23,6039
9,6040
23,6040
9,6041
23,6041
1,6042
9,6042
9,6043
9,6044
9,6045
9,6046
9,6047
9,6048
9,6049
22,6049
9,6050
22,6050
9,6051
22,6051
9,6052
22,6052
9,6053
22,6053
9,6054
9,6055
9,6056
9,6057
9,6058
9,6059
16,6059
9,6060
9,6061
9,6062
23,6062
9,6063
23,6063
22,6064
9,6065
9,6066
9,6067
9,6068
9,6069
1,6070
3,6070
6,6070
15,6070
9,6071
22,6072
23,6072
9,6073
9,6074
9,6075
9,6076
9,6077
9,6078
9,6079
9,6080
9,6081
1,6082
6,6082
1,6083
6,6083
1,6084
6,6084
9,6085
9,6086
1,6088
2,6088
3,6088
5,6088
6,6088
11,6088
14,6088
15,6088
9,6089
23,6089
9,6090
9,6091
9,6092
9,6093
9,6094
9,6095
9,6096
9,6097
9,6098
9,6099
9,6100
1,6101
3,6101
6,6101
11,6101
21,6101
24,6101
1,6102
3,6102
6,6102
11,6102
21,6102
24,6102
1,6103
3,6103
6,6103
11,6103
21,6103
24,6103
1,6104
3,6104
5,6104
6,6104
14,6104
17,6104
24,6104
9,6105
9,6106
1,6107
1,6108
1,6109
1,6110
1,6111
1,6112
9,6113
1,6114
2,6114
3,6114
6,6114
22,6114
1,6115
2,6115
3,6115
6,6115
22,6115
9,6116
1,6117
1,6118
1,6119
21,6120
1,6121
9,6122
9,6123
9,6124
1,6125
5,6125
6,6125
14,6125
15,6125
1,6126
5,6126
6,6126
14,6126
15,6126
9,6127
9,6130
22,6130
1,6131
3,6131
21,6131
23,6132
1,6133
5,6133
6,6133
14,6133
15,6133
1,6134
5,6134
6,6134
14,6134
15,6134
9,6135
9,6136
9,6137
1,6138
9,6138
1,6139
3,6139
5,6140
6,6140
1,6141
3,6141
1,6142
3,6142
9,6143
22,6144
1,6145
3,6145
21,6145
9,6146
9,6147
1,6148
3,6148
11,6148
21,6148
1,6149
3,6149
11,6149
21,6149
21,6150
1,6151
3,6151
11,6151
21,6151
9,6152
9,6153
9,6154
9,6155
9,6156
9,6157
9,6158
9,6159
9,6160
9,6161
9,6162
9,6163
9,6164
9,6165
9,6166
9,6167
9,6168
2,6169
2,6170
2,6171
2,6172
2,6173
2,6174
1,6175
1,6176
9,6177
9,6178
9,6179
22,6179
23,6179
9,6180
22,6181
9,6182
22,6182
23,6182
2,6183
9,6183
1,6184
3,6184
11,6184
15,6184
1,6185
3,6185
11,6185
15,6185
9,6186
9,6187
9,6188
9,6189
9,6190
9,6191
1,6192
2,6192
3,6192
15,6192
24,6192
1,6193
3,6193
15,6193
1,6194
3,6194
15,6194
1,6195
3,6195
1,6196
3,6196
9,6197
22,6197
9,6198
23,6198
9,6199
23,6199
9,6200
23,6200
9,6201
23,6201
9,6202
23,6202
1,6203
3,6203
5,6203
6,6203
11,6203
14,6203
15,6203
22,6203
24,6203
1,6204
3,6204
5,6204
6,6204
11,6204
14,6204
15,6204
22,6204
24,6204
9,6205
22,6205
23,6205
9,6206
22,6206
23,6206
9,6207
22,6207
23,6207
9,6208
22,6208
23,6208
1,6209
2,6209
3,6209
5,6209
6,6209
11,6209
15,6209
24,6209
9,6210
23,6210
9,6211
9,6212
1,6213
3,6213
5,6213
6,6213
11,6213
14,6213
15,6213
17,6213
24,6213
1,6214
3,6214
5,6214
6,6214
11,6214
14,6214
15,6214
17,6214
24,6214
1,6215
3,6215
5,6215
6,6215
11,6215
14,6215
15,6215
17,6215
24,6215
1,6216
3,6216
5,6216
6,6216
11,6216
14,6216
15,6216
17,6216
24,6216
1,6217
3,6217
5,6217
6,6217
11,6217
14,6217
15,6217
17,6217
24,6217
1,6218
3,6218
5,6218
6,6218
11,6218
14,6218
15,6218
17,6218
24,6218
1,6219
3,6219
5,6219
6,6219
11,6219
14,6219
15,6219
17,6219
24,6219
1,6220
3,6220
5,6220
6,6220
11,6220
14,6220
15,6220
17,6220
24,6220
1,6221
3,6221
5,6221
6,6221
11,6221
14,6221
15,6221
17,6221
24,6221
9,6222
9,6223
9,6224
23,6225
9,6226
9,6227
9,6228
9,6229
9,6230
9,6231
9,6232
9,6233
9,6234
3,6235
9,6236
22,6237
1,6238
3,6238
2,6239
9,6239
16,6239
2,6240
9,6240
16,6240
1,6241
1,6242
9,6243
9,6244
1,6245
1,6246
1,6247
3,6247
9,6247
15,6247
21,6247
9,6248
1,6249
9,6249
1,6250
9,6250
1,6251
9,6251
1,6252
1,6253
23,6254
9,6255
1,6256
1,6257
1,6258
9,6259
1,6260
9,6261
9,6262
9,6263
9,6264
9,6265
1,6266
1,6267
1,6268
1,6269
1,6270
1,6271
1,6272
1,6273
1,6274
1,6275
1,6276
1,6277
1,6278
3,6278
1,6279
3,6279
1,6280
3,6280
5,6280
6,6280
14,6280
15,6280
1,6281
3,6281
5,6281
6,6281
14,6281
15,6281
9,6282
9,6283
1,6284
3,6284
1,6285
3,6285
5,6285
6,6285
14,6285
15,6285
21,6285
1,6286
3,6286
5,6286
6,6286
14,6286
15,6286
21,6286
1,6287
3,6287
15,6287
9,6288
9,6289
9,6290
9,6291
9,6292
1,6293
3,6293
5,6293
6,6293
14,6293
15,6293
1,6294
3,6294
5,6294
6,6294
14,6294
15,6294
16,6295
16,6296
16,6297
9,6298
9,6299
1,6300
1,6301
1,6302
1,6303
1,6304
1,6305
1,6306
1,6307
1,6308
1,6309
3,6309
5,6309
6,6309
14,6309
15,6309
9,6310
9,6311
1,6312
3,6312
15,6312
1,6313
3,6313
15,6313
1,6314
3,6314
5,6314
6,6314
14,6314
15,6314
1,6315
3,6315
5,6315
6,6315
14,6315
15,6315
9,6316
1,6317
3,6317
5,6317
6,6317
14,6317
15,6317
1,6318
3,6318
5,6318
6,6318
14,6318
15,6318
9,6319
1,6320
3,6320
15,6320
9,6321
9,6322
9,6323
1,6324
1,6325
1,6326
1,6327
1,6328
1,6329
1,6330
16,6331
1,6332
16,6333
16,6334
9,6335
1,6336
3,6336
15,6336
21,6336
9,6337
9,6338
1,6339
3,6339
15,6339
21,6339
1,6340
3,6340
15,6340
21,6340
1,6341
3,6341
15,6341
21,6341
1,6342
3,6342
15,6342
21,6342
1,6343
3,6343
15,6343
21,6343
9,6344
22,6345
1,6346
3,6346
6,6346
6,6347
23,6347
6,6348
23,6348
9,6349
9,6350
2,6351
9,6351
2,6352
9,6352
2,6353
9,6353
9,6354
9,6355
9,6356
9,6357
9,6358
9,6359
9,6360
9,6361
9,6362
9,6363
9,6364
9,6365
1,6366
22,6366
1,6367
22,6367
1,6368
1,6369
1,6370
22,6370
1,6371
2,6371
6,6371
11,6371
15,6371
21,6371
24,6371
1,6372
2,6372
6,6372
11,6372
15,6372
21,6372
24,6372
1,6373
2,6373
6,6373
11,6373
15,6373
21,6373
24,6373
9,6374
9,6375
9,6376
1,6377
2,6377
3,6377
5,6377
11,6377
14,6377
15,6377
17,6377
24,6377
1,6378
2,6378
3,6378
5,6378
11,6378
14,6378
15,6378
17,6378
24,6378
9,6379
9,6380
9,6381
9,6382
1,6383
3,6383
1,6384
3,6384
1,6385
3,6385
1,6386
3,6386
1,6387
3,6387
1,6388
3,6388
1,6389
3,6389
1,6390
3,6390
1,6391
3,6391
1,6392
3,6392
9,6393
1,6394
3,6394
15,6394
21,6395
1,6396
3,6396
6,6396
15,6396
1,6397
3,6397
6,6397
15,6397
1,6398
3,6398
6,6398
15,6398
1,6399
3,6399
6,6399
15,6399
1,6400
1,6401
1,6402
1,6403
9,6404
9,6405
9,6406
9,6407
9,6408
9,6409
1,6411
1,6412
9,6413
9,6414
9,6415
1,6416
3,6416
5,6416
11,6416
14,6416
15,6416
5,6417
11,6417
14,6417
15,6417
9,6418
9,6419
9,6420
1,6421
1,6422
1,6423
1,6424
1,6425
1,6426
1,6427
1,6428
1,6429
1,6430
1,6431
1,6432
16,6433
1,6434
1,6435
1,6436
9,6437
23,6437
1,6438
1,6439
1,6440
1,6441
1,6442
1,6443
1,6444
1,6445
1,6446
1,6447
21,6448
1,6449
1,6450
9,6451
9,6452
9,6453
9,6454
9,6455
9,6456
9,6457
23,6458
9,6459
9,6460
9,6461
9,6462
9,6463
9,6464
9,6465
9,6466
9,6467
9,6468
2,6470
2,6471
2,6472
2,6473
2,6474
2,6475
2,6476
1,6477
1,6478
1,6479
1,6480
9,6481
22,6481
23,6481
9,6482
9,6483
9,6484
9,6485
9,6486
9,6487
9,6488
9,6489
9,6490
9,6491
9,6492
9,6493
9,6494
9,6495
2,6496
2,6497
2,6498
2,6499
1,6500
1,6501
1,6502
1,6503
1,6504
1,6505
1,6506
1,6507
1,6508
1,6509
1,6510
1,6511
1,6512
9,6513
9,6514
1,6515
1,6516
1,6517
1,6518
1,6519
9,6520
22,6520
23,6520
1,6521
1,6522
1,6523
1,6524
1,6525
9,6526
9,6527
9,6528
23,6529
23,6530
23,6531
9,6532
1,6533
21,6534
1,6535
1,6536
1,6537
1,6538
1,6539
1,6540
1,6541
21,6542
1,6543
1,6544
1,6545
1,6546
1,6547
1,6548
1,6549
1,6550
1,6551
21,6552
1,6553
1,6554
1,6555
1,6556
9,6557
9,6558
1,6559
1,6560
1,6561
1,6562
1,6563
1,6564
1,6565
1,6566
1,6567
1,6568
1,6569
9,6570
1,6571
3,6571
15,6571
1,6572
3,6572
15,6572
1,6573
3,6573
15,6573
1,6574
3,6574
15,6574
1,6575
3,6575
15,6575
1,6576
3,6576
15,6576
9,6577
9,6578
9,6579
9,6580
9,6581
1,6582
1,6583
1,6584
1,6585
9,6586
9,6587
1,6588
3,6588
15,6588
9,6589
9,6590
9,6591
9,6592
9,6593
9,6594
9,6595
9,6596
9,6597
9,6598
9,6599
9,6600
9,6601
2,6602
9,6602
22,6602
2,6603
9,6603
22,6603
2,6604
9,6604
22,6604
1,6605
5,6605
6,6605
14,6605
15,6605
1,6606
5,6606
6,6606
14,6606
15,6606
1,6607
3,6607
22,6607
1,6608
3,6608
22,6608
1,6609
1,6610
1,6611
1,6612
1,6613
9,6614
9,6615
1,6616
1,6617
1,6618
1,6619
1,6620
9,6621
9,6622
9,6623
1,6624
15,6624
1,6625
15,6625
1,6626
15,6626
9,6627
9,6628
9,6629
9,6630
1,6631
3,6631
15,6631
9,6632
22,6632
9,6633
9,6634
9,6635
9,6636
9,6637
1,6638
9,6639
9,6640
9,6641
9,6642
9,6643
9,6644
9,6645
9,6646
9,6647
9,6648
1,6649
1,6650
1,6651
1,6652
1,6653
1,6654
2,6655
9,6655
16,6655
1,6656
3,6656
1,6657
3,6657
1,6658
3,6658
1,6659
3,6659
9,6660
9,6661
9,6662
22,6663
1,6664
9,6664
9,6665
9,6666
9,6667
3,6668
1,6669
3,6669
1,6670
3,6670
1,6671
3,6671
1,6672
3,6672
9,6673
2,6674
9,6674
1,6675
3,6675
21,6675
1,6676
3,6676
21,6676
1,6677
3,6677
15,6677
9,6678
1,6679
9,6680
9,6681
9,6682
9,6683
9,6684
9,6685
9,6686
9,6687
9,6688
9,6689
9,6690
2,6691
2,6692
2,6693
9,6694
9,6695
1,6696
1,6697
1,6698
1,6699
9,6700
9,6701
1,6702
3,6702
15,6702
1,6703
3,6703
15,6703
1,6704
3,6704
15,6704
9,6705
9,6706
1,6709
3,6709
9,6710
9,6711
9,6712
9,6713
9,6714
9,6715
9,6716
9,6717
9,6718
9,6719
9,6720
9,6721
9,6722
9,6723
9,6724
1,6725
9,6725
15,6725
1,6726
9,6726
15,6726
9,6729
9,6730
9,6731
9,6732
9,6733
9,6734
9,6735
9,6736
2,6737
16,6737
9,6738
9,6739
9,6740
23,6740
9,6741
23,6741
1,6742
1,6743
1,6744
1,6745
1,6746
1,6747
1,6748
1,6749
1,6750
1,6751
1,6752
1,6753
9,6754
1,6755
3,6755
4,6755
10,6755
21,6755
2,6756
9,6756
22,6756
21,6757
2,6758
2,6759
2,6760
1,6761
9,6761
15,6761
21,6761
9,6762
9,6763
22,6763
