program_id,utility_id
3492,2
3494,2
3499,2
5705,2
983,3
5211,4
1187,7
2819,7
3061,7
4143,7
740,8
1289,8
1291,8
1292,8
1294,8
1451,8
3582,8
3973,8
3975,8
3977,8
5149,8
5150,8
5151,8
5217,8
5218,8
5219,8
5364,8
5142,13
5143,13
3339,14
3394,14
2104,16
3052,16
5251,16
1469,23
5456,23
22059,23
2897,24
4840,24
5144,24
5145,24
1610,27
1611,27
1613,27
2818,27
3357,27
352,34
352,35
3490,36
3493,36
3497,36
4164,36
5706,36
909,39
3492,39
3494,39
3499,39
4165,39
4418,39
4466,39
4467,39
5705,39
42,41
1832,43
1930,43
1931,43
5142,43
5143,43
983,46
2382,47
3787,47
4179,47
4530,47
4564,47
4752,47
235,48
740,48
1289,48
1291,48
1292,48
1294,48
1451,48
3582,48
3973,48
3975,48
3977,48
5149,48
5150,48
5151,48
5217,48
5218,48
5219,48
5364,48
3090,55
3773,55
3776,55
3778,55
4752,55
3879,57
5880,57
5125,58
4525,60
4526,60
4528,60
4529,60
5527,63
5528,63
2892,64
2895,64
2916,64
3241,64
2109,66
5125,66
3492,67
3499,67
4466,67
4467,67
5705,67
542,68
3489,68
3496,68
3500,68
4163,68
5703,68
631,70
1614,70
1615,70
1617,70
1618,70
1622,70
1625,70
1647,70
2875,70
3359,70
4809,70
2448,77
3339,77
3394,77
3406,77
22088,77
1932,79
1933,79
3394,79
3409,79
4739,79
4740,79
352,85
542,87
3489,87
3496,87
3500,87
4163,87
5703,87
913,88
3547,88
3548,88
3792,88
4399,88
4646,88
4834,88
4835,88
5027,88
5491,88
5821,88
5853,88
3490,91
3493,91
3497,91
5706,91
235,94
740,94
1289,94
1291,94
1292,94
1294,94
1451,94
3582,94
3973,94
3975,94
3977,94
5149,94
5150,94
5151,94
5217,94
5218,94
5219,94
5364,94
235,97
740,97
1289,97
1291,97
1292,97
1294,97
1451,97
3582,97
3973,97
3975,97
3977,97
5149,97
5150,97
5151,97
5217,97
5218,97
5219,97
5364,97
756,99
1716,99
2458,99
3048,99
4647,99
4890,99
3680,100
3681,100
3682,100
3836,100
3837,100
5494,100
5529,100
5532,100
4739,104
4740,104
3339,109
3394,109
345,110
3217,110
3657,110
3658,110
3677,110
4557,110
4962,110
5039,110
5367,110
5380,110
39,112
130,112
132,112
421,112
474,112
1128,112
1996,112
2160,112
2161,112
5658,112
4714,114
983,115
4016,117
4018,117
908,120
3490,120
3493,120
3497,120
4164,120
4414,120
5706,120
542,121
1973,121
4163,121
4460,121
4461,121
38,122
168,122
589,122
1150,122
1151,122
1502,122
2359,122
2890,122
2978,122
3031,122
3266,122
3330,122
3671,122
3883,122
3966,122
4548,122
4560,122
4933,122
5165,122
5205,122
5567,122
5717,122
2897,123
4840,123
5144,123
5145,123
1259,132
1934,132
1935,132
4333,132
327,133
511,133
513,133
517,133
897,133
1088,133
2011,133
2012,133
2013,133
2014,133
2015,133
2016,133
2020,133
2749,133
2762,133
2925,133
3972,133
5139,133
5154,133
5447,133
22089,133
22090,133
2841,139
4846,142
4847,142
5527,142
5528,142
3286,146
3385,146
3748,146
4749,146
5327,146
4228,150
39,151
5335,152
235,153
740,153
1289,153
1291,153
1292,153
1294,153
1451,153
3582,153
3973,153
3975,153
3977,153
5149,153
5150,153
5151,153
5217,153
5218,153
5219,153
5364,153
2849,154
2382,155
5142,160
5143,160
2450,161
3276,161
3277,161
3278,161
235,164
740,164
1289,164
1291,164
1292,164
1294,164
1451,164
3582,164
3973,164
3975,164
3977,164
5149,164
5150,164
5151,164
5217,164
5218,164
5219,164
5364,164
4016,165
2377,166
2564,166
2662,166
1166,168
1172,168
1173,168
2325,168
3581,168
3583,168
3584,168
4058,168
4016,170
4846,176
4847,176
5527,176
5528,176
3090,178
3785,178
3786,178
4752,178
4844,181
4845,181
21864,181
983,189
235,194
740,194
1289,194
1291,194
1292,194
1294,194
1451,194
3582,194
3973,194
3975,194
3977,194
5149,194
5150,194
5151,194
5217,194
5218,194
5219,194
5364,194
1802,195
4846,197
4847,197
5527,197
5528,197
5142,201
5143,201
542,202
3489,202
3496,202
3500,202
5703,202
42,203
2202,203
2203,203
2204,203
2205,203
2206,203
4471,203
3491,205
3495,205
3498,205
4160,205
5704,205
235,206
740,206
1289,206
1291,206
1292,206
1294,206
1451,206
3582,206
3973,206
3975,206
3977,206
5149,206
5150,206
5151,206
5217,206
5218,206
5219,206
5364,206
5140,209
2192,211
2193,211
3052,211
3344,211
5211,212
42,214
3490,215
3493,215
3497,215
5706,215
3879,217
5880,217
5140,226
5141,226
4553,228
4704,228
42,229
39,231
2459,231
3052,234
235,236
4016,238
235,239
740,239
1289,239
1291,239
1292,239
1294,239
1451,239
3582,239
3973,239
3975,239
3977,239
5149,239
5150,239
5151,239
5217,239
5218,239
5219,239
5364,239
42,244
235,252
740,252
1289,252
1291,252
1292,252
1294,252
1451,252
3582,252
3973,252
3975,252
3977,252
5149,252
5150,252
5151,252
5217,252
5218,252
5219,252
5364,252
2532,254
2533,254
3339,257
3394,257
2139,258
2140,258
2141,258
352,259
2110,259
2112,259
2126,259
2127,259
3545,259
3549,259
3552,259
3655,259
4398,259
5026,259
5708,259
5849,259
2101,260
3052,260
542,261
910,261
3489,261
3496,261
3500,261
3546,261
3550,261
3553,261
4163,261
4394,261
4976,261
5025,261
5707,261
5703,262
542,267
3489,267
3496,267
3500,267
5703,267
22099,270
235,273
740,273
1289,273
1291,273
1292,273
1294,273
1451,273
3582,273
3973,273
3975,273
3977,273
5149,273
5150,273
5151,273
5217,273
5218,273
5219,273
5364,273
4016,274
507,275
325,279
4844,279
4845,279
21864,279
911,280
3491,280
3495,280
3498,280
4160,280
4389,280
4464,280
4465,280
5704,280
983,281
3217,282
5093,287
5142,289
5143,289
3879,291
5880,291
4587,293
4844,294
4845,294
21864,294
3052,297
1974,303
3489,303
3496,303
3500,303
4163,303
5703,303
542,304
913,304
3489,304
3496,304
3547,304
3548,304
3551,304
4399,304
4646,304
5027,304
5703,304
5709,305
235,308
740,308
1289,308
1291,308
1292,308
1294,308
1451,308
3582,308
3973,308
3975,308
3977,308
5149,308
5150,308
5151,308
5217,308
5218,308
5219,308
5364,308
3339,314
3394,314
5254,318
4163,319
5703,319
4739,320
4740,320
2021,322
2028,322
2026,323
2631,323
2946,323
2947,323
5411,323
4739,325
4740,325
166,329
1630,329
1631,329
1659,329
1660,329
5428,329
5140,330
5141,330
2040,333
3723,333
3724,333
4058,333
4636,333
3879,342
5880,342
3329,347
3331,347
235,352
740,352
1289,352
1291,352
1292,352
1294,352
1451,352
3582,352
3973,352
3975,352
3977,352
5149,352
5150,352
5151,352
5217,352
5218,352
5219,352
5364,352
3879,355
5880,355
909,361
3492,361
3494,361
3499,361
4418,361
4466,361
4467,361
5705,361
39,372
2459,372
542,373
3489,373
3496,373
3500,373
4163,373
5703,373
2344,377
526,380
2290,380
3196,380
3879,383
5880,383
1187,384
2819,384
3061,384
3879,384
5880,384
352,385
1487,385
1489,385
2345,385
3058,385
3273,385
3274,385
3382,385
3442,385
3470,385
3472,385
3512,385
3517,385
3518,385
3519,385
3525,385
3967,385
3968,385
4520,385
5001,385
5002,385
5429,385
5430,385
542,387
3489,387
3500,387
5703,387
2261,389
2672,391
4653,391
5114,391
352,394
2124,394
39,398
3879,401
5880,401
235,402
740,402
1289,402
1291,402
1292,402
1294,402
1451,402
3582,402
3973,402
3975,402
3977,402
5149,402
5150,402
5151,402
5217,402
5218,402
5219,402
5364,402
5100,406
5101,406
1788,408
3478,408
3479,408
235,410
740,410
1289,410
1291,410
1292,410
1294,410
1451,410
2041,410
2050,410
3582,410
3973,410
3975,410
3977,410
4858,410
5149,410
5150,410
5151,410
5217,410
5218,410
5219,410
5364,410
1958,412
22132,412
4024,413
2319,417
39,418
2318,418
2419,418
2420,418
3620,418
2262,420
3242,420
5125,420
470,421
665,421
701,421
799,421
1154,421
1156,421
1157,421
1717,421
2324,421
2605,421
2641,421
2725,421
2736,421
2738,421
2761,421
2845,421
3007,421
3425,421
3474,421
3475,421
3476,421
3731,421
4452,421
4490,421
4513,421
4563,421
4696,421
4953,421
5375,421
5540,421
5549,421
5659,421
5662,421
352,422
39,423
3629,423
5377,423
983,424
1471,424
5831,424
5832,424
4016,426
2599,427
261,428
1485,428
2021,428
2028,428
3400,428
3660,428
3661,428
3792,428
3827,428
3828,428
3829,428
3831,428
4176,428
4480,428
4594,428
5170,428
5171,428
86,432
1166,432
1172,432
1173,432
2325,432
3581,432
3583,432
3584,432
4058,432
42,435
235,437
740,437
1289,437
1291,437
1292,437
1294,437
1451,437
3582,437
3973,437
3975,437
3977,437
5149,437
5150,437
5151,437
5217,437
5218,437
5219,437
5364,437
4018,438
3339,448
4739,448
4740,448
3879,449
5880,449
542,451
910,451
1966,451
1969,451
3489,451
3500,451
3546,451
3550,451
3553,451
4163,451
4394,451
4460,451
4461,451
5025,451
5707,451
42,453
764,453
2070,453
3179,453
42,455
3490,458
3493,458
3497,458
5706,458
42,466
3408,467
4898,467
4901,467
4902,467
4903,467
4905,467
4906,467
4907,467
4908,467
1960,469
1962,469
3546,470
3550,470
3553,470
4976,470
5707,470
1806,471
2886,471
3217,471
4378,471
5239,471
4232,477
5211,477
1278,482
1279,482
2640,482
2644,482
3198,482
3199,482
3215,482
3239,482
5105,482
65,483
3985,484
22049,484
22050,484
983,487
42,488
813,488
2131,488
2215,488
2216,488
4222,488
4223,488
42,490
1241,490
1242,490
2072,490
2073,490
2639,490
3250,490
3340,491
235,492
740,492
1289,492
1291,492
1292,492
1294,492
1451,492
3582,492
3973,492
3975,492
3977,492
5149,492
5150,492
5151,492
5217,492
5218,492
5219,492
5364,492
542,494
3489,494
3496,494
3500,494
4460,494
4461,494
5703,494
1955,495
2825,500
4143,501
2643,503
4387,503
39,505
42,505
1387,505
1278,508
1279,508
2923,508
3198,508
3199,508
3215,508
3239,508
4837,508
4839,508
5005,508
5123,508
2108,509
2734,509
2735,509
3060,509
542,510
3489,510
3496,510
3500,510
4163,510
4460,510
4461,510
5703,510
4846,512
4847,512
1957,514
1959,514
3061,515
4143,515
542,516
3489,516
3496,516
3500,516
235,518
740,518
1289,518
1291,518
1292,518
1294,518
1451,518
3582,518
3973,518
3975,518
3977,518
5149,518
5150,518
5151,518
5217,518
5218,518
5219,518
5364,518
3090,521
3787,521
3788,521
3790,521
4530,521
4564,521
4752,521
2222,523
2223,523
3343,523
5125,524
3052,525
542,527
3489,527
3496,527
3500,527
4163,527
5703,527
4275,533
4429,533
3990,534
5125,534
4143,536
2029,539
1276,542
1359,542
1496,542
1748,542
1753,542
4220,542
1688,545
2136,545
39,546
39,548
39,550
42,550
3231,550
3232,550
113,552
2408,552
2434,552
2628,552
2980,552
2981,552
4213,552
4243,552
5552,552
4844,553
4845,553
21864,553
1278,554
1279,554
3198,554
3199,554
3215,554
3239,554
3530,554
3537,554
3540,554
3792,554
4549,554
4550,554
4939,554
4940,554
5095,554
2188,555
4016,555
3492,557
3494,557
3499,557
4165,557
4466,557
4467,557
5705,557
235,560
740,560
1289,560
1291,560
1292,560
1294,560
1451,560
3582,560
3973,560
3975,560
3977,560
5149,560
5150,560
5151,560
5217,560
5218,560
5219,560
5364,560
4525,561
4526,561
4528,561
4529,561
585,563
1187,563
2331,563
2819,563
3061,563
3074,563
3076,563
3166,563
3716,563
4150,563
4454,563
5047,563
5147,563
5152,563
5173,563
5317,563
5400,563
5506,563
5572,563
1807,566
1808,566
3728,566
5153,567
983,568
4016,569
1087,570
1236,570
1263,570
1321,570
1322,570
1323,570
1324,570
1327,570
1330,570
1399,570
1407,570
2623,570
3081,570
3445,570
3447,570
3730,570
3887,570
3888,570
4338,570
4340,570
4356,570
4357,570
4712,570
5120,570
5164,570
5242,570
5356,570
5405,570
5684,570
5692,570
470,571
665,571
701,571
799,571
1154,571
1156,571
1157,571
2324,571
2605,571
2641,571
2725,571
2736,571
2738,571
2761,571
2845,571
3007,571
3425,571
3731,571
3797,571
3821,571
3868,571
4490,571
4513,571
4563,571
4648,571
4690,571
4691,571
4696,571
4953,571
5375,571
5424,571
5540,571
5549,571
5659,571
5662,571
5664,571
22108,571
4016,572
235,573
740,573
1289,573
1291,573
1292,573
1294,573
1451,573
3582,573
3973,573
3975,573
3977,573
5149,573
5150,573
5151,573
5217,573
5218,573
5219,573
5364,573
3090,574
3568,574
3594,574
3595,574
4299,574
4300,574
5752,574
542,578
1961,578
1964,578
3489,578
3496,578
3500,578
4163,578
4460,578
4461,578
5703,578
4024,580
39,583
3339,589
3394,589
1187,591
2819,591
3061,591
4143,591
4234,591
5135,591
5136,591
5137,591
352,592
235,593
740,593
1289,593
1291,593
1292,593
1294,593
1451,593
3582,593
3973,593
3975,593
3977,593
5149,593
5150,593
5151,593
5217,593
5218,593
5219,593
5364,593
311,596
1868,596
2486,596
4170,596
42,598
1963,600
2264,601
2265,601
5049,601
5125,601
542,603
3489,603
3496,603
3500,603
4163,603
5703,603
42,604
2075,604
2076,604
2077,604
2663,604
3389,604
4016,612
2288,616
3339,616
3394,616
2382,617
235,618
740,618
1289,618
1291,618
1292,618
1294,618
1451,618
3582,618
3973,618
3975,618
3977,618
5149,618
5150,618
5151,618
5217,618
5218,618
5219,618
5364,618
908,621
3490,621
3493,621
3497,621
4164,621
4414,621
5706,621
908,622
1965,622
1967,622
3490,622
3493,622
3497,622
3764,622
4164,622
4414,622
4462,622
4463,622
5706,622
2228,624
2248,624
4233,624
5801,624
542,626
2247,626
3489,626
3496,626
3500,626
4163,626
5703,626
235,627
740,627
1289,627
1291,627
1292,627
1294,627
1451,627
3582,627
3973,627
3975,627
3977,627
5149,627
5150,627
5151,627
5217,627
5218,627
5219,627
5364,627
3578,632
4016,632
235,636
740,636
1289,636
1291,636
1292,636
1294,636
1451,636
3582,636
3973,636
3975,636
3977,636
5149,636
5150,636
5151,636
5217,636
5218,636
5219,636
5364,636
39,641
2406,641
2475,641
2487,641
3787,644
3795,644
4530,644
4752,644
4928,645
542,654
3489,654
3496,654
3500,654
4460,654
4461,654
5703,654
1278,655
1279,655
3198,655
3199,655
3215,655
3239,655
3436,655
3755,655
908,658
3490,658
3493,658
3497,658
4164,658
4414,658
4462,658
4463,658
5706,658
630,666
3733,666
3744,666
4205,666
4504,666
4508,666
5127,666
5327,666
555,669
2897,670
4840,670
5144,670
5145,670
2039,671
3430,671
3480,671
2629,672
2643,672
2645,672
4386,672
4770,675
4771,675
4917,675
2044,676
3580,676
4711,676
4802,679
4804,679
3090,680
3591,680
3593,680
3646,680
4080,680
4546,680
4547,680
5142,681
5143,681
542,682
3489,682
3496,682
3500,682
5703,682
983,686
2143,686
1968,687
1970,687
42,691
39,692
2418,692
2489,692
2490,692
2643,695
4683,695
4844,696
4845,696
21864,696
39,699
2671,702
542,704
3489,704
3500,704
5703,704
352,706
1490,706
2191,706
3059,706
3465,706
3466,706
3605,706
3606,706
4276,706
4277,706
5013,706
5457,706
22063,706
4525,709
4526,709
4528,709
4529,709
5401,710
65,715
3873,715
3876,715
4274,715
4514,715
542,716
3489,716
3496,716
3500,716
5703,716
1187,720
2819,720
3061,720
4143,720
235,721
740,721
1289,721
1291,721
1292,721
1294,721
1451,721
3582,721
3973,721
3975,721
3977,721
5149,721
5150,721
5151,721
5217,721
5218,721
5219,721
5364,721
2258,724
3339,724
3394,724
3413,724
3977,724
4739,726
4740,726
1475,727
3492,727
3494,727
5705,727
42,729
4143,732
2825,734
4024,735
5250,735
2825,736
5211,738
42,740
740,741
1289,741
1291,741
1292,741
1294,741
1451,741
2451,741
3194,741
3582,741
3973,741
3975,741
3977,741
5149,741
5150,741
5151,741
5217,741
5218,741
5219,741
5364,741
3052,742
4844,744
4845,744
21864,744
352,746
2008,747
4525,747
4526,747
4528,747
4529,747
1485,750
3311,750
3838,750
3840,750
3841,750
3842,750
3843,750
4196,750
4571,750
4593,750
5545,750
35,752
872,752
950,752
5142,756
5143,756
4525,757
4526,757
4528,757
4529,757
4844,762
4845,762
21864,762
542,765
3489,765
3496,765
3500,765
5703,765
1939,767
3415,767
4739,767
4740,767
235,768
740,768
1289,768
1291,768
1292,768
1294,768
1451,768
3582,768
3973,768
3975,768
3977,768
5149,768
5150,768
5151,768
5217,768
5218,768
5219,768
5364,768
42,776
235,778
740,778
1289,778
1291,778
1292,778
1294,778
1451,778
3582,778
3973,778
3975,778
3977,778
5149,778
5150,778
5151,778
5217,778
5218,778
5219,778
5364,778
2913,782
2914,782
2915,782
3633,782
3637,782
5774,784
22056,784
1445,786
2936,786
3585,786
5163,786
1166,791
1172,791
1173,791
2325,791
3581,791
3583,791
3584,791
4058,791
3052,795
983,799
542,801
3489,801
3496,801
3500,801
5703,801
1763,805
3005,805
5796,805
5798,805
542,807
3489,807
3496,807
3500,807
5703,807
39,809
360,809
374,809
509,809
516,809
1044,809
2157,809
2158,809
2526,809
2527,809
2593,809
2604,809
5859,809
235,810
740,810
1289,810
1291,810
1292,810
1294,810
1451,810
3582,810
3973,810
3975,810
3977,810
5149,810
5150,810
5151,810
5217,810
5218,810
5219,810
5364,810
2825,812
4018,812
3879,818
5880,818
42,820
2534,821
2538,821
4525,822
4526,822
4528,822
4529,822
5140,825
3252,826
3958,826
4533,826
4534,826
4535,826
2435,827
2091,835
5880,837
3264,838
2091,839
3879,841
4143,841
3042,843
542,850
3489,850
3496,850
3500,850
5703,850
3339,852
3394,852
235,855
740,855
1289,855
1291,855
1292,855
1294,855
1451,855
3582,855
3973,855
3975,855
3977,855
5149,855
5150,855
5151,855
5217,855
5218,855
5219,855
5364,855
42,857
368,857
2086,857
3919,859
2038,860
345,862
1375,862
1379,862
2851,862
3435,862
3657,862
3658,862
3677,862
4037,862
4259,862
4557,862
4791,862
4798,862
4799,862
4962,862
5039,862
5359,862
5367,862
5380,862
5140,864
5141,864
2178,865
2179,865
2180,865
4827,867
1187,868
2819,868
3061,868
3879,868
5880,868
908,870
1585,870
1586,870
3490,870
3493,870
3497,870
4414,870
5706,870
235,871
740,871
1289,871
1291,871
1292,871
1294,871
1451,871
3582,871
3973,871
3975,871
3977,871
5149,871
5150,871
5151,871
5217,871
5218,871
5219,871
5364,871
4553,875
4704,875
5241,876
1446,877
2905,877
4870,877
1421,878
1423,878
1427,878
2404,878
4625,878
4627,878
4994,878
5098,878
3692,879
3693,879
3695,879
5817,879
5818,879
4840,883
39,887
2155,887
315,889
1300,889
1301,889
1302,889
2936,889
4115,889
4116,889
5796,889
5798,889
542,890
3489,890
3496,890
3500,890
4163,890
5703,890
5706,894
5140,896
5141,896
3619,897
4846,900
4847,900
5527,900
5528,900
352,902
2123,902
2343,902
3319,902
3320,902
909,903
3492,903
3494,903
3499,903
4165,903
4418,903
4466,903
4467,903
5705,903
42,910
692,910
854,910
2078,910
2080,910
3490,911
3493,911
3497,911
5706,911
911,912
3491,912
3495,912
3498,912
4160,912
5704,912
22099,913
4525,916
4526,916
4528,916
4529,916
5880,923
352,929
3491,935
3495,935
3498,935
4160,935
5704,935
4653,936
5114,936
5332,940
289,941
505,941
1450,941
1452,941
1453,941
2392,941
2739,941
3201,941
4844,942
4845,942
21864,942
3489,944
3496,944
5703,944
3285,953
4470,953
5858,953
4016,957
352,958
2005,958
3292,961
3300,961
5125,961
3052,965
4844,968
4845,968
21864,968
2375,969
3175,969
3457,969
4656,969
4963,969
5450,969
542,971
2244,971
2245,971
2246,971
3489,971
3496,971
3500,971
4163,971
4460,971
4461,971
5703,971
2382,982
3491,984
3495,984
5704,984
23,987
1689,987
1690,987
1696,987
1713,987
2875,987
4844,991
4845,991
21864,991
1264,994
2025,994
2027,994
3339,1009
3394,1009
2539,1017
2540,1017
352,1021
4525,1022
4526,1022
4528,1022
4529,1022
42,1024
63,1024
103,1024
106,1024
2174,1024
2194,1024
2195,1024
2196,1024
2478,1024
2479,1024
3263,1025
4553,1025
4704,1025
86,1031
1106,1031
1166,1031
1172,1031
1173,1031
2325,1031
3015,1031
3581,1031
3583,1031
3584,1031
4058,1031
542,1033
3489,1033
3496,1033
3500,1033
4163,1033
5703,1033
2673,1035
3879,1038
5880,1038
352,1040
235,1046
740,1046
1289,1046
1291,1046
1292,1046
1294,1046
1451,1046
3582,1046
3973,1046
3975,1046
3977,1046
5149,1046
5150,1046
5151,1046
5217,1046
5218,1046
5219,1046
5364,1046
3587,1047
3217,1051
1772,1052
1773,1052
4016,1054
4018,1054
2825,1059
2090,1060
3313,1060
3322,1060
983,1062
485,1064
711,1064
1072,1064
2936,1064
3372,1064
2817,1065
3143,1065
4578,1065
4964,1065
3372,1067
908,1068
3490,1068
3493,1068
3497,1068
4414,1068
5706,1068
22099,1071
2268,1074
2269,1074
5125,1074
5211,1077
4846,1079
4847,1079
4844,1081
4845,1081
21864,1081
2673,1086
1166,1092
1172,1092
1173,1092
2325,1092
3581,1092
3583,1092
3584,1092
4058,1092
542,1095
3489,1095
3496,1095
3500,1095
4163,1095
4460,1095
4461,1095
5703,1095
2674,1096
2270,1103
2271,1103
5125,1103
235,1104
740,1104
1289,1104
1291,1104
1292,1104
1294,1104
1451,1104
3582,1104
3973,1104
3975,1104
3977,1104
5149,1104
5150,1104
5151,1104
5217,1104
5218,1104
5219,1104
5364,1104
2897,1105
5144,1105
5145,1105
3490,1106
3493,1106
3497,1106
4164,1106
5706,1106
506,1113
596,1113
1368,1113
1408,1113
2609,1113
3715,1113
5355,1113
2897,1114
4840,1114
5144,1114
5145,1114
4846,1116
4847,1116
5527,1116
5528,1116
352,1120
3589,1120
235,1123
2893,1124
2673,1133
4653,1133
5114,1133
5142,1135
5143,1135
39,1140
3491,1144
3495,1144
3498,1144
4160,1144
4389,1144
3005,1147
4420,1147
3622,1149
3623,1149
3879,1150
5880,1150
5100,1156
5101,1156
42,1162
2320,1162
3345,1162
345,1167
3657,1167
3658,1167
3677,1167
4557,1167
4962,1167
5039,1167
5367,1167
5380,1167
3492,1171
3494,1171
4165,1171
5705,1171
542,1174
3489,1174
3496,1174
3500,1174
4163,1174
5703,1174
389,1176
481,1176
2045,1176
2046,1176
5174,1176
345,1177
1337,1177
1338,1177
3217,1177
3657,1177
3658,1177
3677,1177
4557,1177
4962,1177
5039,1177
5367,1177
5380,1177
3052,1181
3217,1184
4525,1185
4526,1185
4528,1185
4529,1185
4143,1187
5135,1187
5137,1187
39,1190
911,1192
3491,1192
3495,1192
3498,1192
4160,1192
4389,1192
4464,1192
4465,1192
5704,1192
983,1196
2649,1199
2650,1199
3400,1199
3833,1199
3834,1199
4176,1199
4363,1199
5741,1199
5742,1199
5743,1199
5744,1199
5745,1199
5746,1199
5748,1199
4016,1200
4016,1203
5189,1207
542,1211
3489,1211
3496,1211
3500,1211
5703,1211
352,1215
908,1217
3493,1217
3497,1217
4414,1217
4462,1217
4463,1217
983,1218
235,1219
740,1219
1289,1219
1291,1219
1292,1219
1294,1219
1451,1219
3582,1219
3973,1219
3975,1219
3977,1219
5149,1219
5150,1219
5151,1219
5217,1219
5218,1219
5219,1219
5364,1219
3347,1221
3348,1221
1166,1222
1172,1222
1173,1222
2325,1222
3581,1222
3583,1222
3584,1222
4058,1222
2030,1225
2031,1225
3458,1225
3460,1225
4048,1225
4152,1225
279,1227
948,1227
1643,1227
1645,1227
1648,1227
1651,1227
2618,1227
2620,1227
3129,1227
3130,1227
3131,1227
3134,1227
3135,1227
3564,1227
4048,1227
5810,1227
1187,1231
2819,1231
3061,1231
4143,1231
358,1232
1715,1232
2875,1232
3086,1232
3087,1232
3088,1232
2381,1234
3936,1235
3937,1235
3939,1235
4024,1236
342,1237
1052,1237
4057,1237
4260,1237
4365,1237
4854,1237
5232,1237
5332,1237
1789,1239
1790,1239
1791,1239
3105,1239
5413,1240
5414,1240
5415,1240
342,1241
1052,1241
3090,1241
3791,1241
3792,1241
3794,1241
4615,1241
4618,1241
4752,1241
5332,1241
2182,1243
4016,1243
488,1246
1570,1246
1571,1246
1572,1246
1573,1246
1574,1246
1575,1246
1576,1246
1577,1246
4600,1246
4603,1246
4825,1246
4826,1246
4970,1246
4971,1246
4972,1246
5418,1246
5446,1246
5909,1247
22099,1250
5125,1251
3217,1252
4378,1252
4379,1252
3339,1255
3394,1255
4844,1257
4845,1257
21864,1257
2142,1259
4704,1259
2272,1260
2273,1260
2677,1260
5142,1263
5143,1263
2274,1264
3180,1264
5125,1264
5236,1264
1166,1267
1172,1267
1173,1267
2325,1267
3581,1267
3583,1267
3584,1267
4058,1267
542,1268
3489,1268
3496,1268
3500,1268
4163,1268
4460,1268
4461,1268
5703,1268
3618,1270
4438,1270
22062,1270
404,1271
462,1271
934,1271
3615,1271
4608,1271
4609,1271
4723,1271
4724,1271
2681,1276
4653,1276
4841,1276
5114,1276
2682,1277
4653,1277
5114,1277
983,1280
235,1282
740,1282
1289,1282
1291,1282
1292,1282
1294,1282
1451,1282
3582,1282
3973,1282
3975,1282
3977,1282
5149,1282
5150,1282
5151,1282
5217,1282
5218,1282
5219,1282
5364,1282
542,1283
3489,1283
3496,1283
3500,1283
5703,1284
38,1286
168,1286
589,1286
1150,1286
1151,1286
1502,1286
2359,1286
2890,1286
2978,1286
3031,1286
3266,1286
3330,1286
3671,1286
3883,1286
3966,1286
4548,1286
4560,1286
4933,1286
5165,1286
5205,1286
5567,1286
5717,1286
908,1289
3490,1289
3493,1289
3497,1289
4164,1289
4414,1289
5706,1289
1187,1290
2819,1290
3061,1290
4143,1290
4493,1290
542,1292
3489,1292
3496,1292
3500,1292
4460,1292
4461,1292
5381,1293
5382,1293
1166,1294
1172,1294
1173,1294
2325,1294
3581,1294
3583,1294
3584,1294
4058,1294
352,1296
5248,1296
3614,1297
983,1298
235,1302
740,1302
1289,1302
1291,1302
1292,1302
1294,1302
1451,1302
3582,1302
3973,1302
3975,1302
3977,1302
5149,1302
5150,1302
5151,1302
5217,1302
5218,1302
5219,1302
5364,1302
2282,1303
5286,1303
3339,1305
3394,1305
3293,1307
3294,1307
3295,1307
3296,1307
4653,1309
5114,1309
1466,1310
1467,1310
2355,1310
2518,1310
2932,1310
2933,1310
3361,1310
3364,1310
3443,1310
3882,1310
4531,1310
983,1316
235,1319
740,1319
1289,1319
1291,1319
1292,1319
1294,1319
1451,1319
3582,1319
3973,1319
3975,1319
3977,1319
5149,1319
5150,1319
5151,1319
5217,1319
5218,1319
5219,1319
5364,1319
594,1324
596,1324
597,1324
598,1324
2113,1324
2114,1324
4024,1329
3951,1330
5206,1330
5376,1330
235,1339
740,1339
1289,1339
1291,1339
1292,1339
1294,1339
1451,1339
3582,1339
3973,1339
3975,1339
3977,1339
5149,1339
5150,1339
5151,1339
5217,1339
5218,1339
5219,1339
5364,1339
2897,1341
4840,1341
5144,1341
5145,1341
42,1345
3792,1348
352,1349
1951,1352
3169,1354
3170,1354
2128,1355
42,1356
89,1356
91,1356
542,1358
2919,1358
3489,1358
3496,1358
4163,1358
4460,1358
4461,1358
5703,1358
2683,1361
4653,1361
5114,1361
42,1363
2453,1363
2382,1368
235,1369
740,1369
1289,1369
1291,1369
1292,1369
1294,1369
1451,1369
3582,1369
3973,1369
3975,1369
3977,1369
5149,1369
5150,1369
5151,1369
5217,1369
5218,1369
5219,1369
5364,1369
1341,1374
2607,1374
2936,1374
3571,1374
3542,1381
4653,1381
5114,1381
542,1386
3500,1386
5703,1386
2541,1389
2543,1389
4024,1391
4016,1392
4865,1392
235,1393
740,1393
1289,1393
1291,1393
1292,1393
1294,1393
1451,1393
3582,1393
3973,1393
3975,1393
3977,1393
5149,1393
5150,1393
5151,1393
5217,1393
5218,1393
5219,1393
5364,1393
2897,1395
4840,1395
5144,1395
5145,1395
5142,1396
5143,1396
4844,1398
4845,1398
21864,1398
3339,1400
3394,1400
3576,1400
3577,1400
3621,1401
4681,1401
4984,1401
5142,1402
5143,1402
2431,1403
2597,1403
3616,1403
3617,1403
5125,1404
42,1406
2505,1406
3275,1406
5100,1408
5101,1408
1510,1414
39,1416
2467,1416
2469,1416
2470,1416
3486,1416
2256,1419
3339,1419
3394,1419
4754,1421
4755,1421
1718,1425
1757,1425
3569,1425
3052,1430
352,1432
4525,1434
4526,1434
4528,1434
4529,1434
542,1437
3489,1437
3496,1437
3500,1437
5703,1437
4739,1440
4740,1440
542,1452
3489,1452
3496,1452
3500,1452
4163,1452
5703,1452
731,1454
1047,1454
2159,1454
2643,1454
42,1455
2207,1455
5759,1455
5804,1455
3489,1457
3496,1457
3500,1457
5703,1457
4016,1459
352,1460
542,1462
3489,1462
3496,1462
3500,1462
5703,1462
3332,1471
3333,1471
3758,1471
5553,1471
5554,1471
3052,1472
2447,1477
2825,1477
4484,1477
4485,1477
4836,1477
2544,1480
2545,1480
1566,1491
1810,1491
2836,1491
4583,1491
5854,1491
235,1492
740,1492
1289,1492
1291,1492
1292,1492
1294,1492
1451,1492
3582,1492
3973,1492
3975,1492
3977,1492
5149,1492
5150,1492
5151,1492
5217,1492
5218,1492
5219,1492
5364,1492
3267,1494
1662,1497
1663,1497
1665,1497
2840,1497
76,1498
701,1498
2003,1498
2004,1498
2806,1498
3197,1498
3237,1498
4371,1498
4472,1498
4563,1498
5224,1498
5540,1498
5549,1498
21865,1498
21866,1498
1767,1499
1769,1499
4114,1499
4626,1499
5796,1499
5798,1499
501,1507
1866,1507
1867,1507
2875,1507
2918,1507
4717,1507
4855,1507
5184,1507
5365,1507
5685,1507
3489,1509
3496,1509
3500,1509
5703,1509
983,1511
5789,1511
5790,1511
3492,1512
3494,1512
3499,1512
5705,1512
3893,1513
1770,1516
1771,1516
4803,1516
5018,1516
5796,1516
5798,1516
4713,1520
5019,1520
352,1522
2122,1522
3467,1522
4620,1522
4941,1522
4942,1522
503,1526
523,1526
1166,1527
1172,1527
1173,1527
2325,1527
3581,1527
3583,1527
3584,1527
4058,1527
5142,1532
5143,1532
3052,1537
1166,1538
1172,1538
1173,1538
2325,1538
3581,1538
3583,1538
3584,1538
4058,1538
3492,1544
3494,1544
4165,1544
5705,1544
4016,1546
235,1551
740,1551
1289,1551
1291,1551
1292,1551
1294,1551
1451,1551
1503,1551
2839,1551
3582,1551
3973,1551
3975,1551
3977,1551
5149,1551
5150,1551
5151,1551
5217,1551
5218,1551
5219,1551
5364,1551
5142,1553
5143,1553
2089,1555
4948,1555
5336,1558
4525,1562
4526,1562
4528,1562
4529,1562
2897,1563
4840,1563
235,1564
740,1564
1289,1564
1291,1564
1292,1564
1294,1564
1451,1564
3582,1564
3973,1564
3975,1564
3977,1564
5149,1564
5150,1564
5151,1564
5217,1564
5218,1564
5219,1564
5364,1564
1811,1569
39,1572
3229,1575
1812,1577
3217,1577
3456,1577
3441,1580
4235,1580
4525,1582
4526,1582
4528,1582
4529,1582
3052,1583
3787,1584
4187,1584
4530,1584
4564,1584
4752,1584
908,1586
3490,1586
3493,1586
3497,1586
4414,1586
5706,1586
1940,1587
1941,1587
4888,1587
5142,1587
5143,1587
3879,1589
5880,1589
235,1591
740,1591
1289,1591
1291,1591
1292,1591
1294,1591
1451,1591
2051,1591
2052,1591
2053,1591
2054,1591
3582,1591
3973,1591
3975,1591
3977,1591
5149,1591
5150,1591
5151,1591
5217,1591
5218,1591
5219,1591
5364,1591
2684,1592
4653,1592
5114,1592
2825,1594
542,1595
3489,1595
3496,1595
3500,1595
4163,1595
5703,1595
5880,1596
345,1598
1339,1598
1353,1598
1383,1598
1389,1598
1400,1598
2107,1598
2851,1598
3378,1598
3435,1598
3657,1598
3658,1598
3677,1598
4037,1598
4055,1598
4791,1598
4798,1598
4799,1598
5038,1598
5039,1598
5359,1598
5367,1598
5380,1598
5828,1598
506,1601
596,1601
1368,1601
1408,1601
2609,1601
3715,1601
5355,1601
3491,1603
3495,1603
3498,1603
4160,1603
5704,1603
235,1605
740,1605
1289,1605
1291,1605
1292,1605
1294,1605
1451,1605
3582,1605
3973,1605
3975,1605
3977,1605
5149,1605
5150,1605
5151,1605
5217,1605
5218,1605
5219,1605
5364,1605
3339,1606
3394,1606
42,1607
4143,1610
542,1617
3489,1617
3496,1617
3500,1617
5703,1617
39,1618
3211,1618
3213,1618
3963,1618
3909,1620
3916,1620
3339,1625
3394,1625
235,1630
740,1630
1289,1630
1291,1630
1292,1630
1294,1630
1451,1630
3582,1630
3973,1630
3975,1630
3977,1630
5149,1630
5150,1630
5151,1630
5217,1630
5218,1630
5219,1630
5364,1630
5142,1632
5143,1632
542,1635
3687,1635
4163,1635
4207,1635
4460,1635
4461,1635
5703,1635
235,1638
740,1638
1289,1638
1291,1638
1292,1638
1294,1638
1451,1638
3582,1638
3973,1638
3975,1638
3977,1638
5149,1638
5150,1638
5151,1638
5217,1638
5218,1638
5219,1638
5364,1638
2894,1641
542,1642
3489,1642
3496,1642
3500,1642
4163,1642
5703,1642
235,1643
488,1644
1187,1644
1506,1644
1507,1644
1508,1644
1513,1644
1514,1644
1516,1644
1517,1644
1518,1644
2819,1644
3061,1644
3103,1644
3253,1644
3254,1644
3482,1644
3483,1644
3484,1644
3505,1644
3506,1644
3507,1644
3508,1644
3509,1644
3510,1644
3511,1644
3513,1644
3514,1644
4729,1644
4730,1644
4731,1644
4732,1644
4733,1644
4735,1644
4738,1644
4772,1644
4773,1644
5339,1644
3090,1648
3787,1648
4182,1648
4530,1648
4564,1648
4653,1648
4752,1648
3061,1652
3879,1652
5880,1652
65,1653
678,1653
1051,1653
4132,1653
4133,1653
4514,1653
4867,1653
5159,1653
3061,1654
4143,1654
2685,1655
4653,1655
5114,1655
39,1657
1296,1657
1299,1657
2825,1658
22099,1658
3052,1660
542,1662
2233,1662
2234,1662
3489,1662
3496,1662
3500,1662
4163,1662
4460,1662
4461,1662
5703,1662
5125,1663
2643,1668
3187,1672
542,1674
1980,1674
1981,1674
3489,1674
3496,1674
3500,1674
5703,1674
2643,1677
4387,1677
3339,1679
3394,1679
39,1683
42,1684
983,1685
2825,1688
1092,1689
1519,1689
1520,1689
1522,1689
1523,1689
3282,1689
4425,1689
5418,1689
5446,1689
5909,1689
2251,1690
2252,1690
2253,1690
2254,1690
3394,1690
4844,1691
4845,1691
21864,1691
5793,1694
5794,1694
1474,1695
4261,1695
4264,1695
4265,1695
3674,1698
4279,1698
4016,1699
4482,1699
5125,1700
42,1702
2522,1702
1882,1703
1885,1703
1887,1703
2709,1703
2875,1703
3219,1703
3222,1703
3230,1703
39,1706
3337,1706
5116,1707
352,1711
1187,1713
2819,1713
3061,1713
4143,1713
37,1716
832,1716
1655,1716
1658,1716
3121,1716
5006,1716
5007,1716
3697,1721
1942,1727
5094,1727
5142,1727
5143,1727
2546,1731
2547,1731
2115,1738
2673,1738
3096,1738
542,1741
3489,1741
3496,1741
3500,1741
4460,1741
4461,1741
1166,1742
1172,1742
1173,1742
2325,1742
3581,1742
3583,1742
3584,1742
4058,1742
3291,1743
542,1746
912,1746
3489,1746
3496,1746
3545,1746
3549,1746
3552,1746
4398,1746
5026,1746
5708,1746
5703,1747
1187,1749
2819,1749
3061,1749
235,1752
740,1752
1289,1752
1291,1752
1292,1752
1294,1752
1451,1752
3582,1752
3973,1752
3975,1752
3977,1752
5149,1752
5150,1752
5151,1752
5217,1752
5218,1752
5219,1752
5364,1752
3489,1755
3500,1755
5703,1755
2103,1761
542,1766
1982,1766
1983,1766
1984,1766
3489,1766
3496,1766
3500,1766
4163,1766
4460,1766
4461,1766
2396,1767
911,1768
3491,1768
3495,1768
3498,1768
4160,1768
5704,1768
1480,1769
2861,1769
2862,1769
3490,1770
3493,1770
3497,1770
5706,1770
235,1771
740,1771
1289,1771
1291,1771
1292,1771
1294,1771
1451,1771
3582,1771
3973,1771
3975,1771
3977,1771
5149,1771
5150,1771
5151,1771
5217,1771
5218,1771
5219,1771
5364,1771
2444,1773
4063,1773
5134,1773
345,1776
1339,1776
1383,1776
1389,1776
1390,1776
1391,1776
1400,1776
2851,1776
3378,1776
3435,1776
3657,1776
3658,1776
3677,1776
4037,1776
4055,1776
4557,1776
4791,1776
4798,1776
4799,1776
4962,1776
5039,1776
5359,1776
5367,1776
5380,1776
3879,1777
5880,1777
4844,1778
4845,1778
21864,1778
287,1780
1339,1780
1348,1780
1352,1780
1383,1780
1389,1780
1400,1780
2851,1780
3023,1780
3024,1780
3025,1780
3190,1780
3191,1780
3378,1780
3657,1780
3677,1780
4037,1780
4055,1780
4507,1780
4557,1780
4791,1780
4798,1780
4799,1780
4962,1780
5010,1780
3021,1781
5756,1781
542,1782
3489,1782
3500,1782
4163,1782
4460,1782
4461,1782
5703,1782
3492,1784
3494,1784
3499,1784
5705,1784
983,1785
1187,1788
2819,1788
3061,1788
4143,1788
3054,1796
3323,1796
3327,1796
2382,1798
42,1803
124,1805
328,1805
1415,1805
2601,1805
4473,1805
4523,1805
4524,1805
4629,1805
5314,1805
22075,1805
3492,1806
3499,1806
5705,1806
352,1807
2006,1807
3630,1808
4796,1808
2643,1811
3489,1812
3496,1812
3500,1812
5703,1812
235,1813
740,1813
1289,1813
1291,1813
1292,1813
1294,1813
1451,1813
3582,1813
3973,1813
3975,1813
3977,1813
5149,1813
5150,1813
5151,1813
5217,1813
5218,1813
5219,1813
5364,1813
2163,1814
2164,1814
2165,1814
2175,1814
2176,1814
2177,1814
2920,1814
3192,1814
3962,1814
4108,1814
4457,1814
5104,1814
5807,1814
235,1816
740,1816
1289,1816
1291,1816
1292,1816
1294,1816
1451,1816
3582,1816
3973,1816
3975,1816
3977,1816
5149,1816
5150,1816
5151,1816
5217,1816
5218,1816
5219,1816
5364,1816
235,1819
740,1819
1289,1819
1291,1819
1292,1819
1294,1819
1451,1819
3582,1819
3973,1819
3975,1819
3977,1819
5149,1819
5150,1819
5151,1819
5217,1819
5218,1819
5219,1819
5364,1819
235,1820
740,1820
1289,1820
1291,1820
1292,1820
1294,1820
1451,1820
3582,1820
3973,1820
3975,1820
3977,1820
5149,1820
5150,1820
5151,1820
5217,1820
5218,1820
5219,1820
5364,1820
2484,1825
3752,1825
3754,1825
4866,1825
2548,1826
2549,1826
352,1828
983,1829
3335,1830
3763,1830
1943,1831
5360,1831
470,1834
665,1834
701,1834
799,1834
1154,1834
1156,1834
1157,1834
2324,1834
2605,1834
2641,1834
2725,1834
2736,1834
2738,1834
2761,1834
2845,1834
3007,1834
3425,1834
3463,1834
3731,1834
4244,1834
4306,1834
4490,1834
4513,1834
4563,1834
4574,1834
4696,1834
4953,1834
4955,1834
5375,1834
5540,1834
5549,1834
5662,1834
2643,1835
4387,1835
4016,1836
3052,1839
3787,1840
4188,1840
4530,1840
4564,1840
4752,1840
542,1844
3489,1844
3496,1844
3500,1844
5703,1844
352,1846
4844,1847
4845,1847
21864,1847
4653,1848
470,1850
665,1850
701,1850
799,1850
1154,1850
1156,1850
1157,1850
2324,1850
2605,1850
2641,1850
2725,1850
2736,1850
2738,1850
2761,1850
2845,1850
3007,1850
3018,1850
3026,1850
3425,1850
3462,1850
3731,1850
4490,1850
4513,1850
4696,1850
4953,1850
5375,1850
5662,1850
4845,1852
3947,1854
4653,1859
5114,1859
2283,1860
908,1862
3490,1862
3493,1862
3497,1862
4164,1862
4414,1862
5706,1862
2042,1864
2550,1866
2551,1866
3339,1867
3394,1867
4016,1873
740,1876
1289,1876
1291,1876
1292,1876
1294,1876
1451,1876
3582,1876
3973,1876
3975,1876
3977,1876
5149,1876
5150,1876
5151,1876
5217,1876
5218,1876
5219,1876
5364,1876
3339,1878
3394,1878
910,1880
2275,1880
2276,1880
3546,1880
3550,1880
3553,1880
4976,1880
5025,1880
5707,1880
1936,1883
1938,1883
4739,1883
4740,1883
4846,1884
4847,1884
5527,1884
5528,1884
4024,1885
3492,1886
3494,1886
3499,1886
4466,1886
4467,1886
5705,1886
342,1890
1052,1890
3161,1890
4682,1890
4684,1890
5003,1890
5326,1890
5332,1890
5672,1890
5726,1890
5727,1890
42,1892
4198,1892
235,1897
740,1897
1289,1897
1291,1897
1292,1897
1294,1897
1451,1897
2942,1897
3090,1897
3582,1897
3780,1897
3782,1897
3784,1897
3973,1897
3975,1897
3977,1897
5149,1897
5150,1897
5151,1897
5217,1897
5218,1897
5219,1897
5364,1897
2537,1898
5762,1898
5766,1898
5768,1898
5770,1898
1048,1899
1589,1899
1590,1899
1595,1899
2630,1899
3781,1899
3807,1899
3808,1899
4006,1899
4370,1899
4695,1899
4812,1899
4813,1899
4814,1899
4817,1899
5417,1899
5446,1899
4816,1900
983,1903
39,1904
1166,1905
1172,1905
1173,1905
2325,1905
3581,1905
3583,1905
3584,1905
4058,1905
1656,1909
1657,1909
5652,1909
5653,1909
5654,1909
5655,1909
235,1910
740,1910
1289,1910
1291,1910
1292,1910
1294,1910
1451,1910
3582,1910
3973,1910
3975,1910
3977,1910
5149,1910
5150,1910
5151,1910
5217,1910
5218,1910
5219,1910
5364,1910
5100,1912
5101,1912
2382,1915
3111,1917
3112,1917
3115,1917
4572,1917
542,1924
3489,1924
3496,1924
3500,1924
4163,1924
740,1926
1289,1926
1291,1926
1292,1926
1294,1926
1451,1926
3582,1926
3973,1926
3975,1926
3977,1926
5149,1926
5150,1926
5151,1926
5217,1926
5218,1926
5219,1926
5364,1926
4845,1928
21864,1928
2514,1930
3008,1930
4237,1930
4290,1930
5125,1932
235,1933
740,1933
1289,1933
1291,1933
1292,1933
1294,1933
1451,1933
3582,1933
3973,1933
3975,1933
3977,1933
5149,1933
5150,1933
5151,1933
5217,1933
5218,1933
5219,1933
5364,1933
740,1934
1289,1934
1291,1934
1292,1934
1294,1934
1451,1934
3582,1934
3973,1934
3975,1934
3977,1934
5149,1934
5150,1934
5151,1934
5217,1934
5218,1934
5219,1934
5364,1934
235,1935
740,1935
1289,1935
1291,1935
1292,1935
1294,1935
1451,1935
3582,1935
3973,1935
3975,1935
3977,1935
5149,1935
5150,1935
5151,1935
5217,1935
5218,1935
5219,1935
5364,1935
3879,1939
5880,1939
1278,1941
1279,1941
3198,1941
3199,1941
3215,1941
3239,1941
4837,1941
4839,1941
5005,1941
5123,1941
1278,1942
1279,1942
3198,1942
3199,1942
3215,1942
3239,1942
3530,1942
3537,1942
3540,1942
3792,1942
4549,1942
4550,1942
4939,1942
4940,1942
5095,1942
42,1943
42,1946
1305,1946
2214,1946
2488,1946
4525,1947
4526,1947
4528,1947
4529,1947
3590,1948
3638,1949
3639,1949
3640,1949
3641,1949
4565,1949
5784,1949
42,1951
909,1952
3492,1952
3494,1952
3499,1952
4418,1952
5705,1952
4739,1954
4740,1954
39,1955
629,1955
2316,1955
3136,1955
3137,1955
1999,1958
2000,1958
470,1964
665,1964
701,1964
799,1964
1154,1964
1156,1964
1157,1964
2324,1964
2605,1964
2641,1964
2725,1964
2736,1964
2738,1964
2761,1964
2845,1964
3007,1964
3425,1964
3731,1964
3905,1964
4490,1964
4513,1964
4563,1964
4644,1964
4696,1964
4953,1964
5011,1964
5012,1964
5375,1964
5540,1964
5549,1964
5659,1964
5662,1964
3090,1965
3787,1965
4183,1965
4530,1965
4564,1965
4752,1965
2897,1966
4840,1966
5144,1966
5145,1966
2678,1967
42,1970
435,1970
914,1970
2130,1970
4996,1970
3052,1972
4846,1974
4847,1974
4016,1975
5142,1977
5143,1977
1528,1987
1530,1987
1531,1987
1532,1987
1533,1987
1534,1987
3139,1987
3140,1987
3146,1987
4586,1987
5418,1987
5446,1987
5909,1987
1256,1993
1944,1993
1945,1993
4334,1993
2301,1994
1166,1995
1172,1995
1173,1995
2325,1995
3581,1995
3583,1995
3584,1995
4058,1995
909,2000
3492,2000
3494,2000
3499,2000
4165,2000
4418,2000
4466,2000
4467,2000
5705,2000
2181,2003
4016,2003
4016,2004
2043,2005
4024,2005
42,2007
671,2007
2424,2007
548,2008
552,2008
1420,2008
1428,2008
1455,2008
2362,2008
2743,2008
2744,2008
2875,2008
3305,2008
3644,2008
3673,2008
4118,2008
4257,2008
4271,2008
4897,2008
4899,2008
4900,2008
4979,2008
5146,2008
5454,2008
5620,2008
25,2009
39,2009
42,2009
709,2009
936,2009
980,2009
1233,2009
1429,2009
1430,2009
1435,2009
1438,2009
1442,2009
1676,2009
1677,2009
2364,2009
2365,2009
2407,2009
2410,2009
2411,2009
2412,2009
2413,2009
2414,2009
2415,2009
2416,2009
2417,2009
2426,2009
2437,2009
2438,2009
2707,2009
2791,2009
3142,2009
3144,2009
3153,2009
3227,2009
3325,2009
3326,2009
3418,2009
3420,2009
3423,2009
3426,2009
3427,2009
3564,2009
3610,2009
4516,2009
4699,2009
4878,2009
5183,2009
5866,2009
5864,2011
5865,2013
510,2019
2098,2019
2099,2019
3052,2019
116,2021
445,2021
1684,2021
1686,2021
2873,2021
2940,2021
3556,2021
5021,2021
5022,2021
5124,2021
5187,2021
983,2022
235,2029
740,2029
1289,2029
1291,2029
1292,2029
1294,2029
1451,2029
3582,2029
3973,2029
3975,2029
3977,2029
5149,2029
5150,2029
5151,2029
5217,2029
5218,2029
5219,2029
5364,2029
542,2030
3489,2030
3496,2030
3500,2030
4460,2030
4461,2030
5703,2030
3965,2035
4653,2035
5114,2035
42,2041
569,2043
1889,2043
3260,2043
3190,2044
3191,2044
2097,2046
3052,2046
3608,2046
2221,2047
2897,2048
5144,2048
5145,2048
4525,2050
4526,2050
4528,2050
4529,2050
3217,2052
5125,2053
2687,2054
2691,2054
4653,2054
5114,2054
109,2060
1780,2060
1781,2060
2867,2060
2872,2060
5220,2060
5412,2060
42,2061
2173,2061
3043,2061
3044,2061
2088,2062
3432,2062
2897,2064
5144,2064
5145,2064
42,2068
2200,2068
2201,2068
4599,2068
42,2071
4227,2071
4532,2071
65,2073
623,2073
1056,2073
4132,2073
4133,2073
4514,2073
4867,2073
5159,2073
5659,2073
4016,2075
65,2076
679,2076
1501,2076
3091,2076
3853,2076
3854,2076
3856,2076
3858,2076
4012,2076
4027,2076
4514,2076
65,2077
4132,2077
4133,2077
4514,2077
4867,2077
352,2078
911,2079
2302,2079
2303,2079
2304,2079
3491,2079
3495,2079
3498,2079
4160,2079
4389,2079
4464,2079
4465,2079
5704,2079
42,2080
4525,2084
4526,2084
4528,2084
4529,2084
3879,2087
5880,2087
2389,2091
65,2093
498,2093
3240,2093
4040,2093
4052,2093
4514,2093
5659,2094
909,2095
3492,2095
3494,2095
4165,2095
4418,2095
4466,2095
4467,2095
5705,2095
542,2097
3496,2097
3500,2097
4163,2097
5703,2097
352,2099
2120,2099
2121,2099
3402,2099
4554,2099
4555,2099
740,2100
1289,2100
1291,2100
1292,2100
1294,2100
1451,2100
3582,2100
3973,2100
3975,2100
3977,2100
5149,2100
5150,2100
5151,2100
5217,2100
5218,2100
5219,2100
5364,2100
5140,2102
5141,2102
65,2105
235,2117
740,2117
1289,2117
1291,2117
1292,2117
1294,2117
1451,2117
3582,2117
3973,2117
3975,2117
3977,2117
5149,2117
5150,2117
5151,2117
5217,2117
5218,2117
5219,2117
5364,2117
983,2123
2966,2124
4016,2124
3489,2125
3496,2125
3500,2125
5703,2125
235,2127
740,2127
1289,2127
1291,2127
1292,2127
1294,2127
1451,2127
3582,2127
3973,2127
3975,2127
3977,2127
5149,2127
5150,2127
5151,2127
5217,2127
5218,2127
5219,2127
5364,2127
983,2128
4525,2132
4526,2132
4528,2132
4529,2132
3492,2134
3499,2134
5705,2134
42,2136
2212,2136
2213,2136
2405,2136
3271,2136
4224,2136
25,2138
39,2138
709,2138
936,2138
1233,2138
1674,2138
2426,2138
2437,2138
2438,2138
2791,2138
3142,2138
3144,2138
3153,2138
3227,2138
3564,2138
3610,2138
4699,2138
5183,2138
5872,2138
2105,2139
2936,2139
4098,2139
4815,2139
3931,2140
3932,2140
4938,2140
5116,2140
5327,2140
5341,2140
5342,2140
5697,2140
105,2143
3289,2143
3689,2143
3691,2143
3746,2143
4201,2143
4203,2143
4204,2143
4503,2143
5210,2143
5327,2143
5399,2143
22092,2143
3745,2144
22099,2145
542,2146
913,2146
3489,2146
3496,2146
3500,2146
3547,2146
3548,2146
3551,2146
4399,2146
4646,2146
5027,2146
5703,2146
5709,2147
2289,2150
2833,2150
4525,2152
4526,2152
4528,2152
4529,2152
235,2153
740,2153
1289,2153
1291,2153
1292,2153
1294,2153
1451,2153
3582,2153
3973,2153
3975,2153
3977,2153
5149,2153
5150,2153
5151,2153
5217,2153
5218,2153
5219,2153
5364,2153
42,2155
3492,2156
3494,2156
3499,2156
4165,2156
4466,2156
4467,2156
5705,2156
3090,2159
3787,2159
4184,2159
4530,2159
4564,2159
4752,2159
740,2160
1289,2160
1291,2160
1292,2160
1294,2160
1451,2160
3582,2160
3973,2160
3975,2160
3977,2160
5149,2160
5150,2160
5151,2160
5217,2160
5218,2160
5219,2160
5364,2160
2552,2162
2553,2162
3228,2163
740,2165
1289,2165
1291,2165
1292,2165
1294,2165
1451,2165
3582,2165
3973,2165
3975,2165
3977,2165
5149,2165
5150,2165
5151,2165
5217,2165
5218,2165
5219,2165
5364,2165
3217,2166
5144,2167
5145,2167
235,2168
740,2168
1289,2168
1291,2168
1292,2168
1294,2168
1451,2168
3582,2168
3973,2168
3975,2168
3977,2168
5149,2168
5150,2168
5151,2168
5217,2168
5218,2168
5219,2168
5364,2168
3491,2169
3495,2169
3498,2169
4160,2169
2554,2170
2555,2170
3879,2171
5880,2171
42,2173
2197,2173
2198,2173
2199,2173
9,2180
1073,2180
1255,2180
1580,2180
1581,2180
3698,2180
4705,2180
4722,2180
5295,2180
5627,2180
5628,2180
5718,2180
2296,2181
2297,2181
2298,2181
5332,2181
2370,2182
2373,2182
2374,2182
3078,2182
3079,2182
3192,2182
4108,2182
4457,2182
4645,2182
5104,2182
5507,2182
5827,2182
1277,2183
1422,2183
2990,2183
2991,2183
2992,2183
3598,2183
3600,2183
5215,2183
3659,2184
3792,2184
3823,2184
38,2185
168,2185
589,2185
1150,2185
1151,2185
1502,2185
2359,2185
2890,2185
2910,2185
2978,2185
3031,2185
3266,2185
3330,2185
3671,2185
3883,2185
3907,2185
3966,2185
4588,2185
4933,2185
4982,2185
4983,2185
5165,2185
5205,2185
2846,2186
5524,2186
42,2187
967,2187
1679,2187
1680,2187
1681,2187
1692,2187
1700,2187
1706,2187
1708,2187
1712,2187
3205,2187
3206,2187
5451,2187
542,2188
3496,2188
5703,2188
352,2196
2119,2196
4762,2196
5055,2196
4016,2197
1187,2199
2819,2199
3061,2199
3879,2199
5880,2199
1166,2202
1172,2202
1173,2202
2325,2202
3581,2202
3583,2202
3584,2202
4058,2202
983,2203
3066,2204
5792,2204
1829,2205
1831,2205
4595,2205
3339,2206
3394,2206
3879,2208
5880,2208
738,2212
1894,2212
2582,2213
2584,2213
235,2214
740,2214
1289,2214
1291,2214
1292,2214
1294,2214
1451,2214
3582,2214
3973,2214
3975,2214
3977,2214
5149,2214
5150,2214
5151,2214
5217,2214
5218,2214
5219,2214
5364,2214
2897,2218
4840,2218
5144,2218
5145,2218
235,2223
740,2223
1289,2223
1291,2223
1292,2223
1294,2223
1451,2223
3582,2223
3973,2223
3975,2223
3977,2223
5149,2223
5150,2223
5151,2223
5217,2223
5218,2223
5219,2223
5364,2223
235,2225
740,2225
1289,2225
1291,2225
1292,2225
1294,2225
1451,2225
3582,2225
3973,2225
3975,2225
3977,2225
5149,2225
5150,2225
5151,2225
5217,2225
5218,2225
5219,2225
5364,2225
42,2226
2512,2226
2813,2226
2837,2226
3186,2226
740,2229
1289,2229
1291,2229
1292,2229
1294,2229
1451,2229
3582,2229
3973,2229
3975,2229
3977,2229
5149,2229
5150,2229
5151,2229
5217,2229
5218,2229
5219,2229
5364,2229
2516,2235
3195,2235
3977,2235
235,2239
740,2239
1289,2239
1291,2239
1292,2239
1294,2239
1451,2239
3416,2239
3582,2239
3973,2239
3975,2239
3977,2239
4028,2239
4194,2239
4851,2239
4929,2239
5149,2239
5150,2239
5151,2239
5217,2239
5218,2239
5219,2239
5364,2239
5768,2239
135,2240
139,2240
1896,2240
1897,2240
1901,2240
2874,2240
2875,2240
3926,2240
5880,2241
352,2242
1257,2251
1946,2251
2865,2251
4331,2251
470,2252
665,2252
701,2252
799,2252
1154,2252
1156,2252
1157,2252
2324,2252
2605,2252
2641,2252
2725,2252
2736,2252
2738,2252
2761,2252
2845,2252
3007,2252
3425,2252
3464,2252
3731,2252
4245,2252
4304,2252
4490,2252
4513,2252
4563,2252
4575,2252
4696,2252
4956,2252
5375,2252
5540,2252
5659,2252
5662,2252
4229,2253
235,2254
740,2254
1289,2254
1291,2254
1292,2254
1294,2254
1451,2254
3061,2254
3582,2254
3973,2254
3975,2254
3977,2254
4143,2254
5149,2254
5150,2254
5151,2254
5217,2254
5218,2254
5219,2254
5364,2254
3879,2256
5880,2256
2897,2257
4840,2257
5144,2257
5145,2257
38,2259
168,2259
589,2259
1150,2259
1151,2259
1502,2259
2359,2259
2978,2259
3031,2259
3266,2259
3330,2259
3671,2259
3883,2259
3966,2259
4548,2259
4560,2259
4933,2259
5165,2259
5205,2259
5567,2259
5717,2259
542,2262
3489,2262
3496,2262
3500,2262
4460,2262
4461,2262
3879,2266
5880,2266
4846,2268
4847,2268
5527,2268
5528,2268
4846,2269
4847,2269
5527,2269
5528,2269
1091,2271
1902,2271
1903,2271
1904,2271
1905,2271
2810,2271
3339,2273
3394,2273
1187,2278
2819,2278
3061,2278
3879,2278
4143,2278
5880,2278
345,2280
3217,2280
3657,2280
3658,2280
3677,2280
4557,2280
4962,2280
5039,2280
5367,2280
5380,2280
3490,2283
3493,2283
3497,2283
5706,2283
911,2284
3491,2284
3495,2284
3498,2284
4160,2284
5704,2284
42,2286
983,2287
352,2289
4016,2290
314,2293
318,2293
417,2293
514,2293
1455,2293
1916,2293
1917,2293
1918,2293
1919,2293
2875,2293
3886,2293
39,2296
2421,2296
2422,2296
2493,2296
3557,2296
94,2303
1082,2303
3256,2303
4051,2303
22077,2303
2305,2304
2306,2304
61,2306
2036,2306
2473,2306
2794,2306
2795,2306
2797,2306
4147,2306
4322,2306
4788,2306
4789,2306
603,2308
964,2308
965,2308
2010,2308
2096,2308
2611,2308
2776,2308
3052,2308
4558,2308
4559,2308
548,2309
552,2309
1431,2309
1455,2309
1456,2309
2362,2309
2515,2309
2744,2309
2747,2309
2875,2309
3305,2309
3673,2309
4118,2309
4249,2309
4268,2309
4650,2309
4651,2309
4652,2309
4654,2309
4979,2309
5146,2309
4018,2311
5128,2314
1481,2315
4292,2315
4312,2315
2897,2317
5144,2317
5145,2317
908,2318
1987,2318
2022,2318
3490,2318
3493,2318
3497,2318
4164,2318
4414,2318
5706,2318
2399,2323
3005,2323
120,2324
123,2324
1920,2324
1924,2324
3643,2324
2277,2326
5125,2326
5244,2326
521,2327
528,2327
5142,2327
5143,2327
235,2328
740,2328
1289,2328
1291,2328
1292,2328
1294,2328
1451,2328
3582,2328
3973,2328
3975,2328
3977,2328
5149,2328
5150,2328
5151,2328
5217,2328
5218,2328
5219,2328
5364,2328
740,2330
1289,2330
1291,2330
1292,2330
1294,2330
1451,2330
3582,2330
3973,2330
3975,2330
3977,2330
5149,2330
5150,2330
5151,2330
5217,2330
5218,2330
5219,2330
5364,2330
4016,2332
4016,2339
908,2341
3490,2341
3493,2341
3497,2341
4414,2341
5706,2341
4016,2345
2643,2346
2278,2350
2279,2350
3328,2350
42,2351
628,2351
839,2351
2208,2351
2209,2351
2210,2351
2211,2351
2218,2351
2220,2351
4479,2351
5130,2351
542,2359
2231,2359
2232,2359
3489,2359
3496,2359
3500,2359
4163,2359
5703,2359
542,2361
1988,2361
1989,2361
3489,2361
3496,2361
3500,2361
4163,2361
5703,2361
1947,2368
1948,2368
4739,2368
4740,2368
4176,2372
5176,2372
5177,2372
235,2373
740,2373
1289,2373
1291,2373
1292,2373
1294,2373
1451,2373
3582,2373
3973,2373
3975,2373
3977,2373
5149,2373
5150,2373
5151,2373
5217,2373
5218,2373
5219,2373
5364,2373
235,2374
908,2375
1603,2375
1604,2375
3490,2375
3493,2375
3497,2375
4414,2375
5706,2375
352,2377
2664,2378
3061,2379
4143,2379
2897,2383
4840,2383
5144,2383
5145,2383
542,2384
3489,2384
3496,2384
3500,2384
5703,2384
1929,2392
3217,2392
235,2393
740,2393
1289,2393
1291,2393
1292,2393
1294,2393
1451,2393
3582,2393
3973,2393
3975,2393
3977,2393
5149,2393
5150,2393
5151,2393
5217,2393
5218,2393
5219,2393
5364,2393
124,2396
1093,2396
1416,2396
1417,2396
1457,2396
2601,2396
3138,2396
4523,2396
4524,2396
4590,2396
4629,2396
5314,2396
22075,2397
2961,2402
2897,2406
4840,2406
5144,2406
5145,2406
42,2412
235,2418
740,2418
1289,2418
1291,2418
1292,2418
1294,2418
1451,2418
3582,2418
3973,2418
3975,2418
3977,2418
5149,2418
5150,2418
5151,2418
5217,2418
5218,2418
5219,2418
5364,2418
3500,2421
5703,2421
42,2424
2237,2424
2238,2424
2239,2424
3174,2424
3318,2424
3321,2424
1990,2429
1992,2429
3150,2430
4806,2430
4808,2430
4810,2430
3339,2434
3394,2434
3217,2436
3787,2438
4530,2438
2307,2439
2308,2439
983,2441
2346,2443
3351,2444
3796,2444
3859,2444
3861,2444
3061,2447
4143,2447
3005,2450
3645,2450
4148,2450
3573,2454
548,2456
552,2456
1455,2456
1458,2456
1459,2456
2362,2456
2744,2456
2875,2456
3305,2456
3673,2456
4118,2456
4250,2456
4258,2456
4269,2456
4377,2456
4979,2456
5146,2456
5649,2457
1187,2458
2819,2458
3061,2458
4143,2458
342,2459
1052,2459
3063,2459
3064,2459
3065,2459
5009,2459
2144,2460
3574,2460
4266,2460
5327,2460
5696,2460
3625,2461
22060,2461
4018,2462
2190,2464
983,2472
542,2475
2229,2475
2230,2475
3489,2475
3496,2475
3500,2475
4163,2475
5703,2475
983,2477
1485,2477
3642,2477
3654,2477
3670,2477
3792,2477
3825,2477
3831,2477
4289,2477
4594,2477
5126,2477
5170,2477
5822,2478
5823,2478
1592,2484
1593,2484
1594,2484
3302,2484
4079,2484
542,2488
3489,2488
3496,2488
3500,2488
5703,2488
1793,2490
4525,2494
4526,2494
4528,2494
4529,2494
235,2495
740,2495
1289,2495
1291,2495
1292,2495
1294,2495
1451,2495
3582,2495
3973,2495
3975,2495
3977,2495
5149,2495
5150,2495
5151,2495
5217,2495
5218,2495
5219,2495
5364,2495
2587,2497
2588,2497
1786,2500
1787,2500
5097,2500
1991,2501
3489,2501
3496,2501
3500,2501
4163,2501
5703,2501
2371,2502
5125,2502
2701,2503
2702,2503
3061,2506
4143,2506
39,2507
2166,2507
2168,2507
2183,2507
2184,2507
3391,2507
3879,2511
5880,2511
2394,2516
2395,2516
3851,2516
3852,2516
5142,2517
5143,2517
4844,2522
4845,2522
21864,2522
3586,2524
2585,2527
2586,2527
5142,2533
5143,2533
909,2535
3492,2535
3494,2535
3499,2535
4165,2535
4418,2535
4466,2535
4467,2535
5705,2535
2449,2537
3339,2537
3394,2537
3433,2537
3434,2537
352,2538
2007,2538
3339,2540
3394,2540
5673,2540
42,2541
4846,2542
4847,2542
3787,2543
4189,2543
4530,2543
4564,2543
4752,2543
3217,2546
4653,2547
5114,2547
235,2554
740,2554
1289,2554
1291,2554
1292,2554
1294,2554
1451,2554
3582,2554
3973,2554
3975,2554
3977,2554
5149,2554
5150,2554
5151,2554
5217,2554
5218,2554
5219,2554
5364,2554
235,2556
740,2556
1289,2556
1291,2556
1292,2556
1294,2556
1451,2556
3582,2556
3973,2556
3975,2556
3977,2556
5149,2556
5150,2556
5151,2556
5217,2556
5218,2556
5219,2556
5364,2556
235,2565
740,2565
1289,2565
1291,2565
1292,2565
1294,2565
1451,2565
3582,2565
3973,2565
3975,2565
3977,2565
5149,2565
5150,2565
5151,2565
5217,2565
5218,2565
5219,2565
5364,2565
39,2568
3879,2572
5880,2572
186,2573
2035,2573
2095,2573
3034,2573
42,2574
5125,2578
235,2579
740,2579
1289,2579
1291,2579
1292,2579
1294,2579
1451,2579
3582,2579
3973,2579
3975,2579
3977,2579
5149,2579
5150,2579
5151,2579
5217,2579
5218,2579
5219,2579
5364,2579
235,2582
740,2582
1289,2582
1291,2582
1292,2582
1294,2582
1451,2582
3582,2582
3973,2582
3975,2582
3977,2582
5149,2582
5150,2582
5151,2582
5217,2582
5218,2582
5219,2582
5364,2582
352,2583
1166,2587
1172,2587
1173,2587
2325,2587
3581,2587
3583,2587
3584,2587
4058,2587
542,2589
3489,2589
3500,2589
5703,2589
42,2597
531,2597
2240,2597
3172,2597
3176,2597
1774,2599
1777,2599
2634,2599
2847,2599
2848,2599
3029,2599
3225,2599
4225,2599
2825,2600
909,2601
3492,2601
3494,2601
3499,2601
4418,2601
4466,2601
4467,2601
5705,2601
42,2602
1356,2604
1366,2604
1367,2604
3355,2604
4766,2604
3490,2607
3493,2607
3497,2607
5706,2607
4282,2610
4561,2610
5319,2610
3262,2611
5802,2611
4525,2613
4526,2613
4528,2613
4529,2613
345,2617
3217,2617
3657,2617
3658,2617
3677,2617
4557,2617
4962,2617
5039,2617
5367,2617
5380,2617
542,2618
3489,2618
3496,2618
3500,2618
5703,2618
4846,2622
4847,2622
5527,2622
5528,2622
3090,2626
4185,2626
4564,2626
4727,2626
4752,2626
5211,2627
39,2628
2185,2628
2186,2628
2187,2628
3390,2628
2693,2630
4653,2630
5114,2630
3492,2633
3494,2633
3499,2633
5705,2633
909,2637
3492,2637
3494,2637
3499,2637
4165,2637
4418,2637
5705,2637
3061,2639
4143,2639
352,2641
3545,2641
3549,2641
3552,2641
4398,2641
1278,2647
1279,2647
2924,2647
3198,2647
3199,2647
3215,2647
3239,2647
4837,2647
4839,2647
5005,2647
5123,2647
909,2648
3492,2648
3494,2648
3499,2648
4418,2648
4466,2648
4467,2648
5705,2648
4525,2651
4526,2651
4528,2651
4529,2651
352,2658
2443,2658
235,2659
740,2659
1289,2659
1291,2659
1292,2659
1294,2659
1451,2659
3582,2659
3973,2659
3975,2659
3977,2659
5149,2659
5150,2659
5151,2659
5217,2659
5218,2659
5219,2659
5364,2659
3489,2662
3496,2662
3500,2662
5703,2662
542,2664
910,2664
912,2664
3489,2664
3496,2664
3500,2664
3545,2664
3546,2664
3549,2664
3550,2664
3552,2664
3553,2664
4163,2664
4398,2664
4976,2664
5025,2664
5026,2664
5707,2664
5703,2666
3609,2667
3611,2667
4018,2669
4016,2671
2087,2673
4024,2673
542,2678
911,2678
3491,2678
3495,2678
3498,2678
4160,2678
4163,2678
4389,2678
4394,2678
5704,2678
2037,2681
2402,2681
2266,2683
4828,2683
5125,2683
1925,2687
2838,2687
3489,2692
3496,2692
3500,2692
5703,2692
909,2694
1953,2694
3492,2694
3494,2694
4418,2694
4466,2694
4467,2694
1565,2697
1926,2697
2875,2697
2445,2698
5138,2698
3490,2699
3493,2699
3497,2699
5706,2699
235,2702
740,2702
1289,2702
1291,2702
1292,2702
1294,2702
1451,2702
3582,2702
3973,2702
3975,2702
3977,2702
5149,2702
5150,2702
5151,2702
5217,2702
5218,2702
5219,2702
5364,2702
39,2703
65,2707
3787,2708
4181,2708
4530,2708
4564,2708
4752,2708
344,2709
3489,2710
3500,2710
4163,2710
5703,2710
352,2713
2118,2713
3099,2714
3452,2714
3454,2714
3560,2714
3890,2714
4635,2714
4852,2714
4865,2714
5110,2714
4653,2716
5114,2716
2667,2717
1549,2718
1553,2718
2084,2721
1087,2723
1236,2723
1263,2723
1313,2723
1314,2723
1315,2723
1316,2723
1318,2723
1319,2723
1320,2723
1329,2723
1407,2723
2625,2723
3081,2723
3447,2723
3730,2723
3889,2723
3941,2723
4338,2723
4342,2723
4355,2723
4356,2723
4358,2723
4517,2723
4712,2723
5120,2723
5162,2723
5242,2723
5358,2723
5405,2723
5683,2723
5693,2723
5735,2723
5737,2723
5738,2723
22093,2723
2106,2724
4287,2724
4710,2724
1441,2727
1492,2727
1494,2727
3154,2727
3156,2727
3158,2727
3157,2729
22104,2729
22105,2729
506,2730
596,2730
1368,2730
1408,2730
2609,2730
3715,2730
5355,2730
542,2732
2227,2732
2228,2732
3489,2732
3496,2732
3500,2732
4163,2732
5703,2732
3090,2733
3817,2733
3818,2733
4752,2733
2670,2738
5100,2740
5101,2740
983,2741
4525,2744
4526,2744
4528,2744
4529,2744
3119,2746
3120,2746
3226,2746
3504,2746
5016,2746
42,2748
2241,2748
3592,2749
4024,2749
1166,2752
1172,2752
1173,2752
2325,2752
3581,2752
3583,2752
3584,2752
4058,2752
1166,2753
1172,2753
1173,2753
2325,2753
3581,2753
3583,2753
3584,2753
4058,2753
4844,2756
4845,2756
21864,2756
740,2758
1289,2758
1291,2758
1292,2758
1294,2758
1451,2758
3582,2758
3973,2758
3975,2758
3977,2758
5149,2758
5150,2758
5151,2758
5217,2758
5218,2758
5219,2758
5364,2758
983,2760
3358,2761
4329,2761
983,2766
235,2767
740,2767
1289,2767
1291,2767
1292,2767
1294,2767
1451,2767
3582,2767
3973,2767
3975,2767
3977,2767
5149,2767
5150,2767
5151,2767
5217,2767
5218,2767
5219,2767
5364,2767
983,2768
352,2769
4141,2769
4142,2769
5311,2769
5404,2769
5719,2769
5720,2769
5495,2771
2673,2774
2686,2774
2692,2774
4653,2774
5114,2774
542,2776
2093,2776
2094,2776
2225,2776
3489,2776
3496,2776
3500,2776
4163,2776
4460,2776
4461,2776
5703,2776
5142,2777
5143,2777
4845,2778
21864,2778
352,2781
1342,2784
3217,2784
352,2786
4525,2790
4526,2790
4528,2790
4529,2790
2280,2792
2281,2792
4614,2792
5125,2792
4846,2797
4847,2797
5527,2797
5528,2797
4653,2798
5114,2798
911,2801
2309,2801
2310,2801
3498,2801
4160,2801
4389,2801
4464,2801
4465,2801
5704,2801
2964,2803
2965,2803
2589,2804
2590,2804
39,2805
352,2809
1166,2812
1172,2812
1173,2812
2325,2812
3581,2812
3583,2812
3584,2812
4058,2812
42,2815
949,2815
1623,2815
1624,2815
1626,2815
1627,2815
1628,2815
1629,2815
1633,2815
1634,2815
1635,2815
1636,2815
1637,2815
1638,2815
1639,2815
1640,2815
1641,2815
1642,2815
2339,2815
3737,2815
3739,2815
3747,2815
4172,2815
4173,2815
4174,2815
4637,2815
4638,2815
4639,2815
4640,2815
4641,2815
4642,2815
4968,2815
5946,2817
3492,2818
3494,2818
3499,2818
4165,2818
5705,2818
3879,2819
5880,2819
235,2820
740,2820
1289,2820
1291,2820
1292,2820
1294,2820
1451,2820
3582,2820
3973,2820
3975,2820
3977,2820
5149,2820
5150,2820
5151,2820
5217,2820
5218,2820
5219,2820
5364,2820
5140,2821
5141,2821
235,2828
740,2828
1289,2828
1291,2828
1292,2828
1294,2828
1451,2828
3582,2828
3973,2828
3975,2828
3977,2828
5149,2828
5150,2828
5151,2828
5217,2828
5218,2828
5219,2828
5364,2828
235,2830
740,2830
1289,2830
1291,2830
1292,2830
1294,2830
1451,2830
3582,2830
3973,2830
3975,2830
3977,2830
5149,2830
5150,2830
5151,2830
5217,2830
5218,2830
5219,2830
5364,2830
2896,2831
4447,2831
4143,2834
352,2837
4525,2839
4526,2839
4528,2839
4529,2839
542,2840
3489,2840
3496,2840
3500,2840
5703,2840
4807,2845
4845,2846
21864,2846
4016,2848
3217,2849
65,2853
983,2855
4016,2857
3491,2861
3495,2861
3498,2861
4160,2861
5704,2861
39,2865
65,2866
682,2866
3446,2866
3986,2866
4081,2866
4132,2866
4133,2866
4514,2866
4692,2866
4867,2866
5294,2866
5623,2866
3492,2869
3494,2869
4165,2869
4466,2869
4467,2869
5705,2869
1485,2873
3400,2873
3660,2873
3669,2873
3792,2873
3830,2873
3831,2873
3832,2873
4176,2873
4480,2873
5170,2873
5171,2873
5142,2877
5143,2877
235,2878
740,2878
1289,2878
1291,2878
1292,2878
1294,2878
1451,2878
3582,2878
3973,2878
3975,2878
3977,2878
5149,2878
5150,2878
5151,2878
5217,2878
5218,2878
5219,2878
5364,2878
345,2879
2107,2879
2851,2879
3377,2879
3379,2879
3435,2879
3657,2879
3658,2879
3677,2879
4037,2879
4055,2879
4263,2879
4557,2879
4791,2879
4798,2879
4799,2879
4962,2879
5038,2879
5039,2879
5359,2879
5367,2879
5380,2879
3217,2887
4378,2887
4525,2889
4526,2889
4528,2889
4529,2889
3792,2895
3405,2898
4016,2898
235,2900
740,2900
1289,2900
1291,2900
1292,2900
1294,2900
1451,2900
3582,2900
3973,2900
3975,2900
3977,2900
5149,2900
5150,2900
5151,2900
5217,2900
5218,2900
5219,2900
5364,2900
2686,2902
4653,2902
5114,2902
2442,2906
3444,2906
4846,2906
4847,2906
5527,2906
5528,2906
5211,2908
1949,2912
22087,2912
352,2914
542,2917
1997,2917
1998,2917
3489,2917
3496,2917
3500,2917
5703,2917
5140,2921
5141,2921
3879,2922
5880,2922
4739,2927
4740,2927
1993,2928
2024,2928
235,2929
740,2929
1289,2929
1291,2929
1292,2929
1294,2929
1451,2929
3582,2929
3973,2929
3975,2929
3977,2929
5149,2929
5150,2929
5151,2929
5217,2929
5218,2929
5219,2929
5364,2929
235,2931
740,2931
1289,2931
1291,2931
1292,2931
1294,2931
1325,2931
1451,2931
1495,2931
1551,2931
1552,2931
1555,2931
1557,2931
2503,2931
2957,2931
3090,2931
3582,2931
3809,2931
3810,2931
3973,2931
3975,2931
3977,2931
4752,2931
4811,2931
5149,2931
5150,2931
5151,2931
5217,2931
5218,2931
5219,2931
5364,2931
235,2934
740,2934
1289,2934
1291,2934
1292,2934
1294,2934
1451,2934
1578,2934
3309,2934
3582,2934
3960,2934
3961,2934
3973,2934
3975,2934
3977,2934
3997,2934
5149,2934
5150,2934
5151,2934
5217,2934
5218,2934
5219,2934
5364,2934
235,2935
385,2935
387,2935
648,2935
3314,2935
235,2938
740,2938
1289,2938
1291,2938
1292,2938
1294,2938
1451,2938
3090,2938
3414,2938
3582,2938
3811,2938
3973,2938
3975,2938
3977,2938
3992,2938
4305,2938
4307,2938
4308,2938
4313,2938
4314,2938
4315,2938
4317,2938
4325,2938
4326,2938
4368,2938
4369,2938
4527,2938
4752,2938
5149,2938
5150,2938
5151,2938
5217,2938
5218,2938
5219,2938
5364,2938
235,2940
740,2940
1289,2940
1291,2940
1292,2940
1294,2940
1451,2940
3582,2940
3973,2940
3975,2940
3977,2940
5149,2940
5150,2940
5151,2940
5217,2940
5218,2940
5219,2940
5364,2940
235,2945
740,2945
1289,2945
1291,2945
1292,2945
1294,2945
1451,2945
3582,2945
3973,2945
3975,2945
3977,2945
5149,2945
5150,2945
5151,2945
5217,2945
5218,2945
5219,2945
5364,2945
2897,2949
4840,2949
5144,2949
5145,2949
2249,2956
2250,2956
3339,2956
3394,2956
3440,2956
789,2957
2474,2957
3052,2958
3607,2958
5142,2959
5143,2959
4525,2964
4526,2964
4528,2964
4529,2964
1478,2972
2057,2980
4238,2985
4345,2985
983,2986
352,2988
4756,2988
4759,2988
4764,2988
3696,2990
3792,2990
5074,2990
42,2991
4016,2993
4018,2993
2665,3000
559,3005
560,3005
3117,3005
3118,3005
4337,3005
4862,3005
5052,3005
5053,3005
5648,3005
3787,3007
4186,3007
4530,3007
4564,3007
4752,3007
1373,3008
1374,3008
3192,3008
4108,3008
4457,3008
4820,3008
4822,3008
4823,3008
5104,3008
2673,3009
4653,3009
5114,3009
352,3011
2125,3011
5847,3011
2117,3012
2259,3014
2260,3014
2284,3014
2285,3014
2286,3014
3339,3014
3394,3014
2668,3015
5125,3018
1392,3020
1393,3020
1394,3020
3192,3020
4108,3020
4457,3020
4829,3020
5104,3020
2825,3023
4846,3026
4847,3026
4846,3027
4847,3027
1244,3029
1550,3029
1554,3029
1556,3029
2383,3029
3297,3029
542,3032
3489,3032
3496,3032
3500,3032
4163,3032
5703,3032
3579,3033
4016,3033
1166,3035
1172,3035
1173,3035
2325,3035
3581,3035
3583,3035
3584,3035
4058,3035
3339,3037
3394,3037
2694,3039
5114,3039
39,3040
5117,3042
5118,3042
22058,3042
2591,3044
2592,3044
3061,3045
4143,3045
4343,3050
983,3051
5125,3053
3090,3056
3575,3056
3787,3056
4530,3056
4564,3056
4752,3056
235,3057
740,3057
1289,3057
1291,3057
1292,3057
1294,3057
1451,3057
3582,3057
3973,3057
3975,3057
3977,3057
5149,3057
5150,3057
5151,3057
5217,3057
5218,3057
5219,3057
5364,3057
1485,3058
1543,3058
1544,3058
1548,3058
3400,3058
3419,3058
4176,3058
542,3062
3500,3062
4163,3062
5703,3062
5211,3063
530,3065
3660,3065
2263,3066
2111,3069
5310,3074
542,3076
3489,3076
3496,3076
3500,3076
5703,3076
1243,3080
909,3085
3492,3085
3494,3085
3499,3085
4165,3085
4418,3085
4466,3085
4467,3085
5705,3085
3492,3086
3494,3086
3499,3086
5705,3086
3339,3087
3489,3088
3491,3088
3495,3088
3496,3088
3498,3088
4160,3088
4389,3088
5704,3088
4143,3090
3490,3094
3493,3094
3497,3094
5706,3094
3879,3095
5880,3095
2973,3101
39,3105
508,3105
515,3105
1232,3105
2132,3105
2138,3105
5775,3105
39,3106
2047,3106
2049,3106
2145,3106
2146,3106
2147,3106
2148,3106
2149,3106
2150,3106
2151,3106
2152,3106
2153,3106
3392,3106
3393,3106
3396,3106
3496,3108
42,3109
2647,3113
2648,3113
2988,3113
3082,3113
3168,3113
3298,3113
3400,3113
4176,3113
4601,3113
4602,3113
2825,3116
4799,3118
5039,3118
4670,3119
5789,3120
5490,3121
1801,3124
3672,3124
3675,3124
4281,3124
585,3130
1187,3130
2331,3130
2819,3130
3061,3130
3076,3130
3812,3130
3814,3130
4150,3130
4454,3130
5147,3130
5152,3130
5173,3130
5506,3130
2107,3133
5038,3133
5828,3133
3489,3154
3496,3154
3500,3154
3077,3156
3171,3156
3813,3156
3816,3156
4669,3156
4698,3156
3077,3157
3171,3157
3813,3157
3816,3157
4669,3157
4698,3157
3090,3161
3077,3177
3171,3177
3813,3177
3816,3177
4669,3177
4698,3177
983,3181
1485,3181
2652,3181
2653,3181
3346,3181
3429,3181
3835,3181
5789,3181
5790,3181
983,3182
5352,3185
42,3202
5703,5035
5828,5048
22102,5080
22103,5080
22099,5081
5703,5112
22109,5161
22108,5169
22078,5324
5703,5327
22091,5424
22130,5426
5703,5447
5828,5454
4844,5517
22077,5619
1455,5654
5828,5752
22099,5828
22088,5835
22099,5929
1455,5991
22063,6073
5705,6147
4342,6306
4355,6306
4517,6306
5735,6306
5738,6306
22093,6306
5828,6370
5703,7148
5703,7175
5703,7394
5703,7505
