,AK,AL,AR,AZ,CA,CO,CT,DC,DE,FL,GA,HI,IA,ID,IL,IN,KS,KY,LA,MA,MD,ME,MI,MN,MO,MS,MT,NC,ND,NE,NH,NJ,NM,NV,NY,OH,OK,OR,PA,RI,SC,SD,TN,TX,US,UT,VA,VT,WA,WI,WV,WY
1990,1661311.0,20718677.0,10557866.0,15377684.0,66574670.0,9787280.0,10375882.0,1480356.0,2651448.0,71114670.0,29932837.0,2323950.0,10513101.0,5626311.0,32871442.0,22110951.0,9514696.0,16813546.0,21433523.0,15581197.0,19101665.0,3932266.0,25318849.0,14857556.0,21652354.0,12265641.0,3358385.0,33144040.0,2954024.0,6799606.0,3444195.0,20497980.0,3565532.0,5539534.0,38574310.0,37889450.0,17077366.0,15379614.0,38164153.0,2376295.0,18257716.0,2866175.0,28756837.0,82547572.0,924018699.0,4246106.0,28129556.0,1808617.0,28808844.0,16385266.0,7577864.0,1719933.0
1991,1602777.0,21293428.0,11000632.0,15641499.0,66016700.0,10099387.0,10440510.0,1580079.0,2824340.0,72813985.0,30186631.0,2395661.0,11159190.0,5971037.0,35963792.0,24220121.0,9933309.0,18644458.0,21576815.0,15379421.0,20295448.0,3817137.0,26759510.0,15655101.0,23386303.0,12517521.0,3458893.0,34390834.0,3096207.0,7138298.0,3356705.0,21539103.0,3665112.0,5781827.0,39177425.0,40942449.0,15324941.0,15949119.0,39597640.0,2368833.0,18706762.0,3039891.0,29605275.0,84088111.0,955417350.0,4460042.0,29607347.0,1783451.0,29889138.0,17349467.0,8106273.0,1819415.0
1992,1640136.0,21136706.0,10440088.0,16230297.0,68121106.0,10215713.0,10496045.0,1487974.0,2786231.0,73188925.0,30527585.0,2438376.0,10290462.0,5738743.0,32367011.0,22837036.0,8872898.0,17786738.0,21187677.0,15560071.0,19762032.0,3829582.0,25670669.0,14847981.0,21293574.0,12422486.0,3286365.0,34761066.0,3020003.0,6561472.0,3428234.0,20547017.0,3791300.0,6064333.0,38719529.0,39140657.0,14253849.0,15202148.0,39245065.0,2363314.0,18939700.0,2842524.0,29498153.0,81933581.0,935938788.0,4505460.0,29780325.0,1927133.0,28435824.0,16614668.0,8138301.0,1762625.0
1993,1629036.0,22627783.0,11761761.0,16705090.0,67358692.0,10655734.0,10596641.0,1634807.0,3043825.0,76827417.0,33866821.0,2468578.0,11103104.0,6245111.0,35225722.0,24978467.0,9986318.0,19223127.0,22430246.0,15785272.0,21546122.0,3872293.0,26770174.0,15596985.0,24182047.0,13199806.0,3597987.0,37742397.0,3209081.0,7226029.0,3420322.0,22042043.0,3884263.0,6280698.0,39897465.0,41950456.0,15901344.0,16696260.0,41455430.0,2411808.0,20686869.0,3109114.0,30199490.0,87685723.0,994780818.0,4725974.0,32472064.0,1971082.0,30932034.0,17373396.0,8682375.0,1906135.0
1994,1688134.0,23158543.0,11642130.0,18212371.0,68866355.0,10938748.0,10898426.0,1571539.0,3107179.0,80595125.0,32734558.0,2556879.0,11061653.0,6221886.0,35705729.0,25048144.0,10130537.0,19480850.0,22628608.0,16048966.0,21666119.0,3691828.0,27174208.0,16006557.0,24056901.0,13641721.0,3566917.0,37206780.0,3242829.0,7379419.0,3430562.0,22153557.0,4079696.0,6844708.0,40104842.0,41791275.0,16127874.0,16462155.0,42238893.0,2456722.0,19903087.0,3147027.0,32796716.0,89792702.0,1008481682.0,5008938.0,32343035.0,2009429.0,29672858.0,17660152.0,8662897.0,1864918.0
1995,1712906.0,24313900.0,12416960.0,18035537.0,68782855.0,11306705.0,10759880.0,1608442.0,3168325.0,85769777.0,35812315.0,2606284.0,11639680.0,6193159.0,38386140.0,26560115.0,10355800.0,20537145.0,24116405.0,15992797.0,22233806.0,3628879.0,28622895.0,16974435.0,25408756.0,14181239.0,3639879.0,39506250.0,3383623.0,7596719.0,3364430.0,22469707.0,4124028.0,6655122.0,39887485.0,44010400.0,16319162.0,16314688.0,42801877.0,2471630.0,21392287.0,3268121.0,30966826.0,92831137.0,1042501471.0,5040743.0,33471693.0,1973274.0,30147253.0,18634995.0,9165753.0,1939252.0
1996,1766184.0,25634024.0,12933994.0,19746491.0,71396104.0,11870577.0,10942903.0,1614293.0,3271209.0,88314752.0,37762979.0,2675881.0,11537222.0,4338645.333333333,25036127.333333332,26860496.0,10672347.0,21353214.0,24310803.0,16255780.0,22985771.0,3679190.0,28901473.0,17157124.0,26447604.0,14964600.0,3910516.0,41591843.0,3601630.0,7740905.0,2286084.6666666665,22632226.0,4328452.0,7526332.0,40284542.0,44573250.0,17302792.0,11523096.666666666,43644620.0,2480612.0,22513555.0,3426185.0,35333276.0,99656148.0,721674500.6666666,5481283.0,34650534.0,2006213.0,21341630.0,18684891.0,9276528.0,2022027.0
1997,1725834.0,24893128.0,12989655.0,20682568.0,48724181.333333336,12260908.0,10858915.0,1553682.0,3257281.0,87845337.0,36830702.0,2668050.0,11673483.0,4418619.333333333,24842806.0,26550478.0,10862127.0,20998186.0,24501646.0,10852157.333333334,21936663.0,3658971.0,28726279.0,17073458.0,17730168.0,14817360.0,3803973.0,40611106.0,3436886.0,7988645.0,2259057.3333333335,22286447.0,4501977.0,7801402.0,26706169.333333332,43634915.0,17375599.0,11456349.333333334,28523304.666666668,1657620.0,21611334.0,3376342.0,33366969.0,101094027.0,717253398.6666666,5660706.0,33923494.0,1992280.0,21166146.666666668,18510446.0,9026671.0,2007299.0
1998,1767992.0,27327100.0,14339398.0,21610888.0,50136988.0,12651635.0,10934821.0,1595611.0,3338949.0,95768182.0,41519253.0,2640645.0,11855408.0,4406797.333333333,26471371.333333332,27334287.0,11831973.0,21669405.0,26708911.0,16387951.0,22406858.0,3589078.0,29807978.0,17378235.0,18843004.666666668,16392306.0,2481647.3333333335,42890314.0,3272102.0,8160194.0,2267171.3333333335,23190705.0,4641931.0,7974769.0,27042132.666666668,44516171.0,19510723.0,11685732.0,28615066.0,1681366.6666666667,23558044.0,3303404.0,35427693.0,110433808.0,753406080.0,5755763.0,34703132.0,1951338.0,20908162.0,19087369.0,9053002.0,2012635.0
1999,1865743.0,27047743.0,14045427.0,22517435.0,50202133.333333336,13130575.0,11618971.0,1642704.0,2354637.3333333335,93846127.0,41766549.0,2689147.0,11866839.0,4537650.666666667,26420424.666666668,28805508.0,11347230.0,22547555.0,26425618.0,11594910.0,23342423.0,3704413.0,20440791.333333332,17997554.0,18510618.666666668,16321419.0,2442942.6666666665,43648445.0,3306676.0,7929449.0,2426774.0,16367217.333333334,3099468.6666666665,8385628.0,28612820.0,31085669.333333332,18301131.0,12038566.0,29417576.0,1778268.0,23698794.0,3302179.0,35424922.0,108591468.0,763282046.0,6236407.0,35778745.0,1998569.0,21878013.333333332,19501670.0,9452188.0,2025096.0
2000,1854968.0,28756115.0,14870777.0,16562652.0,52827094.0,14028934.0,11645484.0,1624101.0,2383232.0,99005605.0,44559990.0,2764618.0,12028663.0,7006491.0,26764267.333333332,28648540.0,12528341.0,23374472.0,27719176.0,11708204.666666666,15966210.666666666,2491201.3333333335,20471511.333333332,18629364.0,29581354.0,17192809.0,2605169.3333333335,46536517.0,3390036.0,8346035.0,2437422.6666666665,16364890.666666666,3291382.6666666665,9406302.0,28678380.0,30992091.333333332,19640229.0,18211761.0,30005196.666666668,1776266.0,25270116.0,3423322.0,36622145.0,116895281.0,794964327.3333334,6513506.0,37541300.0,2036934.0,22023852.0,19929345.0,9737791.0,2102532.0
2001,1891468.0,27802207.0,15103946.0,26200172.0,51111754.666666664,14470251.0,7983078.0,1132578.6666666667,2489328.6666666665,101377095.0,44380213.0,2802470.0,12429672.0,6905546.0,27880003.333333332,29419675.0,12062329.0,23698316.0,25800335.0,11989020.666666666,16196064.0,2601960.0,21536532.0,19399686.0,30168329.0,16855661.0,2590816.0,46200716.0,3479809.0,8638208.0,2526193.3333333335,16994282.0,4999477.0,9606869.0,29490395.333333332,31564108.666666668,19795853.0,17502996.0,30686659.333333332,1799372.6666666667,24874643.0,3580418.0,36931534.0,78228519.33333333,801071062.0,6692983.0,24883487.333333332,2009403.0,21072314.0,20417899.0,9828180.0,2145532.0
2002,1932217.0,30021763.0,15527374.0,26412614.0,51468200.0,15424846.0,8315208.666666667,1193402.0,2680205.3333333335,108163825.0,48599732.0,2898380.0,12920571.0,7055912.0,30020046.0,31567900.0,12745301.0,25347157.0,28157092.0,12463110.666666666,16992702.0,2695400.0,22890774.0,20450927.0,31684209.0,17843742.0,2687109.3333333335,49854417.0,3663885.0,8956037.0,2668346.6666666665,18114249.333333332,5238134.0,9702083.0,30971353.333333332,33909095.333333336,19927272.0,17553984.0,32486637.333333332,1885924.6666666667,26786631.0,3733016.0,38751810.0,121435110.0,843453246.0,6938291.0,26905582.0,2046818.0,21377331.333333332,21575371.0,10444146.0,2232285.0
2003,1987009.0,29416418.0,15598301.0,27741520.0,55283932.666666664,15724839.0,8785557.333333334,1169536.0,2793593.3333333335,112649865.0,48174230.0,3027624.0,12767551.0,7089744.0,28774221.333333332,30726178.0,12602296.0,24703645.0,28572305.0,13060527.333333334,17780849.333333332,2812634.6666666665,22446316.0,20637751.0,31421927.0,17669709.0,2746766.6666666665,49348767.0,3707436.0,8852219.0,2834556.0,18244750.666666668,5418038.0,10339935.0,31410591.333333332,33080385.333333332,20161967.0,17735560.0,33100667.333333332,1998806.0,26421639.0,3739838.0,37696941.0,121354826.0,850549273.3333334,7166407.0,27251137.333333332,2011389.0,21248030.0,21364143.0,10473404.0,2286201.0
2004,2061905.0,30109115.0,15619397.0,28920651.0,55574167.333333336,15532168.0,8807593.333333334,1222956.0,2869688.6666666665,112203012.0,51123502.0,3162192.0,12625127.0,4875952.666666667,28961688.666666668,31192229.0,12416599.0,25186568.0,28862996.0,13179019.333333334,18634652.0,2887406.0,22069057.333333332,20507412.0,31350643.0,17580026.0,2701840.6666666665,51717380.0,3662781.0,8756735.0,2854492.0,18680083.333333332,5634821.0,7115060.0,31585917.333333332,33533358.666666668,19699041.0,12000472.0,33775592.666666664,2000236.6666666667,27909738.0,3695725.0,38525656.0,120329880.0,861321052.0,7324848.0,28335596.666666668,2109494.0,21636454.666666668,21192325.0,10755869.0,2261814.0
2005,2061652.0,31315100.0,17133693.0,30543645.0,57073606.666666664,16436381.0,9201974.666666666,1292180.0,3062672.6666666665,115791459.0,52826512.0,3164065.0,13570604.0,7600766.0,32395067.333333332,33628670.0,13406146.0,26947109.0,28654171.0,13692882.666666666,18959763.333333332,3002302.6666666665,24063302.666666668,21743001.0,34411988.0,17953344.0,2814298.6666666665,54072734.0,3796009.0,9309209.0,2996917.3333333335,19982295.333333332,5864834.0,7386544.0,33688566.666666664,35936162.666666664,21309314.0,12225876.666666666,35774317.333333336,2114251.3333333335,28675763.0,3972979.0,41132286.0,126561913.0,906151404.6666666,7567279.0,29774559.333333332,2188639.0,22141464.666666668,22458357.0,11384443.0,2376532.0
2006,2120254.0,32277083.0,17065081.0,32367475.0,59890499.333333336,16951534.0,8642312.0,1214740.0,2839092.0,117053005.0,54520612.0,3182432.0,13344308.0,8057475.0,30920990.666666668,32286467.0,13502671.0,25948878.0,28112801.0,13082953.333333334,17936924.0,2900699.3333333335,23081399.333333332,21909406.0,33880156.0,18276131.0,2929315.3333333335,52851296.0,3853040.0,9293507.0,2933731.3333333335,19081037.333333332,6009427.0,7985413.333333333,32284499.333333332,34250154.666666664,21690395.0,12651719.333333334,34526744.666666664,2005628.6666666667,28539117.0,4050931.0,40815857.0,126843225.0,901013357.3333334,8232050.0,28604012.0,2142237.0,22959043.333333332,21779468.0,11014418.0,2467935.0
2007,2114456.0,32783444.0,17414562.0,34436657.0,59438974.0,17634182.0,8914726.666666666,1313042.0,2979746.0,117816205.0,56223367.0,3200725.0,14060336.0,8339433.0,32024174.0,34646057.0,13806496.0,28003953.0,28877812.0,13425022.0,18796534.666666668,2942100.6666666665,23577387.333333332,22645637.0,35872486.0,18565875.0,3027696.0,56095471.0,4067284.0,9747547.0,2995246.6666666665,19834431.333333332,6387363.0,8260120.0,33494296.0,36250506.0,21360557.0,12916305.333333334,36391213.333333336,2087850.0,29569241.0,4260638.0,42879972.0,124921214.0,928160664.0,8751547.0,30320346.0,2169646.0,23592519.333333332,22374048.0,11749310.0,2592119.0
2008,2129811.0,32184540.0,17392467.0,33236370.0,60820545.333333336,17720491.0,8486462.666666666,1277093.3333333333,2952129.3333333335,113936978.0,55586624.0,3085237.0,14073160.0,5693162.0,31186897.333333332,33980411.0,13501924.0,27561641.0,28848402.0,13092327.333333334,18096170.0,2900872.6666666665,22864958.666666668,22357408.0,35389941.0,18293688.0,3112978.0,55751201.0,4259072.0,9755626.0,2929300.6666666665,19407348.666666668,6378856.0,8040343.333333333,32689300.0,35607066.0,21861112.0,13273229.333333334,36039841.333333336,2028456.0,29727267.0,4405631.0,41946552.0,128240048.0,920441163.3333334,8786278.0,29731058.666666668,2133497.0,24223898.0,21976106.0,11762543.0,2718705.0
2009,2117393.0,31489411.0,16985526.0,32846843.0,59865859.333333336,17412630.0,8385483.333333333,1266436.6666666667,2889941.3333333335,115473511.0,55157559.0,3055273.0,13723413.0,5702406.666666667,29549661.333333332,32548113.0,13149100.0,26560669.0,29746798.0,12983098.0,17963044.0,2906668.0,21902748.0,22033959.0,34220694.0,18095194.0,3193600.6666666665,56311126.0,4449220.0,9626939.0,2947681.3333333335,18555296.0,6503772.0,7920100.0,32163894.0,34270108.0,21640955.0,13202876.666666666,35270663.333333336,1957799.3333333333,29556323.0,4511308.0,40274908.0,129814900.0,909838768.6666666,8725274.0,29842012.666666668,2121828.0,24512122.666666668,21421045.0,11587693.0,2719524.0
2010,2093217.0,35529292.0,19230961.0,32448138.0,58171297.333333336,18102386.0,8710183.333333334,1415541.3333333333,3173315.3333333335,122244650.0,61554498.0,2989499.0,14554888.0,5424490.666666667,32388656.0,35058372.0,14334086.0,29136518.0,32678931.0,14272670.0,19289382.666666668,2914556.6666666665,23120476.666666668,22464797.0,37302279.0,20174826.0,3161862.6666666665,62160107.0,4392596.0,10106673.0,2990312.6666666665,20204845.333333332,6752473.0,7743112.666666667,33963765.333333336,36316251.333333336,23688861.0,12559110.666666666,36835224.666666664,2078538.6666666667,32852086.0,4628123.0,45191027.0,137161402.0,963805602.0,8834230.0,48438958.0,2127935.0,23271284.0,22299493.0,12442583.0,2727201.0
2011,2134422.0,33002815.0,18787349.0,33079074.0,58932277.333333336,18276799.0,8612530.666666666,1374261.3333333333,3088062.6666666665,116341105.0,57749519.0,2928743.0,14326771.0,8389866.0,31371334.666666668,33912098.0,14343748.0,27197836.0,32019040.0,13648341.333333334,18197116.666666668,2921024.0,23207558.0,22523727.0,35941243.0,19336430.0,3275406.6666666665,58055878.0,4552228.0,9946973.0,2969392.0,19599246.666666668,6873748.0,7662186.0,34159732.666666664,35791407.333333336,24425027.0,12952783.333333334,36530422.0,2086297.3333333333,30801731.0,4646384.0,43067861.0,145654228.0,948534062.0,8946741.0,45771144.0,2124533.0,24250762.0,22149941.0,11746151.0,2802726.0
2012,2160196.0,30632261.0,17909301.0,32922970.0,60073330.0,18220365.0,8505088.666666666,1335018.0,3014454.6666666665,112127056.0,53660167.0,2739298.0,13987613.0,8159349.0,31267913.333333332,32963522.0,13796679.0,26096707.0,30026588.0,13542312.666666666,17785438.666666668,2987157.3333333335,22974093.333333332,22059631.0,34336615.0,17992708.0,3185576.6666666665,54671521.0,4484758.0,9680143.0,2959472.0,19108638.666666668,6763820.0,8081812.0,33794337.333333336,34858512.666666664,22809680.0,12569772.666666666,35250705.333333336,2080911.3333333333,28366263.0,4453732.0,39753631.0,137411633.0,916343138.6666666,9188204.0,43534675.0,2095283.0,23673974.0,22026353.0,11194679.0,2716528.0
2013,2103966.0,31378659.0,18219287.0,33103602.0,59494622.666666664,18528908.0,8756967.333333334,1355745.3333333333,3046675.3333333335,113293913.0,53544411.0,2608853.0,14625866.0,8619262.0,30914822.666666668,33406630.0,13593003.0,26788098.0,30709206.0,13818416.0,18298911.333333332,3108202.0,22675445.333333332,22849542.0,35318204.0,18462415.0,3284314.0,56251297.0,5038846.0,10062159.0,3035914.0,19029758.666666668,6803987.0,8094954.0,33851579.333333336,34772062.666666664,23199968.0,12885705.333333334,36167898.0,2109794.6666666665,28812518.0,4824150.0,40905924.0,140272607.0,929874752.6666666,9401748.0,45416253.0,2125435.0,23988990.666666668,22095922.0,11581825.0,2829496.0
2014,2043614.0,32929598.0,18441119.0,32346079.0,59573786.666666664,18092932.0,8518386.0,1381470.0,3096560.6666666665,116535263.0,57167387.0,2583770.0,14426582.0,8134913.0,30672972.0,33703965.0,13684952.0,27399768.0,31400683.0,13380773.333333334,18325088.666666668,3107070.0,22343327.333333332,22791466.0,35792644.0,18922097.0,3312828.6666666665,58649994.0,5357514.0,10028238.0,3006991.3333333335,18595054.666666668,6611970.0,7944347.333333333,33316609.333333332,35202889.333333336,23351144.0,12411742.0,36130223.333333336,2046898.0,30715986.0,4827368.0,42538248.0,140899744.0,938138874.0,8963971.0,30962477.333333332,2121347.0,23388638.666666668,21925712.0,11990728.0,2752313.0
2015,2044184.0,31908530.0,18273389.0,33167205.0,59590915.333333336,18384936.0,8595241.333333334,1665039.3333333333,3232665.3333333335,122759472.0,56421650.0,2641336.0,13786328.0,8054693.0,29763758.666666668,32441693.0,13241682.0,26168093.0,31545313.0,13450211.333333334,18268890.666666668,3108200.6666666665,22238584.0,21713970.0,33911760.0,18561101.0,3216808.6666666665,57901557.0,4862542.0,9532132.0,3017965.3333333335,19428188.666666668,6641724.0,8225692.0,34008496.666666664,34328636.0,22615824.0,12179338.0,36279108.666666664,2090337.3333333333,30059188.0,4571325.0,41667411.0,145651913.0,936064332.6666666,9117153.0,30618940.666666668,2088940.0,22714658.0,21214787.0,11437451.0,2676702.0
2016,2006392.0,32055546.0,17784233.0,33690783.0,58874046.0,18833722.0,8451322.0,1667928.0,3175404.0,123320547.0,57889379.0,2611727.0,14093678.0,8172022.0,30660034.666666668,33025955.0,13509235.0,26338437.0,30650067.0,13128597.333333334,18211247.333333332,3057216.6666666665,23028841.333333332,21803791.0,34354932.0,18458928.0,3235031.3333333335,58456809.0,4741298.0,9738351.0,2958938.0,19393817.333333332,6642511.0,8461294.666666666,33887524.666666664,35016094.0,22789715.0,12382161.333333334,35918086.666666664,2054374.6666666667,30615596.0,4618724.0,41773888.0,145973181.0,940705435.3333334,9370656.0,30124038.0,2056402.0,22807832.0,21814249.0,11375581.0,2751073.0
2017,2060349.0,30181045.0,17026779.0,34251220.0,60082336.666666664,18615000.0,8253013.333333333,1596434.6666666667,3108398.6666666665,121462622.0,54771449.0,2629679.0,13721869.0,8727901.0,29144927.333333332,31551558.0,13013422.0,24882582.0,29531960.0,12891866.0,17389450.666666668,3092356.6666666665,21984916.0,21573800.0,33051080.0,17444016.0,3483058.6666666665,56133960.0,4848305.0,9667990.0,2960998.0,18507919.333333332,6497207.0,8624527.333333334,32720504.666666668,33197026.666666668,21837596.0,13377286.666666666,34482998.666666664,2018844.6666666667,29224971.0,4652890.0,39292528.0,144242131.0,919098494.6666666,9510783.0,29321626.666666668,2023424.0,24855267.333333332,21233154.0,10573463.0,2772371.0
2018,1974906.0,33080380.0,19259204.0,34660297.0,59399990.0,19286952.0,8707581.333333334,1728161.3333333333,3380116.6666666665,125528047.0,59689106.0,2710698.0,14840349.0,8427578.0,31483943.333333332,34574664.0,14187192.0,27712722.0,32065538.0,13523116.0,18758982.666666668,3248000.6666666665,23420948.0,22837140.0,37463390.0,19310527.0,3465124.0,61622454.0,5133171.0,10412008.0,3094008.6666666665,19687126.0,6826442.0,8966495.333333334,34768830.666666664,36301142.666666664,24116808.0,12620388.666666666,37264302.0,2082778.6666666667,31852419.0,5018360.0,44381957.0,157267913.0,979395372.6666666,9714507.0,31975070.666666668,2116045.0,23559318.666666668,22441335.0,11679455.0,2748356.0
2019,1928208.0,32415646.0,18732316.0,34720050.0,58349324.666666664,19404743.0,8329033.333333333,1697946.6666666667,3336087.3333333335,127181551.0,59331491.0,2759774.0,14494821.0,8696843.0,30146838.666666668,33249234.0,13630661.0,26573076.0,30986024.0,12876380.666666666,18355795.333333332,3195872.6666666665,22330483.333333332,22288152.0,35691426.0,18717858.0,3538735.3333333335,59852793.0,5125431.0,10307905.0,3004553.3333333335,19075036.666666668,6871561.0,8578424.666666666,33427335.333333332,34817398.0,23805972.0,12857454.666666666,36264121.333333336,1988674.6666666667,31159957.0,5057032.0,42573183.0,155481342.0,960192606.0,9739525.0,31110775.333333332,2081545.0,24341616.0,21995360.0,11153219.0,2849378.0
2020,1927452.589265508,32802226.96578069,18529415.238413356,34956236.418010116,58326095.31567573,19519333.43738006,8315761.373962742,1663053.3105648952,3328940.5902608093,127749230.08130503,59616216.93208103,2760761.450864252,14697651.199311422,8885359.89071971,29347764.516893685,33848266.91543488,13489162.88338543,26218977.718071252,30941630.14865587,12914006.107887639,18132614.873702873,3198304.5187085154,22255346.199245945,22101368.347619314,35680655.89736819,18638739.6452492,3574684.2971040835,59952129.217359126,5082016.3563372465,10247797.477227684,2997891.198829117,18922864.822844137,6829942.976727315,8579579.91083808,32994922.80537043,34496611.89208157,23699770.843029924,13227906.605494833,35860209.572535135,1974367.9661641563,31443449.000708375,4931581.628205896,42242903.398109294,152196982.28196266,929128961.3771377,9838582.486626223,31432032.7220733,2088476.3270904499,24649500.14491627,21846694.666235376,11041268.548211692,2877957.5015127966
2021,1928006.1666331943,32854115.491932604,18862445.338945504,34717147.24949059,58317846.83785441,19670769.168171868,8334594.392106442,1676214.1903223805,3346971.183057864,128034519.46712467,59246988.08019185,2761820.3339579,14895823.312002366,9202604.501999065,32378754.17242522,34400544.32116407,13649930.570810435,26565648.40990591,31090898.45409644,13028258.066957839,18369081.71260854,3197860.8195379986,22341690.995194003,22199587.26619925,35427106.07875317,18687855.933538746,3558296.772499237,60655101.29010837,5082478.7256343085,10377531.910178617,2993511.0036922223,18998587.40617916,6831996.327544944,8587404.483539626,33288724.396026116,34727664.33614019,23938441.564487528,12808042.735069819,35940273.97953727,1991122.1623960836,31226164.996808365,4958353.818622472,42291241.61704712,151834267.8543603,937319161.6927768,9944864.219080875,30442400.71597579,2088490.2676548103,24418727.22742478,21965004.77416499,11119297.244842181,2893162.5013210597
2022,1926277.3475759444,33681571.97375411,18764645.838830452,36209211.92667116,58320491.55649274,19780423.184770744,8334618.061744624,1669377.5502532749,3343734.898552795,128218078.30038501,60442361.35401006,2764346.4725488583,14773841.280643208,9414899.267873771,29969091.51912254,34035113.83748125,13598595.654190782,26384765.24601576,31061477.121899318,12969951.559858972,18204268.90902909,3187961.3296216144,22300590.867145266,22180501.36780217,34655880.30392843,18701046.079811804,3752671.9664026764,60621494.97023927,5088506.929440217,10398335.060420604,2992552.4883463113,18933676.079646237,7224509.654809697,8582281.65950701,33394214.547622398,34589618.38555715,23966127.738879018,13016618.461164309,36440624.0224342,1985777.022271845,31714988.90496411,4975741.4531240305,43116886.49588524,153219634.71182418,905995609.1333029,10044627.218927197,30664034.63096836,2089927.5969095898,24330470.443956047,21913960.010540318,11284881.913359942,2923307.871818682
2023,1923166.2199959825,32840388.43386436,18858374.502440725,34118449.405303136,58283880.44364062,19909004.267450973,8319753.68396791,1672226.7546912401,3350568.1392816002,128549809.90193383,59118326.8690228,2766045.4495288846,14897883.882845826,9582844.824958581,28496484.82295464,34382252.069563024,13622251.468214158,26444789.808594476,31116692.215431493,12871363.440961799,18331751.08492924,3184066.1494292617,22390918.88117176,22252058.92773147,38420388.74599386,18714205.695414156,3762336.230037331,61002559.41823835,5107239.123073919,10445689.409932923,3011892.8867758852,18753316.671148524,7264220.630535488,8550435.373637687,32954234.00194052,34766147.91092015,24060006.567133002,12948019.575909533,35546337.842374235,1980159.789022887,31084002.5704564,4991632.353586578,41923631.82487357,155881689.78003764,911818002.4026757,10140140.715461979,31188961.913690716,2087535.6699754638,24259493.61117527,21986002.915791858,11366935.350233937,2941272.7181353467
2024,1920632.0034450835,33717216.232655495,18912551.775642447,34382083.24507083,58272662.84312122,20029448.359994873,8339056.159344315,1672940.1074060895,3351017.6237469623,128690429.64482988,60435399.39325241,2766542.520154445,14850753.782041157,9751479.153495016,27644800.899209358,34291982.47146333,13628072.488517513,26445818.65780583,31139008.320406433,13042427.750476375,18218021.646565422,3187034.896296364,22268902.302048404,22218579.356853444,37300325.25872074,18724226.663573097,3753759.2780631515,61258011.04633995,5111252.512260692,10487448.649786975,2984437.716119382,18733129.641577262,7238150.122859901,8583626.454660194,33498071.31704023,34656680.69739896,24143087.487205576,12935855.658392625,36390929.29311973,1992842.2980451453,31739735.995666854,4999166.675003834,42959356.19483676,157325297.5686861,892894838.1838363,10231610.199495653,30460958.452843808,2088841.9660748576,24144036.720858306,21955239.66856078,11447131.172617214,2962930.0269554304
2025,1918372.6014676506,32924291.60327477,18962970.152890313,34303390.62496615,58272556.73235968,20143619.964285605,8321466.264498559,1671390.7942485763,3351143.534116226,128724133.97074549,59189503.87621618,2766973.7297392176,14883186.724093325,9918891.26382623,27562225.975435194,34356795.89207626,13633337.642845467,26446908.36273861,31158968.294360135,12895308.377753248,18313855.61996523,3186615.401918182,22284966.52652337,22215168.097032256,35250441.73203336,18733113.62799603,3776032.70703339,61498374.67538918,5112536.511223256,10526989.984623177,3005536.184420153,18726066.986213814,7221596.389384182,8563618.413005808,33098121.693866096,34652533.00485844,24220729.40540864,12929375.803540753,35747835.64140535,1983269.5370179366,30577425.177823804,4996941.619802399,42151482.97244502,157800261.2325407,899723844.4107589,10319781.668770447,31713353.743937027,2088267.3932422872,24066412.720048193,21954229.418862764,11482373.016601384,2984049.704577743
2026,1916357.9663042624,33723997.78086923,19009447.737325884,34344253.61393074,58272555.69401813,20251826.433162868,8337496.934553203,1671202.1131667923,3351178.4897351246,128732214.26747967,60476543.08381751,2767347.749724064,14878036.304142594,10088613.496726856,27320263.942742154,34365775.102818765,13638084.569347877,26447768.742775053,31176824.84127014,13021837.853400076,18233037.120232463,3186691.2156990757,22282853.288580198,22214799.906849973,35079488.82472081,18740991.700090196,3774408.0140807056,61724296.41664388,5112937.161196977,10564408.194939608,2989348.971055852,18704861.02492134,7258947.131285862,8575681.473273503,33391079.26711877,34652367.17988034,24293267.33875724,12926268.837972432,36238646.03326752,1990497.4640927755,30673335.7499639,4996138.979072238,42782239.64330742,157962360.8699728,893478048.5993326,10404781.670904236,30555480.369065534,2088518.8451308305,24014175.192900237,21954187.422648415,11354224.469375424,3004477.1172710876
2027,1914562.3140400164,32915793.059709694,19052558.317466225,34264787.303202875,58272555.133667596,20354348.200389005,8322887.865354589,1671179.0579612716,3351188.2474608677,128734150.85644846,59164896.1939876,2767672.2409904064,14878940.399923766,10256535.1035594,26976158.65548496,34367200.168121256,13642376.311216472,26448612.61532823,31192809.19358103,12913042.023099847,18301041.141728166,3186678.7893501753,22283126.89115101,22214766.199750744,34749815.15521972,18747971.44823692,3785585.839233787,61936879.73889208,5113061.206254631,10599834.795584733,3001736.5552796004,18696287.40634467,7282982.976125902,8568408.287622346,33170065.34190509,34652361.83244417,24361037.533008892,12924529.591674516,35863640.372092254,1985041.069038061,30014491.690691262,4995852.4490647735,42293812.44427608,158016697.34399718,893799007.9715519,10486725.601781469,31627434.40433072,2088409.0008302853,23979015.390309345,21954190.131361533,11379205.383064535,3024291.9492699686
2028,1912961.4688694542,33719857.84799758,19092415.72738749,33980882.602393106,58272554.961155444,20451533.802007962,8336200.4481234895,1671176.0425374308,3351190.788513479,128734593.26594429,60491997.744620755,2770986.1168218036,14878903.322982844,10424799.871270461,26766828.76122943,34367273.76514573,13646249.696041469,26449343.52236858,31207105.704450153,13006562.253430786,18243845.568263076,3186682.184593799,22283077.493030604,22214756.580237564,35302564.963062145,18754155.10705243,3787435.652554848,62136632.33510118,5113089.002372062,10633355.006171351,2992337.2311730357,18690161.221390594,7286316.011931548,8572789.436093938,33327506.520162158,34652356.25861791,24424345.108989146,12923740.851253029,36149731.58398682,1989158.755121626,30631328.935500175,4995744.335787626,42671573.420042545,158018631.85080656,896306697.7733923,10565719.23398565,30639374.847923428,2088457.5038217066,23955331.21873597,21954185.78581524,11347830.331470165,3043518.235848356
2029,1911534.4888055886,32915228.977880243,19129325.26211277,33946144.098575465,58272555.075502396,20543654.188743748,8324066.608834718,1671175.711888322,3351191.42766945,128734712.74155144,59147139.18282133,2771356.189470641,14878915.42249129,10426730.61221668,26842545.946133915,34367360.43705946,13649750.20026524,26450013.680986784,31219889.818863396,12926185.79018701,18291949.98320619,3186682.214053071,22283072.08496983,22214760.78824994,34616282.00466795,18759633.29299544,3787741.3543965705,62324432.17639425,5113096.124909849,10665075.258537756,2999619.446308532,18684823.07678218,7283637.924625563,8570151.937417064,33211879.51267166,34652361.48749146,24483499.02063089,12923263.374048527,35931441.62806008,1986052.8300693373,29912094.508052606,4995706.613942156,42379526.09669895,158025176.7702293,897484792.3671099,10641865.890887842,30867481.56376965,2088436.3052120486,23939372.96690608,21954187.802725185,11345371.47118697,3062162.995525791
2030,1910262.4728533246,33720829.110832974,19163471.39099,33943380.9997072,58272555.0688391,20630972.68647503,8335121.608396048,1671175.62395333,3351191.6235648263,128734754.07851739,60486784.86397525,2771634.6562835774,14878894.070566973,10451492.52872111,26672497.722638525,34367334.04922882,13652911.064047484,26450611.308853365,31231327.41817014,12995267.340442266,18250927.987916663,3186682.0769503834,22283073.75534814,22214759.359144352,34394192.14547565,18764486.379733123,3787789.2073359224,62500992.93320326,5113096.7167481985,10695095.079114333,2994121.0309756165,18680170.4415511,7281841.100031667,8571738.611654026,33297272.97472738,34652361.81161685,24538756.190886382,12923069.887719195,36097429.303529814,1988395.047557489,30595056.97719735,4995693.444752922,42605235.580977485,158023637.81969804,897584605.9681647,10715271.281303672,29680517.472026832,2088445.6170911014,23928620.83002373,21954187.18037765,11345350.316961953,3080252.3741185893
