description,description,units,source key,Jan 2001,Feb 2001,Mar 2001,Apr 2001,May 2001,Jun 2001,Jul 2001,Aug 2001,Sep 2001,Oct 2001,Nov 2001,Dec 2001,Jan 2002,Feb 2002,Mar 2002,Apr 2002,May 2002,Jun 2002,Jul 2002,Aug 2002,Sep 2002,Oct 2002,Nov 2002,Dec 2002,Jan 2003,Feb 2003,Mar 2003,Apr 2003,May 2003,Jun 2003,Jul 2003,Aug 2003,Sep 2003,Oct 2003,Nov 2003,Dec 2003,Jan 2004,Feb 2004,Mar 2004,Apr 2004,May 2004,Jun 2004,Jul 2004,Aug 2004,Sep 2004,Oct 2004,Nov 2004,Dec 2004,Jan 2005,Feb 2005,Mar 2005,Apr 2005,May 2005,Jun 2005,Jul 2005,Aug 2005,Sep 2005,Oct 2005,Nov 2005,Dec 2005,Jan 2006,Feb 2006,Mar 2006,Apr 2006,May 2006,Jun 2006,Jul 2006,Aug 2006,Sep 2006,Oct 2006,Nov 2006,Dec 2006,Jan 2007,Feb 2007,Mar 2007,Apr 2007,May 2007,Jun 2007,Jul 2007,Aug 2007,Sep 2007,Oct 2007,Nov 2007,Dec 2007,Jan 2008,Feb 2008,Mar 2008,Apr 2008,May 2008,Jun 2008,Jul 2008,Aug 2008,Sep 2008,Oct 2008,Nov 2008,Dec 2008,Jan 2009,Feb 2009,Mar 2009,Apr 2009,May 2009,Jun 2009,Jul 2009,Aug 2009,Sep 2009,Oct 2009,Nov 2009,Dec 2009,Jan 2010,Feb 2010,Mar 2010,Apr 2010,May 2010,Jun 2010,Jul 2010,Aug 2010,Sep 2010,Oct 2010,Nov 2010,Dec 2010,Jan 2011,Feb 2011,Mar 2011,Apr 2011,May 2011,Jun 2011,Jul 2011,Aug 2011,Sep 2011,Oct 2011,Nov 2011,Dec 2011,Jan 2012,Feb 2012,Mar 2012,Apr 2012,May 2012,Jun 2012,Jul 2012,Aug 2012,Sep 2012,Oct 2012,Nov 2012,Dec 2012,Jan 2013,Feb 2013,Mar 2013,Apr 2013,May 2013,Jun 2013,Jul 2013,Aug 2013,Sep 2013,Oct 2013,Nov 2013,Dec 2013,Jan 2014,Feb 2014,Mar 2014,Apr 2014,May 2014,Jun 2014,Jul 2014,Aug 2014,Sep 2014,Oct 2014,Nov 2014,Dec 2014,Jan 2015,Feb 2015,Mar 2015,Apr 2015,May 2015,Jun 2015,Jul 2015,Aug 2015,Sep 2015,Oct 2015,Nov 2015,Dec 2015,Jan 2016,Feb 2016,Mar 2016,Apr 2016,May 2016,Jun 2016,Jul 2016,Aug 2016,Sep 2016,Oct 2016,Nov 2016,Dec 2016,Jan 2017,Feb 2017,Mar 2017,Apr 2017,May 2017,Jun 2017,Jul 2017,Aug 2017,Sep 2017,Oct 2017,Nov 2017,Dec 2017,Jan 2018,Feb 2018,Mar 2018,Apr 2018,May 2018,Jun 2018,Jul 2018,Aug 2018,Sep 2018,Oct 2018,Nov 2018,Dec 2018,Jan 2019,Feb 2019,Mar 2019,Apr 2019,May 2019,Jun 2019,Jul 2019,Aug 2019,Sep 2019,Oct 2019,Nov 2019,Dec 2019,Jan 2020,Feb 2020,Mar 2020,Apr 2020,May 2020,Jun 2020,Jul 2020,Aug 2020,Sep 2020,Oct 2020,Nov 2020,Dec 2020,Jan 2021,Feb 2021,Mar 2021,Apr 2021,May 2021
Pinned series,Pinned series,,,,,,,,,,,,,,,,,,,,,,,,,,,,,,,,,,,,,,,,,,,,,,,,,,,,,,,,,,,,,,,,,,,,,,,,,,,,,,,,,,,,,,,,,,,,,,,,,,,,,,,,,,,,,,,,,,,,,,,,,,,,,,,,,,,,,,,,,,,,,,,,,,,,,,,,,,,,,,,,,,,,,,,,,,,,,,,,,,,,,,,,,,,,,,,,,,,,,,,,,,,,,,,,,,,,,,,,,,,,,,,,,,,,,,,,,,,,,,,,,,,,,,,
Average retail price of electricity : United States : all sectors : monthly,Average retail price of electricity : United States : all sectors : monthly,cents per kilowatthour,ELEC.PRICE.US-ALL.M,6.75,6.87,7.01,7.02,7.17,7.58,7.88,7.84,7.62,7.43,7.02,7.03,6.95,6.97,6.95,6.95,7.11,7.45,7.68,7.58,7.36,7.2,6.94,6.96,7,7.05,7.16,7.27,7.42,7.78,8.02,7.97,7.61,7.39,7.19,7.14,7.22,7.25,7.3,7.34,7.46,7.93,8.11,8.18,7.97,7.6,7.42,7.36,7.47,7.58,7.59,7.65,7.84,8.38,8.6,8.71,8.68,8.37,8.21,8.21,8.31,8.49,8.44,8.56,8.71,9.3,9.55,9.58,9.32,8.89,8.63,8.55,8.71,8.74,8.8,8.82,8.96,9.45,9.64,9.68,9.43,9.17,8.94,8.91,8.92,8.9,9.03,9.22,9.47,10.27,10.65,10.59,10.27,9.94,9.67,9.53,9.68,9.78,9.64,9.57,9.77,10.13,10.28,10.27,10.09,9.7,9.34,9.4,9.28,9.47,9.48,9.53,9.72,10.18,10.46,10.4,10.17,9.81,9.55,9.52,9.48,9.56,9.55,9.54,9.78,10.26,10.47,10.49,10.29,9.83,9.58,9.53,9.61,9.58,9.52,9.47,9.64,10.13,10.3,10.32,10.26,9.74,9.58,9.64,9.64,9.77,9.71,9.66,9.92,10.45,10.69,10.58,10.43,10.02,9.79,9.86,10.12,10.33,10.28,10,10.21,10.75,11.03,10.91,10.83,10.34,10.13,10.12,10.18,10.36,10.29,10.01,10.21,10.64,10.95,10.85,10.79,10.31,10.05,9.98,9.97,10,10,9.83,10.06,10.52,10.7,10.81,10.68,10.15,10.1,10.09,10.13,10.28,10.28,10.07,10.34,10.83,10.95,10.91,10.86,10.4,10.28,10.17,10.41,10.42,10.34,10.18,10.35,10.75,10.99,11.01,10.66,10.41,10.35,10.21,10.24,10.4,10.34,10.24,10.38,10.74,11,11.05,10.82,10.39,10.38,10.22,10.28,10.29,10.29,10.41,10.47,10.96,11.14,11.1,11.07,10.73,10.45,10.44,10.35,11.6,10.9,10.73,10.65
Average retail price of electricity : United States : commercial : monthly,Average retail price of electricity : United States : commercial : monthly,cents per kilowatthour,ELEC.PRICE.US-COM.M,7.25,7.51,7.7,7.73,7.77,8.13,8.41,8.35,8.22,8.27,7.73,7.66,7.49,7.68,7.72,7.68,7.84,8.18,8.33,8.24,8,8,7.64,7.59,7.45,7.65,7.78,7.93,8.06,8.44,8.55,8.46,8.15,8.09,7.85,7.7,7.7,7.85,7.92,7.89,7.99,8.49,8.63,8.7,8.54,8.23,8.04,7.82,7.99,8.19,8.15,8.25,8.41,8.89,9,9.1,9.18,8.91,8.79,8.79,8.87,9.14,9.06,9.17,9.22,9.88,9.97,10.04,9.89,9.51,9.24,9.08,9.12,9.34,9.35,9.38,9.51,9.95,10.14,10.07,9.9,9.77,9.5,9.42,9.39,9.46,9.62,9.79,10.05,10.87,11.1,11.07,10.77,10.41,10.16,9.92,9.96,10.2,9.96,9.87,10.11,10.46,10.56,10.52,10.45,10.13,9.78,9.7,9.55,9.89,9.95,9.95,10.15,10.56,10.72,10.62,10.52,10.25,9.99,9.82,9.78,9.99,9.93,9.96,10.19,10.66,10.67,10.72,10.59,10.25,9.98,9.77,9.84,9.94,9.84,9.82,9.96,10.39,10.39,10.39,10.5,10.08,9.89,9.81,9.77,10.06,10.02,9.96,10.22,10.65,10.7,10.69,10.53,10.28,10.03,9.96,10.35,10.68,10.65,10.46,10.54,10.96,11.17,11.05,11.16,10.83,10.52,10.36,10.31,10.62,10.63,10.37,10.47,10.89,11.07,10.94,10.98,10.73,10.3,10.13,10.08,10.25,10.23,10.19,10.31,10.66,10.68,10.76,10.77,10.55,10.32,10.17,10.21,10.48,10.46,10.4,10.59,11.01,10.97,11.01,11.03,10.78,10.49,10.28,10.49,10.65,10.51,10.46,10.51,10.84,11,11.03,10.72,10.77,10.54,10.33,10.3,10.54,10.46,10.52,10.54,10.9,11.02,11.02,10.96,10.74,10.57,10.32,10.23,10.36,10.41,10.42,10.45,10.95,10.9,10.95,11.07,10.79,10.59,10.48,10.31,11.93,11.13,10.99,10.84
Average retail price of electricity : United States : industrial : monthly,Average retail price of electricity : United States : industrial : monthly,cents per kilowatthour,ELEC.PRICE.US-IND.M,4.73,4.8,4.86,4.87,5,5.23,5.57,5.5,5.31,5.07,4.78,4.78,4.73,4.76,4.73,4.73,4.78,5.03,5.27,5.15,4.98,4.91,4.71,4.72,4.92,4.99,5.02,4.99,5.06,5.28,5.54,5.48,5.19,5.07,4.86,4.87,5.01,5.04,5.04,5.09,5.18,5.46,5.63,5.65,5.41,5.25,5.09,5.14,5.23,5.26,5.3,5.31,5.42,5.86,6.14,6.2,6.17,6.03,5.83,5.94,5.78,5.98,5.88,5.93,6,6.41,6.61,6.65,6.37,6.16,6.04,6,6.13,6.16,6.22,6.19,6.27,6.59,6.71,6.84,6.52,6.46,6.28,6.26,6.33,6.34,6.46,6.64,6.75,7.35,7.72,7.55,7.31,7.19,6.93,6.79,6.92,6.9,6.81,6.75,6.77,7.09,7.1,7.1,6.89,6.7,6.4,6.54,6.5,6.55,6.53,6.55,6.64,6.97,7.23,7.22,7,6.8,6.56,6.6,6.53,6.63,6.53,6.53,6.68,7.14,7.32,7.39,7.15,6.77,6.53,6.51,6.44,6.45,6.46,6.38,6.53,6.89,7.13,7.08,6.97,6.62,6.5,6.52,6.5,6.66,6.64,6.58,6.75,7.25,7.45,7.37,7.22,6.87,6.65,6.66,6.98,7.12,6.99,6.77,6.83,7.39,7.62,7.51,7.37,7.07,6.75,6.7,6.67,6.88,6.83,6.61,6.74,7.11,7.45,7.35,7.21,6.88,6.61,6.45,6.44,6.42,6.46,6.44,6.57,7.03,7.23,7.23,7.14,6.73,6.66,6.67,6.59,6.63,6.71,6.6,6.78,7.19,7.31,7.22,7.17,6.91,6.73,6.54,6.94,6.78,6.63,6.57,6.79,7.17,7.32,7.25,7.05,6.87,6.85,6.67,6.58,6.69,6.73,6.51,6.69,6.87,7.14,7.4,7.06,6.84,6.72,6.38,6.34,6.41,6.38,6.4,6.53,6.93,7.17,7.07,7.01,6.71,6.48,6.4,6.35,8.15,7.01,6.77,6.65
Average retail price of electricity : United States : other : monthly,Average retail price of electricity : United States : other : monthly,cents per kilowatthour,ELEC.PRICE.US-OTH.M,6.48,6.94,7.05,7.04,7.14,7.51,7.7,7.58,7.23,7.52,7.1,6.99,6.44,6.67,6.64,6.74,6.8,6.96,6.83,6.78,6.73,6.75,6.67,6.92,--,--,--,--,--,--,--,--,--,--,--,--,--,--,--,--,--,--,--,--,--,--,--,--,--,--,--,--,--,--,--,--,--,--,--,--,--,--,--,--,--,--,--,--,--,--,--,--,--,--,--,--,--,--,--,--,--,--,--,--,--,--,--,--,--,--,--,--,--,--,--,--,--,--,--,--,--,--,--,--,--,--,--,--,--,--,--,--,--,--,--,--,--,--,--,--,--,--,--,--,--,--,--,--,--,--,--,--,--,--,--,--,--,--,--,--,--,--,--,--,--,--,--,--,--,--,--,--,--,--,--,--,--,--,--,--,--,--,--,--,--,--,--,--,--,--,--,--,--,--,--,--,--,--,--,--,--,--,--,--,--,--,--,--,--,--,--,--,--,--,--,--,--,--,--,--,--,--,--,--,--,--,--,--,--,--,--,--,--,--,--,--,--,--,--,--,--,--,--,--,--,--,--,--,--,--,--,--,--,--,--,--,--,--,--,--,--,--,--,--,--
Average retail price of electricity : United States : residential : monthly,Average retail price of electricity : United States : residential : monthly,cents per kilowatthour,ELEC.PRICE.US-RES.M,7.73,8.04,8.32,8.46,8.83,9.07,9.03,9.01,8.92,8.84,8.47,8.29,8.07,8.19,8.17,8.37,8.64,8.73,8.82,8.72,8.59,8.47,8.31,8.08,8,8.02,8.35,8.82,8.99,9.25,9.21,9.22,8.92,8.85,8.72,8.3,8.24,8.33,8.62,8.93,9.07,9.29,9.36,9.5,9.39,9.05,8.96,8.58,8.52,8.76,8.87,9.22,9.56,9.79,9.77,9.93,9.94,9.76,9.76,9.27,9.55,9.8,9.87,10.32,10.61,10.85,10.96,10.94,10.94,10.58,10.18,9.84,10.06,9.89,10.27,10.63,10.77,11.09,11.07,11.07,10.96,10.82,10.7,10.33,10.14,10.16,10.45,10.93,11.4,11.77,12.07,12.09,11.92,11.81,11.42,10.86,10.98,11.18,11.28,11.5,11.78,11.81,11.85,11.94,11.96,11.65,11.26,10.9,10.49,10.89,11.11,11.71,11.91,11.91,12.04,12.03,11.95,11.86,11.62,11.06,10.87,11.06,11.52,11.67,11.93,11.97,12.09,12.09,12.17,12.08,11.78,11.4,11.41,11.51,11.7,11.92,11.9,12.09,12,12.17,12.3,12.03,11.75,11.62,11.46,11.63,11.61,11.93,12.4,12.54,12.65,12.53,12.51,12.36,12.1,11.72,11.65,11.94,12.25,12.31,12.85,12.99,13.09,13.04,12.95,12.6,12.48,12.17,12.1,12.29,12.33,12.62,12.93,12.92,12.94,12.91,13.03,12.72,12.71,12.32,11.99,12.14,12.56,12.43,12.79,12.73,12.68,12.88,12.87,12.46,12.75,12.23,12.21,12.79,12.89,12.72,13.07,13.2,13.08,13.15,13.28,12.8,12.94,12.45,12.22,12.63,12.97,12.88,13.12,13.03,13.13,13.26,13.01,12.85,12.9,12.43,12.47,12.72,12.84,13.25,13.31,13.32,13.26,13.3,13.16,12.81,13.03,12.68,12.79,12.85,13.08,13.28,13.15,13.27,13.25,13.31,13.54,13.7,13.35,12.8,12.69,13.34,13.29,13.76,13.71
Average retail price of electricity : United States : transportation : monthly,Average retail price of electricity : United States : transportation : monthly,cents per kilowatthour,ELEC.PRICE.US-TRA.M,--,--,--,--,--,--,--,--,--,--,--,--,--,--,--,--,--,--,--,--,--,--,--,--,7.23,7.42,7.32,7.61,7.57,7.75,8.01,7.84,7.65,7.63,7.24,7.26,6.62,7.13,6.7,7.16,6.66,7.28,7.84,7.76,7.42,7.32,7.15,7.12,7.91,8.14,8.01,8.3,8.23,8.5,9.44,9.11,9.25,9.57,8.14,8.23,8.75,9.18,9.06,8.97,9.12,9.82,10.3,10.2,10.11,10.02,9.4,9.56,8.92,9.38,11.04,9.42,9.84,9.88,10.57,9.98,9.76,9.61,8.76,9.19,9.52,10.06,10.14,10.06,10.45,11.84,11.8,11.65,11.83,10.49,10.2,10.57,10.37,10.41,10.98,10.29,11.11,10.77,11.01,10.8,10.73,10.39,10.61,10.53,10.19,10.52,10.3,10.54,10.55,11.17,10.97,10.89,10.54,10.53,10.47,10.08,10.29,10.55,10.24,9.97,10.7,11.01,11.21,10.82,10.8,10.25,9.93,9.79,9.78,9.61,9.95,10.11,9.97,10.33,10.7,10.53,10.74,10.13,10.41,10.28,10.53,10.56,10.25,10.28,10.5,10.76,10.97,10.77,10.88,10.46,10.49,10.2,10.93,10.41,10.43,10.23,10.06,10.6,10.68,10.02,11.02,10.27,10.2,10.48,10.45,10.49,10.12,9.76,9.87,10.15,10.34,10.14,10.29,9.91,9.63,9.81,9.52,9.61,9.56,9.53,9.28,9.75,9.84,10.04,10,9.62,9.22,9.49,9.39,9.5,9.49,9.46,9.61,10.18,10.12,10.06,9.99,9.57,9.5,9.35,9.39,9.78,9.4,9.47,9.39,10.23,10.05,9.5,10.05,9.79,9.7,9.71,9.83,10.02,9.25,9.45,9.46,10.01,9.82,9.65,9.78,9.72,9.52,9.46,9.67,9.45,9.82,9.63,9.34,10.53,10.24,10.25,10.34,9.88,9.89,9.81,9.64,9.93,9.8,10.11,10.13
Average retail price of electricity,Average retail price of electricity,cents per kilowatthour,,,,,,,,,,,,,,,,,,,,,,,,,,,,,,,,,,,,,,,,,,,,,,,,,,,,,,,,,,,,,,,,,,,,,,,,,,,,,,,,,,,,,,,,,,,,,,,,,,,,,,,,,,,,,,,,,,,,,,,,,,,,,,,,,,,,,,,,,,,,,,,,,,,,,,,,,,,,,,,,,,,,,,,,,,,,,,,,,,,,,,,,,,,,,,,,,,,,,,,,,,,,,,,,,,,,,,,,,,,,,,,,,,,,,,,,,,,,,,,,,,,,,,
All sectors,All sectors,,ELEC.PRICE.US-ALL.M,,,,,,,,,,,,,,,,,,,,,,,,,,,,,,,,,,,,,,,,,,,,,,,,,,,,,,,,,,,,,,,,,,,,,,,,,,,,,,,,,,,,,,,,,,,,,,,,,,,,,,,,,,,,,,,,,,,,,,,,,,,,,,,,,,,,,,,,,,,,,,,,,,,,,,,,,,,,,,,,,,,,,,,,,,,,,,,,,,,,,,,,,,,,,,,,,,,,,,,,,,,,,,,,,,,,,,,,,,,,,,,,,,,,,,,,,,,,,,,,,,,,,
Residential,Residential,cents per kilowatthour,ELEC.PRICE.US-RES.M,,,,,,,,,,,,,,,,,,,,,,,,,,,,,,,,,,,,,,,,,,,,,,,,,,,,,,,,,,,,,,,,,,,,,,,,,,,,,,,,,,,,,,,,,,,,,,,,,,,,,,,,,,,,,,,,,,,,,,,,,,,,,,,,,,,,,,,,,,,,,,,,,,,,,,,,,,,,,,,,,,,,,,,,,,,,,,,,,,,,,,,,,,,,,,,,,,,,,,,,,,,,,,,,,,,,,,,,,,,,,,,,,,,,,,,,,,,,,,,,,,,,,
Residential : United States,Residential : United States,cents per kilowatthour,ELEC.PRICE.US-RES.M,7.73,8.04,8.32,8.46,8.83,9.07,9.03,9.01,8.92,8.84,8.47,8.29,8.07,8.19,8.17,8.37,8.64,8.73,8.82,8.72,8.59,8.47,8.31,8.08,8,8.02,8.35,8.82,8.99,9.25,9.21,9.22,8.92,8.85,8.72,8.3,8.24,8.33,8.62,8.93,9.07,9.29,9.36,9.5,9.39,9.05,8.96,8.58,8.52,8.76,8.87,9.22,9.56,9.79,9.77,9.93,9.94,9.76,9.76,9.27,9.55,9.8,9.87,10.32,10.61,10.85,10.96,10.94,10.94,10.58,10.18,9.84,10.06,9.89,10.27,10.63,10.77,11.09,11.07,11.07,10.96,10.82,10.7,10.33,10.14,10.16,10.45,10.93,11.4,11.77,12.07,12.09,11.92,11.81,11.42,10.86,10.98,11.18,11.28,11.5,11.78,11.81,11.85,11.94,11.96,11.65,11.26,10.9,10.49,10.89,11.11,11.71,11.91,11.91,12.04,12.03,11.95,11.86,11.62,11.06,10.87,11.06,11.52,11.67,11.93,11.97,12.09,12.09,12.17,12.08,11.78,11.4,11.41,11.51,11.7,11.92,11.9,12.09,12,12.17,12.3,12.03,11.75,11.62,11.46,11.63,11.61,11.93,12.4,12.54,12.65,12.53,12.51,12.36,12.1,11.72,11.65,11.94,12.25,12.31,12.85,12.99,13.09,13.04,12.95,12.6,12.48,12.17,12.1,12.29,12.33,12.62,12.93,12.92,12.94,12.91,13.03,12.72,12.71,12.32,11.99,12.14,12.56,12.43,12.79,12.73,12.68,12.88,12.87,12.46,12.75,12.23,12.21,12.79,12.89,12.72,13.07,13.2,13.08,13.15,13.28,12.8,12.94,12.45,12.22,12.63,12.97,12.88,13.12,13.03,13.13,13.26,13.01,12.85,12.9,12.43,12.47,12.72,12.84,13.25,13.31,13.32,13.26,13.3,13.16,12.81,13.03,12.68,12.79,12.85,13.08,13.28,13.15,13.27,13.25,13.31,13.54,13.7,13.35,12.8,12.69,13.34,13.29,13.76,13.71
Residential : New England,Residential : New England,,ELEC.PRICE.NEW-RES.M,,,,,,,,,,,,,,,,,,,,,,,,,,,,,,,,,,,,,,,,,,,,,,,,,,,,,,,,,,,,,,,,,,,,,,,,,,,,,,,,,,,,,,,,,,,,,,,,,,,,,,,,,,,,,,,,,,,,,,,,,,,,,,,,,,,,,,,,,,,,,,,,,,,,,,,,,,,,,,,,,,,,,,,,,,,,,,,,,,,,,,,,,,,,,,,,,,,,,,,,,,,,,,,,,,,,,,,,,,,,,,,,,,,,,,,,,,,,,,,,,,,,,
Residential : Connecticut,Residential : Connecticut,cents per kilowatthour,ELEC.PRICE.CT-RES.M,10.7,10.23,10.6,10.87,11.2,11.06,11,11.15,11.14,11.34,11.04,10.75,10.65,10.86,10.94,11.07,11.24,11.16,11.14,11.02,10.91,11.2,10.94,10.55,10.54,10.5,10.68,10.93,11.8,11.87,11.57,11.61,12.01,12.41,11.42,11.02,11.48,11.81,12.03,12.09,12.34,12.35,12.56,12.43,10.95,10.76,10.65,10.23,12.67,13.1,12.95,13.58,13.7,13.91,13.9,13.98,14.63,14.24,13.93,13.42,14.91,16.3,15.77,17.64,17.03,16.77,16.41,17.48,18.64,17.34,16.92,17.97,18.74,19.23,19.2,19.98,19.65,19.93,18.82,19.09,18.9,19.21,18.78,18.31,18.35,18.68,18.63,19.66,19.85,19.4,19.16,21.08,20.37,20.74,19.97,19.52,19.65,20.04,20.34,20.59,21.03,20.93,20.48,20.22,20.32,20.57,20.48,19.92,19.13,19.06,19.33,19.68,20.04,19.4,19.01,18.95,19.11,19.76,19.49,18.64,18.01,17.52,17.93,18.13,18.58,18.36,18.07,17.77,18.05,18.57,18.5,18.16,17.32,17.09,17.16,17.64,17.71,17.3,17.08,17.12,17.24,18.08,17.82,17.06,17.01,16.93,17.2,17.38,18.07,17.73,17.28,17.54,17.89,18.57,18.18,17.59,18.49,19.45,19.58,19.96,20.28,20.27,19.62,19.88,19.82,20.38,20.02,20.04,21.08,21.91,22.06,22.34,23.12,22.62,20.47,19.27,19.29,20.13,20.04,19.47,19.86,20.69,20.85,21.15,21.64,20.95,19.77,18.78,18.98,19.95,19.76,19.03,19.27,19.9,20.06,20.1,20.94,20.44,20.2,20.53,21.26,21.29,20.67,19.61,19.98,21.58,21.04,21.44,21.54,21.61,20.88,21.27,22.04,21.87,21.17,20.84,21.5,22.76,22.5,23.34,23.34,23.09,21.05,21.28,21.53,21.67,21.64,20.3,22.1,23.7,23.3,23.5,23.96,21.73,22.05,22.13,23.68,22.69,21.41,20.39,21.29,22.69,22.74,23.72,22.07
Residential : Maine,Residential : Maine,cents per kilowatthour,ELEC.PRICE.ME-RES.M,12.96,12.84,12.64,12.32,14.24,13.31,13.01,13.04,14.3,13.97,12.68,12.85,10.66,11.65,16.06,12.63,12.97,13.07,12.91,12.46,13.75,13.59,12.34,12.29,11.97,12.33,12.28,12.7,13.44,13.81,11.83,12.64,12,11.63,12.61,12,11.64,12.15,12.33,12.11,12.67,12.37,12.78,12.12,11.87,12.28,12,11.98,13.7,14.35,12.81,13.2,13.14,14.39,13.62,13.55,14.47,12.54,13.73,10.84,13.69,13.7,13.89,13.7,13.72,13.84,13.53,13.67,13.74,14.13,14.06,14.03,15.16,15.17,17,16.85,16.87,16.73,16.7,16.79,16.93,16.94,16.86,16.74,15.62,15.55,16.38,16.58,16.44,16.28,16.42,16.3,16.43,16.49,16.37,16.27,16.21,16.19,15.34,15.44,15.45,15.54,15.49,15.49,15.64,15.57,15.54,15.52,15.43,15.58,15.63,15.7,15.72,15.75,15.73,15.78,15.88,15.85,15.84,15.76,15.72,15.8,15.28,15.33,15.37,15.28,15.11,15.27,15.4,15.4,15.35,15.26,15.02,15.07,14.28,14.46,14.41,14.21,14.63,14.66,14.81,14.76,14.83,14.7,14.46,14.6,14.2,14.21,14.37,14.17,14.27,14.39,14.46,14.45,14.39,14.31,14.39,14.54,15.17,15.33,15.36,15.39,15.26,15.3,15.77,15.82,15.75,15.68,16.41,16.54,14.81,14.95,15.99,15.48,15.49,15.46,15.13,15.98,16.2,14.91,15.56,15.47,15.65,15.6,15.78,15.84,15.83,16,16.26,16.26,16.21,15.63,16.2,16.15,15.97,15.95,15.94,16.05,15.93,15.96,16.01,16.05,15.72,15.67,16.09,16.76,16.91,16.94,17.19,17.2,17.17,16.91,16.87,17.11,16.73,16.64,17.27,17.61,18.06,17.92,18.15,18.18,17.9,17.92,18.12,18.34,17.55,17.95,16.81,17.04,16.56,16.8,16.82,16.91,16.84,16.82,17.21,16.84,16.47,16.51,16.5,16.24,16.42,16.46,16.62
Residential : Massachusetts,Residential : Massachusetts,cents per kilowatthour,ELEC.PRICE.MA-RES.M,11.86,12.03,12.08,12.49,12.47,12.57,13.24,12.62,12.97,12.85,12.74,11.96,11.65,10.9,11.1,11.4,10.66,10.92,10.75,10.56,10.68,10.87,11.04,10.78,10.5,10.83,11.05,10.75,11.56,12.05,11.89,12.11,12.64,12,12.01,11.98,11.2,11.69,11.36,11.56,11.43,11.55,11.73,11.96,12.22,12.05,12.17,12.16,12.8,13.35,13.1,13.03,13.31,13.16,13.08,13.19,13.66,13.28,14.45,14.9,17.05,17.64,17.17,16.48,16.47,16.22,16.05,16.85,16.59,16.18,15.74,16.63,17.87,16.82,16.95,16.62,15.66,16.68,15.58,15.78,16.15,15.91,15.57,15.24,16.81,16.49,16.79,16.39,17.75,17.33,17.62,18.08,17.95,19.7,17.87,18.37,18.19,18,17.32,17.53,17.69,17.62,16.48,15.92,17.28,16.11,15.85,14.67,15.05,14.41,15.12,15.2,14.48,14.08,14.22,14.88,14.64,14.55,14.17,14.42,14.48,14.36,14.55,14.09,15,15.12,14.13,15.09,15.58,13.98,14.49,15.2,15.1,15.41,15.72,14.8,15.39,15.48,14.58,14.16,15.2,14.38,13.77,15.19,14.35,14.93,14.84,15.06,15.82,15.92,15.2,16.03,15.94,15.74,16.14,20,16.77,17.47,17.27,18.15,17.57,16.56,16.27,17.75,16.75,16.9,17.61,19.89,20.81,21.7,22.1,21.66,20.7,19.54,18.06,18.02,18.87,18.42,18.35,19.63,19.41,19.75,19.62,19.89,18.97,18.45,18.02,18.02,19.69,18.82,19.14,18.81,19.76,20.33,19.53,20.99,19.76,19.62,19.72,19.66,20.83,20.45,20.44,20.05,22.73,22.19,22.45,22.25,21.57,20.93,20.57,20.8,22.12,21.25,21.25,21.46,21.96,22.4,22.67,22.67,22.28,21.33,20.93,21.62,22.03,21.25,21.78,22.39,22.9,23.05,22.78,23.22,22.25,20.99,21.32,21.68,21.51,21.64,22.1,21.54,22.32,22.63,23.29,23.45,18.59
Residential : New Hampshire,Residential : New Hampshire,cents per kilowatthour,ELEC.PRICE.NH-RES.M,13.52,13.02,13.08,13.93,11.58,12.08,12.66,11.97,11.26,12.68,11.73,12.01,11.91,11.32,11.58,12.43,12.17,11.68,12.25,11.42,11.6,12.77,11.92,11.82,11.43,11.76,11.89,11.99,12.19,12.33,12.04,12.08,12.26,12.31,12.08,11.74,11.61,12.39,12.33,12.37,12.79,12.74,12.75,12.73,13.24,13.1,12.45,11.93,11.98,13.5,13.29,13.89,13.58,12.86,12.75,13.7,15.05,14.16,13.75,14.18,14.2,14.84,14.9,15.27,15.88,15.14,14.49,13.79,14.39,14.95,14.22,14.6,14.93,14.69,14.87,14.92,15.19,14.96,14.96,14.7,14.67,15.19,14.81,14.79,14.78,14.84,14.85,15.22,15.75,15.85,15.99,16.02,16.26,16.63,16.25,16.16,16.26,16.41,16.64,16.85,16.56,16.6,16.39,16.1,16.11,16.46,16.32,16.17,15.79,15.47,16.03,16.3,16.4,16.25,16.17,16.57,16.76,17.06,16.89,16.45,16.31,16.32,16.43,16.52,16.9,16.81,16.29,16.44,16.49,16.66,16.65,16.67,16.17,16.12,16.33,16.45,16.53,16.51,15.81,15.59,15.88,16.03,15.9,15.83,16.02,16.32,16.58,16.6,16.9,16.68,16.06,15.88,16.08,16.75,16.38,16.13,16.52,17.17,17.32,17.54,17.99,18,17.23,17.17,17.36,18.07,18.18,18.51,19.1,19.43,19.52,19.7,19.49,18.69,17.74,17.13,17.23,17.74,18.15,18.01,17.98,18.33,18.43,18.64,18.51,18.06,17.95,18.18,18.28,18.86,19.05,18.61,18.42,18.85,18.92,18.96,19.55,19.3,18.95,19.17,19.64,19.87,19.87,19.41,19.29,19.85,19.97,19.85,19.8,19.66,18.92,19.32,19.9,20.26,20.12,19.82,19.93,20.17,20.13,20.62,20.69,20.3,19.38,19.45,20.24,20.43,20.22,19.71,19.9,19.71,18.97,19.38,19.34,19,18.33,18.28,19.03,19.34,19.2,18.74,18.93,19.27,19.23,19.8,19.96
Residential : Rhode Island,Residential : Rhode Island,cents per kilowatthour,ELEC.PRICE.RI-RES.M,11.96,12.02,12.04,13.17,12.38,12.57,12.97,11.64,12.37,11.68,11.56,11.4,10.34,10.28,9.29,10.41,10.01,10.65,9.56,10.42,10.2,10.5,10.62,10.37,9.8,11.32,10.24,10.18,11.46,11.22,12.7,12.59,12.54,11.92,12.21,12.79,11.9,12.25,12.17,11.59,11.8,11.96,12.26,12.3,11.57,12.73,12.27,13.36,12.11,10.64,12.54,12.6,12.67,12.85,13.17,13.08,13.62,13.44,14.48,15.01,14.94,14.74,15.83,15.46,15.47,15.7,15.06,15.23,15.33,15.08,14.34,14.28,13.91,13.25,13.44,14.05,13.52,14.31,14.33,13.16,15.51,14.16,14.65,14.62,15.35,15,16.87,14.96,22.01,16.08,17.89,18.12,18,17.45,19.35,18.63,17.46,17.9,14.81,15.75,15.14,16.44,14.77,14.06,16.38,15.13,15.34,14.79,15.49,16.1,17.12,15.88,15.26,16.6,15.21,17.1,15.76,15.85,15.97,14.95,16.21,16.36,15.76,14.22,13.48,14.06,13.06,14.28,14.53,12.43,13.19,14.33,14.75,14.94,14.82,13.15,14.41,15.32,13.9,14,15.09,13.66,13.07,15.71,14.48,16.15,15.91,14.09,14.55,13.68,13.05,15.42,15.52,14.26,15.65,20.17,16.26,18.57,16.86,18.26,18.07,16.47,15.84,18.36,17.21,17.19,16.68,17.03,17.73,20.16,20,21.06,18.63,18.31,17.59,18.86,21.6,19.68,18.62,19.88,18.41,18.79,19.07,19.43,18.02,18.69,17.1,18.56,20.47,18.87,18.14,18.35,18.93,19.79,17.97,19.59,16.91,16.67,17.2,17.81,17.92,19.55,20.5,18.01,22.24,21.66,20.21,20.47,20.02,18.64,18.23,18.7,22.32,21.47,21.75,22.51,22.68,24.14,23.12,22.35,20.93,20.28,18.63,21.75,22.64,21.81,21.92,21.82,24.23,22.64,23.25,23.37,21.2,19.28,19.52,22.13,21.98,22.43,23.58,22.59,23.41,24.09,23.35,23.54,20.8
Residential : Vermont,Residential : Vermont,cents per kilowatthour,ELEC.PRICE.VT-RES.M,12.47,12.53,12.4,12.04,12.59,13.01,13.06,12.89,12.79,13.07,12.67,12.61,12.67,12.35,12.78,12.81,12.57,12.92,13.05,12.89,12.95,12.93,12.76,12.7,12.32,12.33,12.51,12.81,12.92,13.17,13.09,13.09,13.16,13.06,12.96,12.72,12.48,12.47,12.75,12.88,13.07,13.33,13.16,13.21,13.23,13.29,13.33,12.56,12.67,12.8,12.78,13.11,13.09,13,12.92,13.02,13.06,13.19,13.17,12.92,12.92,13.1,13.07,13.39,13.69,13.61,13.47,13.5,13.73,13.74,13.57,13.2,13.67,13.95,13.81,14.29,14.37,14.49,14.16,14.16,14.29,14.61,14.37,13.9,13.9,13.98,14.39,14.65,14.84,14.66,14.52,14.55,14.98,14.78,14.7,14.2,14.25,14.73,14.63,15.09,15.08,15.11,14.87,15.07,15.2,15.37,14.91,14.85,14.78,15.34,15.22,15.86,15.75,15.8,15.41,15.64,15.99,16.12,15.85,15.58,15.71,15.95,16.02,16.37,16.47,16.28,16.19,16.35,16.32,17.14,16.59,16.2,16.52,17.07,16.76,16.87,16.41,16.93,16.77,16.38,16.38,17.51,19.26,17.2,16.49,16.34,16.55,17.6,17.76,17.76,17.21,17.07,17.27,17.64,17.52,17.03,16.92,17.11,17.34,18.05,18.16,18.06,17.9,17.84,17.76,17.39,17.09,16.67,16.5,16.56,16.68,17.25,17.5,17.41,17.08,17.13,17.27,17.44,17.67,17.19,16.65,16.93,17.14,17.54,17.82,17.6,17.33,17.31,17.58,17.82,17.88,17.26,17.07,17.53,17.4,17.73,18.12,18.03,17.76,17.74,17.92,17.97,17.9,17.36,17.4,18.08,17.63,17.95,18.38,18.53,17.89,17.96,18,18.47,18.27,18.1,16.78,16.71,17.08,17.22,17.41,17.54,17.21,16.71,17.09,20.21,19.82,19.23,19.27,19.39,19.6,19.53,19.75,19.67,19.01,19.17,19.79,20.09,19.68,19.04,18.38,18.39,18.74,19.47,19.59
Residential : Middle Atlantic,Residential : Middle Atlantic,,ELEC.PRICE.MAT-RES.M,,,,,,,,,,,,,,,,,,,,,,,,,,,,,,,,,,,,,,,,,,,,,,,,,,,,,,,,,,,,,,,,,,,,,,,,,,,,,,,,,,,,,,,,,,,,,,,,,,,,,,,,,,,,,,,,,,,,,,,,,,,,,,,,,,,,,,,,,,,,,,,,,,,,,,,,,,,,,,,,,,,,,,,,,,,,,,,,,,,,,,,,,,,,,,,,,,,,,,,,,,,,,,,,,,,,,,,,,,,,,,,,,,,,,,,,,,,,,,,,,,,,,
Residential : New Jersey,Residential : New Jersey,cents per kilowatthour,ELEC.PRICE.NJ-RES.M,9.62,9.34,9.79,9.9,9.92,10.86,11.03,10.91,10.98,9.76,9.79,9.68,9.66,9.74,9.7,10.25,10.62,11.01,11.14,11.02,10.77,9.86,9.96,9.86,9.59,9.84,9.88,10,10.31,10.67,11.02,12.08,12.02,10.41,10.63,10.59,10.52,10.68,10.85,10.82,10.95,12.07,12.39,12.47,12.47,10.14,10.03,10.02,10.53,10.58,10.69,10.45,10.99,12.5,12.95,13.27,12.74,11.42,11.09,11.13,11.21,11.34,11.36,11.31,11.46,14.01,14.57,14.75,13.85,12.54,12.17,12.44,12.48,12.56,12.52,12.51,13.05,15.52,16.03,16.3,15.28,13.67,13.51,13.63,13.92,14.01,13.83,13.77,14.27,16.84,17.65,17.75,16.84,15.61,15.27,15.27,15.71,15.93,15.85,15.78,16.05,16.77,17.71,17.38,16.7,15.62,15.5,15.63,15.87,15.81,15.89,15.91,16.14,16.88,17.39,17.36,17.37,16.34,16.28,16.14,15.64,16.73,16.4,16.28,16.33,16.03,16.35,16.68,16.18,15.95,16.15,15.97,16.07,16.22,15.86,15.91,15.93,15.67,16.12,15.81,15.57,15.17,15.24,15.49,15.3,15.26,15.33,15.45,15.56,16.04,16.43,16.24,16.07,15.56,15.34,15.28,15.22,15.63,15.88,15.69,15.45,15.87,16.51,16,15.84,15.58,15.59,15.54,15.46,15.46,15.54,15.86,15.63,16.43,16.42,16.33,15.66,15.22,15.32,15.55,15.48,15.46,15.55,15.49,15.37,16.02,16.1,16.22,16.14,15.26,15.26,15.29,15.78,15.65,15.53,15.7,16.19,15.92,15.98,15.81,15.3,14.66,15.3,15.55,15.49,15.8,15.35,15.52,15.82,15.5,15.45,15.25,15.47,14.91,14.99,15.39,15.71,16.22,15.94,16.4,16.78,15.94,16.09,15.78,15.45,15.5,15.27,15.22,15.43,15.73,16.14,15.93,15.63,15.85,16.6,16.48,16.34,15.96,15.69,15.99,16.18,16.37,15.58,16.54,15.51
Residential : New York,Residential : New York,cents per kilowatthour,ELEC.PRICE.NY-RES.M,13.89,13.93,13.58,13.44,14.01,14.41,14.99,14.61,14.23,14.22,13.53,13.25,12.95,13,12.81,12.69,13.3,14.01,14.19,14.16,14.42,13.87,13.37,13.19,12.77,13.3,13.91,14.55,14.77,14.98,15.14,14.94,14.92,14.75,14.23,13.63,13.32,14.02,13.98,14.03,14.2,14.99,15.36,15.32,15.1,14.93,14.88,14.29,14.05,14.53,14.4,14.64,15.36,15.58,15.63,16.16,16.69,17.36,17.57,16.53,16.61,16.66,15.89,16.36,16.56,17.33,17.56,17.74,17.92,17.22,16.33,15.88,16.09,15.89,16.83,17.14,17.5,18.17,17.27,17.96,17.15,17.48,16.94,16.66,16.87,17.32,16.93,18.05,18.74,19.41,19.75,20.93,19.5,17.58,16.97,16.63,16.86,16.75,16.39,16.5,16.87,18.21,18.65,18.19,18.78,18.17,16.82,17.51,17.3,18.05,17.55,18.92,19.21,19.41,20.11,19.35,20.09,18.36,18.25,17.72,17.25,17.45,17.58,17.63,18.3,19.07,19.22,19.25,18.84,18.78,17.93,17.26,16.79,16.51,16.64,16.71,17.33,18.31,18.38,18.12,18.52,18.44,17.44,17.47,17.93,19.1,18.16,17.67,18.35,19.32,20.03,19.14,19.56,18.88,18.49,18.18,19.57,21.69,20.9,19.54,20.59,20.88,20.48,19.51,19.41,19.43,19.45,19.26,19.28,19.75,18.92,17.72,18.06,18.76,18.71,18.38,18.38,18.3,18.23,17.5,16.56,16.76,16.79,17.38,17.71,17.87,17.93,17.99,18.36,18.26,17.73,17.17,17.3,17.48,17.02,17.3,18.53,18.74,18.79,18.56,18.8,18.74,17.8,16.99,17.75,18.19,17.52,17.98,18.51,19.28,19.37,19.02,19.28,19.29,18.17,17.33,17.3,17.65,16.85,17.54,17.35,18.53,18.64,18.38,18.72,18.58,18.01,17.33,17.55,17.42,17.17,17.33,18.53,19.11,18.73,18.41,18.98,19.28,18.92,18.23,18.27,18.78,18.03,18.5,19.86
Residential : Pennsylvania,Residential : Pennsylvania,cents per kilowatthour,ELEC.PRICE.PA-RES.M,8.74,9.01,9.29,9.38,9.98,10.63,10.32,10.25,9.97,9.95,9.63,9.43,9.21,9.47,9.37,9.54,9.93,10.34,10.27,10.21,10.04,9.87,9.48,9.17,8.91,8.93,9.11,9.43,9.82,10.19,10.28,10.22,10.08,9.79,9.6,9.17,8.8,8.91,9.2,9.44,9.83,10.22,10.21,10.2,10.17,9.69,9.59,9.14,9.11,9.26,9.31,9.72,10.06,10.5,10.41,10.36,10.36,10.02,10.05,9.36,9.51,9.93,9.82,10.28,10.78,10.99,11,10.78,10.55,10.6,10.1,10.06,10.28,10.25,10.25,10.75,11.32,11.64,11.46,11.57,11.3,11.36,11.08,10.53,10.47,10.69,10.72,11.13,11.76,12.11,12.22,11.93,11.76,11.81,11.35,10.81,10.8,11,11.16,11.57,12.03,12.44,12.42,12.4,11.94,11.89,11.57,11.29,11.49,12.12,12.34,12.93,13.36,13.3,13.33,13.23,12.95,13.03,12.68,12.22,12.4,12.59,12.98,13.21,13.48,13.62,13.56,13.64,13.91,13.65,13.46,13.17,12.82,12.79,12.77,12.97,12.99,12.89,12.62,12.68,12.57,12.8,12.6,12.62,12.32,12.25,12.24,12.56,12.89,13.06,13.11,13.25,13.31,13.11,12.95,12.75,12.69,13.37,12.97,13.06,13.2,13.9,13.96,13.92,13.49,13.42,13.2,13.01,12.76,12.86,12.96,13.36,13.88,14.22,14.02,14.03,14.11,14.28,14.2,13.92,13.71,13.87,13.8,14.07,14.2,13.81,13.6,13.65,13.96,14.32,14.14,13.66,13.69,14.18,13.96,14.3,14.57,14.43,14.23,14.32,14.45,14.6,14.4,13.99,13.52,13.8,13.79,13.93,14.34,14.25,14.01,13.95,13.77,14.14,13.96,13.59,12.55,13.59,13.64,14.19,14.25,14.1,13.84,13.85,14.05,14.22,14.09,13.98,13.63,13.7,13.75,13.76,13.99,13.61,13.3,13.25,13.56,13.89,13.52,13.15,13.09,13.08,13.25,13.76,12.34
Residential : East North Central,Residential : East North Central,,ELEC.PRICE.ENC-RES.M,,,,,,,,,,,,,,,,,,,,,,,,,,,,,,,,,,,,,,,,,,,,,,,,,,,,,,,,,,,,,,,,,,,,,,,,,,,,,,,,,,,,,,,,,,,,,,,,,,,,,,,,,,,,,,,,,,,,,,,,,,,,,,,,,,,,,,,,,,,,,,,,,,,,,,,,,,,,,,,,,,,,,,,,,,,,,,,,,,,,,,,,,,,,,,,,,,,,,,,,,,,,,,,,,,,,,,,,,,,,,,,,,,,,,,,,,,,,,,,,,,,,,
Residential : Illinois,Residential : Illinois,cents per kilowatthour,ELEC.PRICE.IL-RES.M,7.53,8.25,8.33,8.81,9.2,9.43,9.42,9.35,9.21,8.78,8.05,7.93,7.53,8.02,8.03,8.31,8.78,8.93,8.95,8.89,8.92,8.61,7.83,7.46,7.4,7.6,7.88,8.54,8.83,9.23,9.06,8.97,8.85,8.67,8.12,7.56,7.37,7.58,8.18,8.46,8.76,8.98,9.13,9.05,8.99,8.52,8.03,7.58,7.27,7.83,7.96,8.46,8.74,8.88,8.97,8.87,8.91,8.54,8.04,7.38,7.43,7.93,7.91,8.46,8.92,8.88,9.15,8.92,9.21,8.73,7.78,7.55,9.63,9.62,9.81,10.42,10.17,10.58,9.89,10.29,10.31,10.74,10.58,9.71,9.56,9.88,10.43,11.02,11.6,11.57,11.41,11.24,11.63,12.05,12.24,10.82,10.79,11.47,11.74,11.97,12.16,11.4,10.97,11.15,11.48,11.42,11.11,10.3,9.94,10.56,10.98,11.61,12.05,12.7,12.13,11.96,11.75,12.22,11.98,10.64,10.31,11.19,11.9,11.88,12.37,12.06,11.91,11.55,12.76,12.85,12.38,11.14,11.21,11.45,11.97,12.45,12.73,11.24,10.81,10.78,11.36,11.91,11.35,10.62,10.42,10.85,10.46,10.92,11.89,10.57,10.44,10.73,10.09,11.22,10.61,9.84,10.34,10.94,11.27,12.31,12.48,12.15,12.09,12.41,12.05,13.52,12.62,11.78,11.45,11.88,11.94,13.31,13.26,12.58,12.56,12.52,12.8,13.58,13.27,11.82,11.77,12.27,12.88,13.09,13.61,12.54,12.35,12.24,12.53,13.03,13.14,11.95,11.55,12.51,14.02,13.59,14.09,13.14,12.29,12.83,13.09,13.12,13.67,12.58,12.74,12.48,12.93,13.27,13.39,12.75,11.96,12.52,12.43,13.49,13.46,12.53,12.38,12.67,12.99,14.32,14.32,13.42,12.14,12.71,12.69,13.86,13.51,12.79,12.63,12.81,13.19,13.76,14.12,12.74,12.01,12.35,12.41,13.75,13.41,12.32,12.3,12.26,13.87,14.04,14.24
Residential : Indiana,Residential : Indiana,cents per kilowatthour,ELEC.PRICE.IN-RES.M,6.08,6.67,6.73,7.1,7.3,7.21,6.88,6.72,7.65,7.43,7.32,6.79,6.48,6.82,6.92,7.19,7.54,7.08,6.75,6.86,7.02,7.41,6.79,6.55,6.48,6.57,6.84,7.59,7.53,7.37,6.9,7.03,7.19,7.65,7.52,6.69,6.51,6.62,7.21,7.61,7.63,7.44,7.37,7.55,7.53,7.97,7.86,7.01,6.78,7.15,7.16,7.89,8.11,7.69,7.3,7.38,7.63,8.23,8.21,7.25,7.44,7.74,8.01,8.96,9.16,8.46,8.21,8.29,8.49,8.73,8.14,7.74,7.51,7.36,7.97,8.8,8.87,8.37,8.31,8.41,8.55,8.93,8.83,7.89,7.79,8.01,7.91,9.2,9.68,9.03,9.16,9.21,9.39,10.08,9.57,8.63,8.78,9.16,9.8,10.04,10.27,9.78,9.62,9.74,9.93,9.75,9.31,8.74,8.46,8.75,9.08,10.12,10.23,9.47,9.63,9.69,10.17,10.8,10.3,9.34,9.17,9.45,9.93,10.46,10.52,10.15,10,10.04,10.76,11.08,10.29,9.85,10,10.18,10.85,11.56,10.85,10.54,9.94,10.44,10.92,11.09,10.45,10.49,10.13,10.34,10.63,11.53,11.66,11.32,11.23,11.23,11.28,11.69,11.18,10.49,10.34,10.73,11.19,12.14,11.98,11.71,11.91,11.77,11.85,12.21,11.63,11.26,10.98,11,11.14,12.29,11.93,11.82,11.54,11.59,11.81,12.17,12.03,11.46,10.8,10.9,11.6,12.21,12.18,11.7,11.68,11.77,12.26,12.69,12.83,11.75,11.6,12.12,12.29,12.9,12.75,12.37,12.18,12.33,12.63,12.75,12.71,11.59,11.35,11.79,12.37,12.54,12.52,12.26,12.3,12.53,12.63,12.69,12.65,11.99,12.14,12.28,12.53,13.25,13.29,12.88,12.48,12.52,12.53,12.87,12.7,12.1,11.91,11.84,12.19,12.6,12.65,12.61,12.23,12.32,13.04,13.65,13.23,12.69,12.25,12.38,13.15,13.93,14.2
Residential : Michigan,Residential : Michigan,cents per kilowatthour,ELEC.PRICE.MI-RES.M,8.08,8.12,8.08,8.08,8.16,8.52,8.63,8.69,8.37,8.04,8.1,7.88,8.09,8.04,8.04,8.03,8.1,8.56,8.67,8.63,8.48,8.02,8.05,8.28,8.21,8.16,8.2,8.19,8.23,8.59,8.71,8.7,8.54,8.08,8.24,8.22,8.14,8.21,8.08,8.11,8.19,8.81,8.63,8.56,8.54,8.14,8.26,8.25,8.14,8.24,8.14,8.27,8.2,8.73,8.84,8.75,8.58,8.11,8.21,8.15,9.13,9.21,9.16,10,9.8,9.96,10.25,10.47,9.94,9.65,9.63,9.65,9.92,10.31,10.07,10,10.12,10.69,10.46,10.69,10.1,9.82,10,10.03,10.25,10.11,10.26,10.2,10.23,11.06,11.57,11.74,10.93,10.94,10.61,10.67,10.83,10.64,10.66,10.67,11.73,12.42,12.14,12.46,12.71,12.32,11.47,11.44,11.42,11.57,11.82,12.74,12.81,12.91,12.93,13.55,12.67,12.62,12.08,12.05,12.26,12.64,12.51,12.69,13.37,13.95,13.93,14.13,13.5,13.75,12.95,13.32,13.48,13.48,13.63,13.69,14.39,14.13,15.06,14.53,14.37,14.22,13.98,14.08,13.65,13.84,14.08,14.37,15.11,15.47,15.06,14.98,14.98,14.99,14.59,14.2,13.77,13.94,14.05,14.59,14.85,14.96,15.09,14.87,14.8,14.7,14.38,13.93,13.54,13.71,13.76,14,14.18,14.65,15.26,15.38,14.52,14.86,14.63,14.51,14.43,14.78,14.75,14.88,15.26,15.34,15.31,15.82,15.71,15.67,15.37,15.16,15.15,15.33,15.32,15.36,15.79,15.79,15.63,15.63,15.38,15.12,15.16,15.09,15.15,15.48,15.43,15.54,15.82,15.98,15.89,15.4,15.31,15.3,14.99,14.98,14.91,14.97,15.12,15.34,15.65,15.99,16.36,16.45,16.28,16.25,15.73,15.69,15.74,15.92,16.05,16.14,16.32,16.72,16.34,16.6,16.99,16.92,16.43,16.47,16.92,16.95,17.17,17.62,17.69
Residential : Ohio,Residential : Ohio,cents per kilowatthour,ELEC.PRICE.OH-RES.M,7.59,7.87,7.99,8.38,8.93,9.28,9.01,8.86,8.78,8.35,7.95,7.69,7.59,7.84,7.78,8.18,9.04,8.65,8.84,8.73,8.6,8.36,7.93,7.41,7.4,7.57,7.76,8.45,8.83,8.96,9.02,8.68,8.72,8.48,8.23,7.7,7.59,7.69,8.27,8.56,8.78,9.09,8.97,9.13,8.83,8.64,8.5,7.92,7.71,7.85,8.05,8.47,8.97,9.15,8.98,9.08,8.94,8.7,8.55,7.81,8.28,8.87,8.78,9.33,9.94,10.16,10.03,9.93,9.89,9.57,9.05,8.53,8.82,8.55,8.76,9.6,9.95,10.34,10.4,10.46,10.01,9.55,9.6,8.96,8.87,9.15,9.22,10.01,10.79,10.85,10.88,10.8,10.63,10.64,10.21,9.48,9.4,9.66,10.32,11,11.27,11.36,11.49,11.52,11.15,10.83,10.65,10.31,10.28,10.55,10.67,11.45,11.82,12.16,11.95,11.89,11.78,11.49,11.48,10.67,10.04,10.46,10.96,11.22,11.58,12.03,12.33,12.14,12.07,11.97,11.7,10.95,11.08,11.04,11.35,11.93,11.85,12.24,12.16,12.14,12.27,12.06,11.67,11.39,11.11,11.12,11.39,11.79,12.49,13.06,12.98,12.83,12.33,12.09,11.97,11.3,11.08,11.18,11.66,12.53,13.01,13.64,13.56,13.61,12.39,13.12,12.89,12.43,12.22,12.2,12.33,12.73,13.06,13.18,13.42,13.23,12.71,13.03,13.11,12.74,12.22,12.23,12.66,12.93,13.19,12.66,12.45,12.4,12.13,12.52,12.42,12.28,11.81,12.43,12.59,12.79,12.84,12.93,12.84,12.87,12.95,12.81,12.71,12.24,12.04,12.52,12.74,12.86,13,12.84,12.91,12.9,11.63,12.71,12.57,12.21,12.18,12.1,12.34,12.7,13.13,12.93,12.55,12.67,12.08,12.06,12.21,11.8,11.72,11.58,11.91,12.4,12.44,12.06,12.09,12.06,12.09,12.76,12.35,11.8,11.83,11.65,12.41,13.16,11.91
Residential : Wisconsin,Residential : Wisconsin,cents per kilowatthour,ELEC.PRICE.WI-RES.M,7.46,7.67,7.78,8.02,8.09,8.12,7.93,7.93,8.03,8,7.9,7.95,7.86,8.06,8.02,8.08,8.32,8.44,8.13,8.16,8.22,8.23,8.27,8.37,8.11,8.27,8.37,8.79,8.88,9.1,8.9,8.87,8.94,8.79,8.71,8.51,8.59,8.73,8.77,9.07,9.27,9.48,9.4,9.34,9.32,9.11,9.08,8.86,8.99,9.2,9.27,9.56,9.78,9.93,9.89,9.92,9.97,9.91,9.83,9.69,10.03,10.08,10.28,10.72,10.96,10.25,10.67,10.74,10.81,10.79,10.52,10.35,10.5,10.58,10.51,10.85,11.2,11.15,11.02,11.01,10.98,11.07,10.95,10.66,10.68,11.03,11.09,11.41,11.76,12.05,11.94,12.02,12.15,11.87,11.58,11.07,12.02,11.6,11.49,11.67,11.97,12.65,12.18,12.28,12.39,12,11.79,11.41,11.97,12.28,12.46,12.61,12.81,13.16,12.85,12.95,13.12,12.88,12.7,12.25,12.32,12.6,12.7,12.91,13.11,13.67,13.27,13.13,13.7,13.29,13.08,12.78,12.66,12.88,13.1,13.36,13.35,13.36,13.28,13.5,13.83,13.43,13.16,12.61,12.96,13.11,13.18,13.44,13.73,14.09,14,14.27,14.07,13.76,13.47,12.79,12.86,13.24,13.09,13.52,14.03,14.38,14.32,14.07,14.4,13.91,13.59,13.2,13.46,13.58,13.69,14.21,14.56,14.94,14.37,14.38,14.57,14.58,13.93,13.54,13.45,13.71,13.89,14.15,14.68,14.66,14.28,14.07,14.47,14.4,14.07,13.41,13.64,13.98,14.18,14.48,15.05,14.73,14.34,14.64,14.82,14.71,14.14,13.87,13.57,13.82,13.95,14.24,14.8,13.88,13.93,13.99,14.48,14.48,13.86,13.6,13.56,13.67,13.85,14.37,14.88,14.87,14.05,14.38,14.58,14.78,14.03,13.72,14.31,14.71,14.73,14.89,15.24,15,14.53,14.72,15.38,15.23,14.77,14.52,14.05,13.99,14.35,14.62,15.31
Residential : West North Central,Residential : West North Central,,ELEC.PRICE.WNC-RES.M,,,,,,,,,,,,,,,,,,,,,,,,,,,,,,,,,,,,,,,,,,,,,,,,,,,,,,,,,,,,,,,,,,,,,,,,,,,,,,,,,,,,,,,,,,,,,,,,,,,,,,,,,,,,,,,,,,,,,,,,,,,,,,,,,,,,,,,,,,,,,,,,,,,,,,,,,,,,,,,,,,,,,,,,,,,,,,,,,,,,,,,,,,,,,,,,,,,,,,,,,,,,,,,,,,,,,,,,,,,,,,,,,,,,,,,,,,,,,,,,,,,,,
Residential : Iowa,Residential : Iowa,cents per kilowatthour,ELEC.PRICE.IA-RES.M,7.66,7.94,8.06,8.66,9.13,8.95,8.78,8.86,8.78,8.52,7.84,7.78,7.65,7.9,7.89,8.16,8.51,8.97,8.79,8.85,8.83,8.4,7.98,7.85,7.74,7.86,8.15,8.72,8.96,9.37,9.12,9.06,8.98,8.65,8.21,7.96,8.06,8.05,8.42,8.7,8.95,9.56,9.79,9.98,9.53,9.13,8.71,8.67,8.34,8.69,8.89,9.25,9.58,9.94,9.71,9.96,9.71,9.22,9.03,8.7,8.93,9.32,9.45,9.59,9.95,9.79,10.03,10.2,10.53,9.87,9.13,8.69,8.83,8.57,9.01,9.61,9.87,9.86,9.91,10.04,9.79,9.66,9.25,8.83,8.37,8.35,8.88,9.45,9.95,10.27,10.34,10.7,10.34,10,8.98,8.99,8.58,8.96,9.43,9.94,10.27,10.91,11.41,11.31,11.21,9.92,9.63,9.36,8.75,9.06,9.75,10.72,11.11,10.87,11.69,11.67,11.23,10.76,10.34,9.71,9.23,9.61,9.93,10.39,10.6,11.07,11.54,11.22,11.4,11.05,10.3,9.66,9.74,9.77,10.26,11.23,10.98,11.32,11.54,12.03,11.38,10.99,10.34,10.16,10.02,10.07,10.38,10.68,10.99,11.93,12.11,12.3,11.75,11.58,10.77,10.33,9.8,10.06,10.77,11.48,11.32,12.12,12.53,13.25,12.07,11.21,10.34,9.96,10,10.46,10.65,11.65,12.07,13.22,13.35,13.66,12.04,11.42,11.16,10.38,10.18,10.56,11.16,11.4,12.65,13.28,13.78,13.99,12.43,11.86,11.63,10.37,10.53,10.88,11.37,12.01,12.85,13.68,14.36,14.43,13.32,11.77,11.73,11.21,10.54,11.21,11.6,11.8,12.83,13.44,14.09,14.18,12.83,12.32,11.67,10.65,11,11.18,11.06,12.66,13.51,14.11,14.18,14.31,13.42,12.02,11.77,11.13,11.72,11.9,12.4,12.74,14.35,13.5,14.74,14.62,13.15,13.02,12.34,11.31,10.87,11.62,11.29,12.35,13.39
Residential : Kansas,Residential : Kansas,cents per kilowatthour,ELEC.PRICE.KS-RES.M,6.81,7.09,7.44,7.58,7.86,7.79,8.16,8.34,8.15,7.65,7.09,6.99,6.91,7.07,7.11,7.44,7.79,7.8,8.4,8.14,8.13,7.67,7.28,7.06,6.96,7.14,7.38,7.68,7.8,8.14,8.14,8.23,8.35,7.67,7.26,6.85,6.96,6.92,7.33,7.81,7.82,8.02,8.31,8.52,8.29,7.62,7.64,7.07,6.84,7.2,7.5,7.88,7.71,7.92,8.29,8.55,8.74,8.27,7.77,7.24,7.66,7.59,7.75,8.39,8.38,8.55,8.87,8.84,9.07,8.15,7.53,7.22,7.37,7.46,7.92,8.35,8.41,8.96,8.92,8.63,8.56,8.1,7.67,7.29,7.49,7.6,8.48,8.86,9.15,9.75,10.25,9.73,9.25,8.85,8.51,7.98,8.07,9.22,9.45,9.54,9.86,10.04,9.88,10.19,10.13,9.78,9.5,8.77,8.66,9.32,9.71,10.18,10.38,10.32,10.69,10.7,10.48,10.13,10.03,9.43,9.45,9.73,10.33,10.72,11.04,11.15,11.32,11.29,11.02,10.55,10.45,9.98,10.23,10.71,10.81,11.15,11.28,11.69,11.74,11.72,11.52,11.29,10.96,10.9,10.7,11.31,11.25,11.64,12.12,12.19,12.16,12.15,11.84,11.72,11.49,10.92,10.98,11.17,11.79,12.67,12.75,12.6,12.78,12.78,12.4,12.78,12.25,11.38,11.37,11.75,12.09,13.08,12.98,12.75,12.36,12.48,12.29,12.39,12.83,12.33,12,12.65,13.3,13.58,13.91,13.39,13.17,13.29,13.05,13.25,13.29,12.23,11.98,12.99,13.34,13.63,13.83,13.62,13.65,13.67,13.55,13.38,13.42,12.64,12.28,13.07,13.57,13.8,13.73,13.68,13.88,13.95,13.09,13.56,13.2,12.17,10.33,12.65,12.88,13.4,13.62,13.34,12.9,13,12.82,13.08,12.91,12.04,11.82,12.18,12.67,13.02,13.77,12.88,12.88,12.97,12.43,13.03,12.98,12.22,11.87,12.15,12.85,13.6,13.78
Residential : Minnesota,Residential : Minnesota,cents per kilowatthour,ELEC.PRICE.MN-RES.M,7.03,7.26,7.31,7.36,7.87,8.2,8.26,8.31,7.69,7.32,7.27,7.02,7.05,7.21,7.11,7.22,7.51,8.37,7.98,7.96,7.63,7.21,7.14,7.11,7.14,7.2,7.33,7.43,7.76,8.45,8.26,8.37,7.71,7.45,7.22,7.31,7.34,7.35,7.47,7.55,7.94,8.54,8.79,8.57,8.28,7.8,7.65,7.76,7.49,7.61,7.75,8.08,8.32,9.1,8.74,8.63,8.76,8.47,8.13,8.05,8.12,8.33,7.98,8.38,8.81,9.26,9.45,9.16,8.7,8.9,8.67,8.18,8.63,8.56,8.85,9.29,9.23,9.72,9.75,9.46,9.03,9.27,9.09,9.14,9.14,9.08,9.17,9.2,9.78,10.43,10.75,10.45,10.22,10.02,9.77,9.25,9.29,9.53,9.72,9.76,10.11,10.7,10.93,10.95,10.11,10.17,9.97,9.76,9.68,9.92,10.04,10.33,10.59,11.1,11.41,11.3,11.08,10.87,10.63,10.32,10.28,10.33,10.5,10.9,11.23,11.43,11.6,11.61,11.77,11.28,10.62,10.32,10.76,10.71,10.94,11.14,11.3,11.79,11.84,12.18,12.09,11.54,11.03,10.95,11.01,11.16,11.2,11.45,12.02,12.71,12.67,12.63,12.47,12.07,11.52,11.2,11.17,11.37,11.71,11.82,12.12,12.73,12.95,12.74,12.66,12.35,11.72,11.43,11.31,11.39,11.36,12.02,12.47,12.9,12.89,12.78,12.68,12.55,11.87,11.57,11.95,12.05,12.17,12.61,13.01,12.76,13.16,13.07,13.69,13.11,13.07,11.91,12.01,12.71,12.47,13.03,13.28,13.83,13.89,13.75,13.59,13.36,12.73,12.33,12.19,12.31,12.48,12.64,13.55,13.88,13.98,13.78,14.34,13.45,12.83,12.59,12.55,12.29,12.66,13.13,13.62,13.7,13.84,13.7,13.8,13.17,12.27,12.24,12.49,12.75,12.85,13.19,13.71,14.2,13.82,14.16,14.44,13.87,12.92,12.87,12.48,12.61,12.89,13.17,13.55
Residential : Missouri,Residential : Missouri,cents per kilowatthour,ELEC.PRICE.MO-RES.M,5.87,6.11,6.42,6.55,7.42,8.15,8.04,7.92,7.22,6.86,6.63,6.37,6.16,6.37,6.46,6.63,7.72,8.22,8.05,7.92,7.23,6.62,6.45,6.11,5.99,6.02,6.25,6.85,7.76,8.05,7.92,7.85,6.97,6.92,6.67,6.17,6.01,6.08,6.57,6.86,7.66,7.91,7.94,7.88,7.29,6.66,6.57,6.14,5.97,6.3,6.45,6.81,7.73,8.16,8.04,7.93,7.22,6.85,6.72,6.24,6.32,6.47,6.65,7.23,8.17,8.45,8.46,8.34,7.81,7.33,6.75,6.48,6.61,6.4,6.83,7.41,7.99,8.96,8.86,8.93,7.89,7.29,7.37,6.88,6.58,6.68,6.94,7.7,8.85,9.29,9.3,9.17,8.45,8.4,7.9,7.2,7.17,7.48,8.04,8.31,9.44,9.91,9.76,9.86,9.24,8.54,7.71,7.42,7.13,7.34,7.72,8.7,9.98,10.33,10.81,10.57,9.73,9.42,9.06,8.07,7.92,8.2,8.85,9.36,10.47,10.88,11.2,11.36,10.31,10.02,9.22,8.68,8.66,8.9,9.33,10.06,10.9,11.53,11.31,11.49,10.46,9.89,9.2,9.03,9.02,9.45,9.64,9.85,11.75,12.41,12.55,12.37,10.94,10.23,9.88,9.18,8.92,9.08,9.85,10.63,11.95,12.48,12.38,12.2,11,10.64,10.09,9.43,9.43,9.57,9.68,11,12.05,12.89,12.78,12.59,11.68,11.29,11.25,10.59,9.42,9.52,10.39,10.69,12.24,12.86,12.59,12.73,11.62,10.76,11.14,9.91,9.67,10.3,10.75,11.25,12.77,13.54,13.45,13.22,11.73,11.15,10.81,10.22,9.44,10.04,10.72,10.6,12.64,13.42,13.32,12.92,11.27,11.01,10.33,9.79,9.58,9.42,9.82,10.87,12.48,13.1,13,13,11.48,10.68,10.15,9.85,9.52,9.37,9.99,10.29,12.12,12.74,12.58,12.4,10.93,10.65,10.07,9.3,9.38,9.35,10.37,11.15,11.45
Residential : Nebraska,Residential : Nebraska,cents per kilowatthour,ELEC.PRICE.NE-RES.M,5.26,5.6,5.7,6.01,6.44,7.44,7.44,7.4,7.37,6.57,6.31,6.04,5.7,5.94,5.98,6.17,6.71,7.4,7.76,7.66,7.58,6.72,6.3,5.97,5.75,5.93,6.07,6.45,6.81,7.99,7.94,7.9,7.85,6.83,6.46,5.94,5.76,5.97,6.21,6.78,6.93,7.9,8.23,8.21,7.99,6.87,6.74,6.12,5.75,6.19,6.47,6.64,7.17,8,8.27,8.32,8.24,7.06,6.79,6.2,5.97,6.73,6.65,7.02,7.62,8.16,8.51,8.47,8.51,7.36,7.11,6.63,6.47,6.4,6.78,7.34,7.6,8.71,8.82,8.77,8.84,7.62,7.27,6.6,6.48,6.75,7.15,7.45,7.96,9.38,8.92,9.16,9.36,8.07,7.71,6.98,6.98,7.66,7.73,8.07,8.73,9.89,9.98,10.04,9.93,8.64,8.07,7.63,7.24,7.92,7.93,8.64,9.2,10.03,10.38,10.3,10.22,9.1,8.87,7.98,7.79,8.07,8.39,8.97,9.11,10.45,10.8,10.67,11,9.62,9.04,8.43,8.61,8.86,9.16,9.95,9.68,10.71,11.38,11.24,11.5,10.43,9.43,9.13,8.73,9.28,9.43,9.67,10.13,11.69,12,11.93,11.85,10.48,9.93,9.18,8.89,9.12,9.43,10.09,10.5,11.46,12.22,12.03,12.06,10.73,10.09,9.29,9.01,9.52,9.59,10.44,10.81,11.89,12.03,11.9,12.07,10.53,10.36,9.53,9.25,9.6,10.27,10.65,11.02,11.87,12.08,12,12.33,10.73,10.7,9.7,9.24,9.93,10.5,10.73,11.24,12.04,11.98,12.11,12.55,10.89,10.49,10.26,9.2,9.51,10.16,10.44,11.32,11.23,11.82,11.98,12.19,11.1,10.49,9.71,9.51,9.46,9.71,11.28,11.58,12.34,11.16,11.75,12.24,10.99,10.59,9.91,9.59,10.01,10.55,11.04,11.7,11.42,11.67,11.94,12.03,11.49,10.73,10.13,9.41,9.41,10.13,11.62,11.37
Residential : North Dakota,Residential : North Dakota,cents per kilowatthour,ELEC.PRICE.ND-RES.M,5.6,5.75,5.86,6.28,6.81,7.46,7.24,7.46,7.47,6.91,6.31,5.87,5.64,5.83,5.83,6.1,6.63,7.25,7.23,7.23,7.22,6.61,6.03,5.99,5.8,5.79,5.93,6.46,7.05,7.51,7.41,7.35,7.34,7.02,6.13,5.7,5.89,5.85,6.23,6.64,7.15,7.83,7.9,7.94,7.86,7.23,6.72,6.28,5.79,6.07,6.26,6.86,7.42,8.05,7.91,7.98,8.23,7.73,7.11,6.33,6.37,6.5,6.41,6.88,7.53,7.89,8.07,8.01,8.25,7.75,6.95,6.42,6.35,6.22,6.94,6.84,7.82,8.4,8.3,8.02,8.26,7.91,7.38,6.98,6.61,6.97,6.96,7.4,7.73,8.62,8.5,8.4,8.58,8.34,7.57,6.84,6.57,6.92,6.87,7.36,8.26,8.87,8.91,8.93,8.72,7.85,7.56,6.99,6.83,7.06,7.3,7.92,8.51,9.4,9.46,9.36,9.53,8.99,8.13,7.71,6.97,7.36,7.55,8.34,9.08,10.3,9.95,10.14,10.12,9.33,8.66,8.41,7.65,8.12,8.43,9.22,9.6,10.57,10,10.27,10.47,9.42,8.61,8.61,7.72,8.26,8.41,8.63,9.64,10.89,10.28,10.88,10.66,9.72,8.9,8.56,7.7,8.28,8.53,9.06,9.87,11.16,10.85,10.83,10.84,9.77,8.65,8.22,8.24,8.61,8.67,9.99,10.33,11.43,10.99,11,11.03,10.43,9.19,8.73,8.52,9.34,9.74,10.45,10.99,11.29,11.17,11.29,11.78,10.8,10.26,9.14,8.89,9.37,9.46,10.3,11.27,12.19,11.57,12.07,12.02,10.94,9.6,9.33,8.92,9.08,9.56,9.94,11.15,11.92,11.72,11.8,12.09,10.73,9.82,9.45,9.11,8.98,9.46,10.54,11.31,12.36,12.22,11.95,12.34,10.44,9.8,9.18,9.01,9.28,10,10.2,11.27,12.09,11.89,11.91,12.37,10.7,10.26,9.39,9.44,9.44,10.17,10.79,11.94
Residential : South Dakota,Residential : South Dakota,cents per kilowatthour,ELEC.PRICE.SD-RES.M,6.52,6.76,6.89,7.23,7.76,8.25,8.06,7.9,7.97,7.77,7.38,7,6.72,6.94,6.89,7.21,7.57,8.06,7.9,7.88,7.93,7.7,7.17,6.96,6.86,6.84,6.99,7.4,7.72,8.31,8.05,7.98,7.93,7.85,7.3,6.93,6.83,6.87,7.2,7.65,7.94,8.41,8.4,8.28,8.23,8.02,7.54,7.2,6.8,7.1,7.32,7.68,8.24,8.58,8.3,8.07,8.35,8.3,7.86,7.22,6.98,7.39,7.41,7.65,8.35,8.32,8.43,8,8.31,8.42,7.88,7.41,7.32,7.17,7.6,8.01,8.41,8.7,8.58,8.45,8.81,8.66,8.2,7.78,7.47,7.56,7.73,8,8.57,9.07,9,8.83,9.18,9.09,8.29,7.77,7.63,7.82,7.9,8.22,8.86,9.28,9.33,9.25,9.31,9.01,8.49,8.11,7.8,8.07,8.28,8.8,9.43,9.86,9.94,9.68,9.81,9.84,9.19,8.49,8.34,8.4,8.63,9,9.59,10.29,10.21,9.91,10.27,10.15,9.61,9.18,9.22,9.26,9.49,10.22,10.61,10.47,10.59,10.6,10.85,10.66,10.01,9.59,9.29,9.48,9.6,9.76,10.65,11.28,11.19,11.35,11.16,10.89,10.07,9.66,9.38,9.62,9.75,10.2,10.95,11.5,11.55,11.38,11.48,11.22,10.42,9.99,10.13,10.37,10.24,11.09,11.44,11.69,11.9,11.87,12,11.85,11.1,10.42,10.31,10.47,11.01,11.45,12.16,12.01,12.23,11.98,12.54,12.17,11.74,10.74,10.4,10.77,11.22,11.83,12.37,12.64,12.55,12.53,12.87,12.48,11.67,11.32,10.68,10.73,10.84,11.21,12.08,12.36,12.39,12.62,12.81,12.29,11.24,11.06,10.55,10.45,10.62,11.51,12.14,12.75,12.23,12.68,12.86,12.24,11.28,11.01,10.67,11.11,11.17,11.56,12.12,12.17,12.31,12.7,12.69,12.53,12.02,11.39,10.99,12.31,11.3,11.96,13.12
Residential : South Atlantic,Residential : South Atlantic,,ELEC.PRICE.SAT-RES.M,,,,,,,,,,,,,,,,,,,,,,,,,,,,,,,,,,,,,,,,,,,,,,,,,,,,,,,,,,,,,,,,,,,,,,,,,,,,,,,,,,,,,,,,,,,,,,,,,,,,,,,,,,,,,,,,,,,,,,,,,,,,,,,,,,,,,,,,,,,,,,,,,,,,,,,,,,,,,,,,,,,,,,,,,,,,,,,,,,,,,,,,,,,,,,,,,,,,,,,,,,,,,,,,,,,,,,,,,,,,,,,,,,,,,,,,,,,,,,,,,,,,,
Residential : Delaware,Residential : Delaware,cents per kilowatthour,ELEC.PRICE.DE-RES.M,7.61,7.8,7.93,8.25,8.69,9.44,9.32,9.32,9.34,8.74,8.58,8.44,7.89,8.09,8.17,8.43,8.71,9.47,9.36,9.33,9.4,8.65,8.47,8,7.77,7.61,7.82,8.31,8.64,9.56,9.36,9.37,9.39,8.76,8.68,8.14,7.83,7.65,8.11,8.41,8.78,9.65,9.61,9.63,9.62,8.93,8.84,8.43,8.05,7.89,8.03,8.56,9,9.91,9.84,9.81,9.9,9.14,9.23,8.68,8.66,8.87,8.91,9.41,12.1,13.94,13.72,13.51,13.62,13.71,13.4,12.9,12.43,12.01,12.24,12.95,13.54,13.79,13.7,13.65,13.68,13.77,13.68,12.94,12.57,12.61,12.96,13.89,14.43,14.59,14.46,14.49,14.7,14.88,14.61,13.76,13.21,13.15,13.62,14.16,14.69,14.8,14.42,14.31,14.4,14.7,14.5,13.81,12.65,12.93,13.07,14.22,14.72,14.43,13.95,13.96,14.14,14.67,14.48,13.65,12.9,13,13.72,13.89,14.68,14.12,13.77,13.69,13.94,14.1,13.92,13.52,13.03,13.17,13.52,13.93,14.37,13.98,13.32,13.57,13.74,14.53,13.63,13.03,12.8,12.64,12.96,13.32,14.21,13.12,12.23,12.61,12.78,13.98,13.36,12.64,12.4,12.31,12.12,13.26,13.91,14.02,13.55,14.04,13.68,14.63,13.97,13.03,12.04,13.46,12.68,13.69,14.39,13.98,13.2,13.5,13.61,14.35,14.47,13.4,13.12,12.94,13.35,13.84,14.49,13.55,12.94,12.95,13.05,15.44,13.83,12.9,12.75,13.29,13.78,13.53,14.68,13.3,12.62,13.04,13.36,14.2,13.72,12.91,11.79,12.51,12.3,12.77,13.63,13.1,11.93,12.21,12.29,13.8,13.01,12.18,12.14,11.96,12.38,13.12,13.86,12.36,12.08,12.11,12.69,13.89,13.15,12.16,12.17,12.59,12.95,12.98,13.58,13.22,11.9,12.15,12.09,14.06,13.63,12.51,11.77,11.99,12.11,12.74,13.41
Residential : District Of Columbia,Residential : District Of Columbia,cents per kilowatthour,ELEC.PRICE.DC-RES.M,7.16,6.9,6.65,6.68,8.77,8.97,9.18,8.91,8.37,6.68,6.91,7.17,7.03,7.72,6.76,6.82,7.94,9.1,9.21,9.48,8.59,6.2,7,7.12,7.07,7.02,6.97,6.88,8.84,9,9.14,8.97,8.36,6.37,6.82,7.16,7.2,7.27,7.17,6.97,8.56,9.75,9.3,9.06,8.6,7.24,6.59,6.94,7.45,8.38,8.68,8.77,7.7,9.42,10.09,10.01,10.07,9.91,8.8,8.96,9.34,8.12,8.54,8.92,9.59,10.86,10.81,10.86,11.39,10.32,8.99,9.86,10.01,9.9,9.52,9.84,9.59,11.98,12.72,12.58,12.24,12.05,10.6,11.44,10.74,10.73,11.08,11.16,11.01,13.24,14.89,14.44,13.96,14.14,13,13.03,13.04,12.98,13.12,12.99,13,14.2,14.52,14.72,14.79,14.28,12.99,13.44,13.29,13.41,13.22,13.73,14,14.74,14.59,14.76,14.39,14.37,13.32,13.48,13.62,13.64,15.18,13.68,14.03,14.12,13.03,13.06,13.22,13.27,11.86,12.24,11.78,12.21,12.2,12.49,12.39,13.18,12.26,12.23,12.22,12.35,12.21,11.98,12.06,11.97,12.14,12.36,12.52,12.65,12.89,12.98,12.79,13.07,12.88,12.5,12.59,12.7,12.59,13.1,14.26,13.25,12.12,12.61,12.57,13.17,12.72,12.04,12.02,13.16,12.38,13.21,13.22,12.79,13.64,13.03,12.74,13.92,13.71,13.36,12.44,12.19,12.65,12.85,13.12,12.26,11.74,11.99,11.72,12.93,13.08,11.88,12.37,12.84,13.04,13.09,13.54,12.59,12.23,12.62,13.08,13.44,14,13.28,12.3,13.38,12.19,13.72,13.73,12.06,12,12.56,12.56,13.6,13.84,13.15,13.01,13.02,13.66,14.3,13.88,12.1,12.17,12.39,12.79,13.47,13.77,12.38,12.38,12.8,13.03,12.41,12.77,12.78,11.81,12.12,12.55,13.61,13.35,12.96,12.26,12.79,12.91,13.35,13.39
Residential : Florida,Residential : Florida,cents per kilowatthour,ELEC.PRICE.FL-RES.M,8.14,8.29,8.51,8.84,8.93,8.2,8.76,8.77,8.82,8.7,8.7,8.58,8.38,8.57,8.53,8.44,8.1,7.61,8.07,8.09,8.09,8.14,8.21,7.92,8.09,7.99,8.21,8.87,8.56,8.51,8.49,8.72,8.74,8.88,8.98,8.65,8.8,8.84,8.94,9.91,8.95,8.86,8.93,8.93,8.99,9,9.12,8.87,9.21,9.38,9.55,9.66,9.64,9.56,9.58,9.66,9.69,9.8,9.91,9.81,11.04,11.15,11.2,11.3,11.31,11.39,11.4,11.47,11.47,11.45,11.41,11.19,11.06,10.99,11.16,11.23,11.18,11.23,11.29,11.28,11.3,11.31,11.34,11.19,11.05,10.96,11.16,11.31,11.4,11.58,11.75,12.11,12.08,12.09,11.97,11.98,12.58,12.74,12.6,12.38,12.26,12.23,12.36,12.25,12.34,12.34,12.49,12.22,9.34,11.49,11.54,11.63,11.55,11.65,11.71,11.77,11.73,11.7,11.7,11.68,11.33,11.28,11.46,11.41,11.52,11.6,11.61,11.62,11.59,11.51,11.56,11.47,11.55,11.33,11.09,11.42,11,11.49,11.31,11.49,11.6,11.53,11.82,11.38,11.2,11.28,11.09,11.05,11.22,11.2,11.27,11.26,11.58,11.25,11.47,11.31,11.74,11.81,11.75,11.67,11.76,12,11.87,11.89,12.22,11.91,12.11,11.82,11.72,11.88,11.46,11.57,11.47,11.57,11.65,11.6,11.66,11.48,11.56,11.34,11.21,11.04,11,10.87,10.67,10.87,10.94,11.07,11.14,10.98,11.08,10.92,11.4,11.54,11.48,11.53,11.36,11.73,11.6,11.53,11.85,11.85,11.76,11.57,11.6,11.89,11.62,11.48,11.46,11.44,11.43,11.33,11.47,11.61,11.75,11.57,11.65,11.62,11.6,11.65,11.5,11.76,11.7,11.71,11.82,11.66,12.09,11.62,11.72,11.76,11.63,11.71,9.84,11.53,11.71,11.61,11.97,11.71,12,11.86,11.65,11.92,11.65,11.77,11.84
Residential : Georgia,Residential : Georgia,cents per kilowatthour,ELEC.PRICE.GA-RES.M,6.75,7.28,7.48,7.4,7.82,8.37,8.4,8.48,7.94,7.79,7.36,7.05,7.04,7.38,7.35,7.53,7.72,8.09,8.16,8.24,8.02,7.55,7.46,6.42,7.16,7.07,7.45,7.72,7.8,8.18,8.25,8.4,8,7.9,7.53,6.72,7.05,7.31,7.61,7.8,7.97,8.14,8.4,8.52,8.4,7.9,7.78,7.07,7.73,7.84,8.13,8,8.47,8.93,9.08,9.31,9.45,8.66,8.65,8.64,8.09,8.41,8.4,8.65,8.76,9.3,9.65,9.93,9.21,8.89,8.33,8.04,8.16,8.39,8.77,9.12,8.93,9.56,9.78,9.99,9.61,8.77,8.62,8.45,8.55,8.66,9.14,9.44,9.72,10.92,11.09,11.05,10.6,10.22,9.49,9.09,9.48,9.79,9.76,9.82,10.06,10.82,10.8,10.77,10.6,10.11,9.68,9.14,8.94,9.3,9.56,9.89,10.22,10.83,10.87,11.03,10.61,10,9.59,9.29,9.69,9.82,10.9,10.71,11.31,11.99,11.96,12.12,11.57,10.85,10.45,10.21,10.23,10.61,10.58,10.77,11.08,11.88,12.13,12.18,11.87,10.89,10.28,10.29,10.43,10.6,10.84,11.02,11.74,12.39,12.55,12.59,12.2,11.24,10.66,10.41,10.9,10.97,11.3,11.57,11.9,12.62,12.63,12.6,12.21,11.42,10.72,10.47,10.49,10.8,10.65,11.31,11.74,12.34,13.35,12.27,12.18,11.16,10.5,10.28,10.46,10.58,11.2,11.22,11.57,12.3,12.35,12.58,11.99,11.14,11,10.43,10.93,11.64,11.81,11.59,11.82,12.66,12.69,12.85,12.56,11.52,11.09,10.69,10.76,10.93,11.41,11.28,11.7,12.34,12.36,12.6,12.18,11.05,10.9,9.36,11.01,11.09,11.65,11.84,12.09,12.82,12.88,12.74,11.98,11.32,11.13,9.54,10.87,11.06,11.38,11.38,11.81,12.68,12.64,12.86,12.1,11.88,11.36,10.8,10.94,11.67,11.83,12.23,13.25
Residential : Maryland,Residential : Maryland,cents per kilowatthour,ELEC.PRICE.MD-RES.M,6.74,6.88,6.99,7.17,8.46,8.56,8.65,8.76,8.46,7.41,7.13,7.01,6.92,7.03,7,7.23,8.12,8.72,8.69,8.52,8.35,7.67,7.38,6.82,6.89,6.84,6.99,7.27,7.91,8.79,8.77,8.74,8.74,7.71,7.36,7,6.84,6.88,7.07,7.23,7.96,8.78,8.86,9.03,8.53,7.65,7.59,7.38,7.61,7.65,7.75,7.86,8.94,9.35,9.23,9.34,9.15,8.24,8.24,7.88,8.36,8.25,8.31,8.62,9.42,10.74,10.6,10.6,11.06,10.69,9.91,9.94,9.67,9.5,9.89,9.98,10.61,13.77,13.56,13.55,13.4,13.32,12.67,12.88,12.92,12.83,12.88,13.37,13.88,14.27,14.6,14.58,14.47,14.65,14.01,13.89,14.38,14.76,14.72,14.8,14.97,15.87,15.9,15.66,15.49,14.86,14.16,14.25,14.07,14.12,14.37,14.59,14.47,15.1,14.93,14.86,14.93,13.62,13.23,13.21,13.12,13.39,13.56,13.77,13.95,13.72,13.11,13.32,13.38,13.19,12.72,12.76,12.48,12.55,12.86,12.9,12.95,13.14,12.88,13.09,13.17,13.03,12.4,12.67,12.5,12.51,12.56,12.78,12.89,13.98,13.73,13.92,13.94,13.69,13.16,13.43,13.16,13.51,13.6,14.1,14.22,13.75,13.78,13.72,13.56,13.97,13.19,13.48,13,13.06,13.07,13.67,13.57,14.58,13.85,13.84,14.01,15.23,14.89,14.59,14.04,13.99,14.37,14.37,14.7,14.62,14.07,13.82,14.02,15.17,14.31,14,14.22,14.33,14.13,14.3,14.52,14.19,13.56,13.9,13.9,14.37,13.32,13.23,12.95,13.41,12.97,13.36,13.33,13.83,13.44,13.05,13.28,14.18,13.1,13.09,13.07,13.4,13.44,14.24,13.48,13.25,12.52,12.45,12.82,14.05,12.78,12.85,13.42,13.35,13.59,13.22,13.23,12.84,12.24,12.48,12.95,13.86,13.27,12.73,12.61,12.46,12.84,12.98,11.73
Residential : North Carolina,Residential : North Carolina,cents per kilowatthour,ELEC.PRICE.NC-RES.M,7.53,7.77,8.02,8,8.22,8.19,8.31,8.35,8.35,8.67,8.23,8.06,7.8,8.04,8.08,8.25,8.26,8.14,8.36,8.35,8.46,8.63,8.36,7.73,7.9,7.84,8.14,8.58,8.45,8.33,8.41,8.57,8.68,8.97,8.68,7.87,7.92,8.04,8.32,8.54,8.44,8.22,8.56,8.75,8.96,9.11,8.87,8.14,8.1,8.3,8.35,8.72,8.85,8.57,8.67,8.76,8.94,9.38,9.18,8.43,8.57,8.77,8.74,9.16,9.23,9.03,9.2,9.31,9.68,9.76,9.23,8.85,8.85,8.88,9.21,9.61,9.48,9.32,9.67,9.51,9.64,10.01,9.58,9.19,8.75,8.85,9.17,9.54,9.78,9.52,9.85,9.84,10.02,10.27,9.63,9.29,9.39,9.8,9.79,10.17,10.22,9.98,10.2,10.06,10.39,10.64,10.22,9.5,9.36,9.99,9.91,10.55,10.37,10.14,10.43,10.52,10.54,10.64,10.08,9.44,9.33,10.09,10.13,10.33,10.45,10.13,10.37,10.43,10.95,11.17,10.35,10.08,10.09,10.76,11,11.42,10.8,11,11.03,11.23,11.52,11.41,10.53,10.41,10.24,10.51,10.35,11.1,11.27,11.11,11.24,11.41,11.56,11.86,10.99,10.56,10.26,11.01,10.92,11.81,11.36,11.38,11.28,11.42,11.57,11.89,10.63,10.46,10.52,10.66,11.22,12.08,11.4,11.09,11.45,11.6,11.88,12.07,11.39,10.81,10.31,10.67,11.54,11.6,11.29,11.02,11.07,11.24,11.31,11.63,11.11,10.2,10.32,10.99,10.85,11.26,11.13,10.92,11.02,11.18,11.54,11.45,10.75,10.13,10.1,11.25,11.01,11.7,11.24,11.05,11.23,11.29,11.39,11.75,11.13,10.63,10.86,11.5,11.27,12.18,11.4,11.43,11.35,11.54,11.63,11.9,11.43,10.88,11.01,11.47,11.67,11.99,11.74,11.44,11.25,11.55,12.15,12.16,11.63,10.6,10.6,11.13,11.45,11.67,11.83
Residential : South Carolina,Residential : South Carolina,cents per kilowatthour,ELEC.PRICE.SC-RES.M,7.36,7.49,7.76,7.69,7.79,7.8,7.7,7.75,7.68,7.97,7.78,7.73,7.38,7.65,7.66,7.95,7.9,7.89,7.84,7.79,7.76,7.78,7.93,7.31,7.61,7.5,7.86,8.37,8.19,8.2,8.03,8.19,8.13,8.31,8.59,7.75,7.66,7.66,7.43,8.65,8.26,8.22,8.22,8.34,8.51,8.43,8.71,7.85,7.96,8.27,8.39,8.81,8.96,8.68,8.79,8.84,8.91,8.9,8.95,8.79,8.56,8.65,8.59,9.05,9.08,9.18,9.09,9.26,9.29,9.29,9.34,8.86,8.86,8.89,8.98,9.35,9.29,9.29,9.31,9.33,9.2,9.38,9.32,9.06,9.05,8.98,9.34,9.8,10.2,10.31,10.17,10.31,10.29,10.44,10.08,9.63,10.05,10.35,10.4,10.7,10.67,10.6,10.53,10.38,10.43,10.95,10.91,9.81,9.95,10.3,9.11,10.96,10.75,10.8,10.78,10.86,10.69,11.09,11.14,10.13,10.09,10.77,11.19,11.21,11.38,10.72,10.99,11.16,11.77,11.49,11.39,11.28,11.15,11.64,12.04,11.94,11.4,12.32,11.48,12.14,11.85,11.8,11.67,11.87,11.72,11.6,11.11,12.04,12.71,12.21,12.3,12.21,12.11,12.44,12.01,11.68,11.81,12.04,12.39,12.72,12.78,12.64,12.74,12.68,12.68,12.83,12.53,11.98,11.92,12.18,12.38,13.28,12.85,12.66,12.64,12.76,12.95,12.84,12.81,12.05,11.87,12.09,13.07,13,12.74,12.88,12.78,12.98,12.98,12.64,12.75,12.21,12.35,13.12,12.86,13.4,13.24,13.34,13.04,13.26,13.45,13.01,12.86,12.34,12.48,13.03,13,13.26,12.86,12.93,12.99,10.36,12.45,12.48,12.4,11.81,12.1,12.94,12.98,13.3,12.57,13.03,12.93,12.79,13.11,13.26,13.27,13.9,12.26,12.27,12.78,13.06,12.77,12.57,12.35,12.52,12.91,12.9,12.68,11.78,11.99,12.92,13.28,13.29,13.19
Residential : Virginia,Residential : Virginia,cents per kilowatthour,ELEC.PRICE.VA-RES.M,6.84,7.24,7.49,7.62,8.17,8.46,8.34,8.41,8.07,8.03,7.74,7.5,7.15,7.48,7.51,7.77,8.17,8.36,8.34,8.31,8.03,7.8,7.59,7.05,7.08,7.12,7.42,7.81,8.26,8.44,8.39,8.34,8.08,7.95,7.67,7.23,7.39,7.3,7.67,7.95,8.41,8.49,8.59,8.54,8.4,8.17,7.94,7.45,7.51,7.57,7.72,8.41,8.37,8.68,8.76,8.71,8.97,8.1,7.92,7.44,7.68,7.92,7.99,8.43,8.96,9.05,9,9.01,8.87,8.73,8.47,7.85,8.17,8.02,8.28,8.69,8.93,9.34,9.32,9.33,9.15,8.97,8.64,8.21,8.19,8.35,8.56,8.92,9.5,9.64,10.77,10.82,10.53,10.38,10.01,9.83,9.99,10.16,10.24,10.65,11.12,11.16,10.99,10.91,11.11,10.84,10.51,10.13,9.96,10.22,10.14,10.8,10.79,10.8,10.83,10.85,10.61,10.57,10.27,9.92,9.57,9.7,10.18,10.43,10.84,11.04,11.28,11.4,11.23,11.12,10.85,10.48,10.45,10.89,11.09,11.38,11.5,11.84,11.42,11.25,11.1,11.03,10.71,10.51,9.92,10.24,10.42,10.54,11.21,11.42,11.49,11.49,11.5,11.12,10.92,10.36,10.01,10.08,10.52,11,11.32,11.65,11.89,11.9,11.97,11.57,11.46,10.89,10.81,11.04,10.94,11.42,11.64,11.82,11.66,11.7,11.85,11.53,11.47,10.96,10.59,10.84,11.12,11.93,11.96,12.16,11.63,11.66,11.64,11.17,11.45,10.67,10.41,11.15,11.53,11.55,11.95,11.96,12.18,12.18,12.03,11.79,11.47,10.76,10.88,11.41,11.67,11.79,12.22,12.33,12.26,12.27,12.01,11.84,11.6,10.97,11.48,11.55,11.78,12.44,12.46,12.56,12.16,12.44,12.14,12.39,12.12,11.73,11.68,12.12,12.26,12.73,12.37,12.37,12.28,12.34,12.1,12.49,11.65,11.21,11.05,11.39,11.71,12.87,12.25
Residential : West Virginia,Residential : West Virginia,cents per kilowatthour,ELEC.PRICE.WV-RES.M,5.9,6.03,6.21,6.22,6.53,6.55,6.38,6.3,6.28,6.56,6.41,6.25,6,6.06,6.14,6.26,6.43,6.53,6.25,6.24,6.25,6.48,6.43,6.06,5.99,5.92,6.15,6.48,6.61,6.51,6.35,6.28,6.34,6.54,6.4,5.96,5.97,5.96,6.19,6.32,6.51,6.36,6.3,6.27,6.39,6.53,6.46,6.01,5.92,6.03,6.19,6.32,6.63,6.41,6.18,6.15,6.33,6.55,6.38,5.92,5.92,6.18,6.16,6.43,6.79,6.44,6.34,6.34,6.77,6.81,6.43,6.23,6.31,6.2,6.35,6.75,6.96,6.73,6.9,7.09,6.98,7.28,7.06,6.74,6.58,6.67,6.73,7.1,7.29,7.07,7.22,7.52,7.44,7.61,7.3,6.93,7.42,7.65,7.74,7.99,8.08,7.97,7.9,7.94,7.98,8.3,8.39,8.02,8.21,8.35,8.43,8.94,8.96,8.65,8.94,9.2,9.29,9.49,9.19,8.77,8.77,8.81,9.11,9.43,9.81,9.42,9.53,9.69,9.89,10.04,9.65,9.47,9.49,9.68,9.85,9.84,10.48,9.92,9.88,9.85,10.04,10.18,9.85,9.63,9.38,9.44,9.48,9.67,10.04,9.74,9.61,9.73,9.64,9.6,9.36,9.08,9.01,9.14,9.25,9.57,9.72,9.57,9.39,9.53,9.52,9.71,9.33,9.09,9.06,9.15,9.63,10.13,10.06,10.47,10.71,10.63,10.79,10.99,10.73,10.43,10.69,10.69,11.01,11.3,11.42,14.21,11.2,11.58,11.6,11.9,11.73,11.22,11.32,11.59,11.52,11.87,12.03,11.7,11.6,11.67,11.92,11.97,11.68,11.29,10.92,11.25,11.3,11.35,11.66,11.45,11.31,11.4,11.26,11.28,11.13,10.42,9.84,10.1,11.1,12.49,12.11,11.79,11.63,11.68,11.8,12.17,11.69,10.55,10.89,11.27,12.05,11.89,12.12,11.98,11.69,11.73,12.23,13,12.46,11.41,11.2,11.11,12.49,12.43,12.57
Residential : East South Central,Residential : East South Central,,ELEC.PRICE.ESC-RES.M,,,,,,,,,,,,,,,,,,,,,,,,,,,,,,,,,,,,,,,,,,,,,,,,,,,,,,,,,,,,,,,,,,,,,,,,,,,,,,,,,,,,,,,,,,,,,,,,,,,,,,,,,,,,,,,,,,,,,,,,,,,,,,,,,,,,,,,,,,,,,,,,,,,,,,,,,,,,,,,,,,,,,,,,,,,,,,,,,,,,,,,,,,,,,,,,,,,,,,,,,,,,,,,,,,,,,,,,,,,,,,,,,,,,,,,,,,,,,,,,,,,,,
Residential : Alabama,Residential : Alabama,cents per kilowatthour,ELEC.PRICE.AL-RES.M,6.33,6.66,7.38,7.34,7.23,7.14,7.05,7.08,7.01,7.29,7.16,6.97,6.54,6.96,7.03,7.38,7.22,7.32,7.39,7.34,7.28,7.14,7.27,6.64,6.89,6.86,7.18,7.81,7.18,7.72,7.64,7.67,7.51,7.46,7.67,7.26,6.97,7.2,7.66,8.14,7.78,7.76,7.91,7.87,7.82,7.75,7.63,7.16,7,7.23,7.58,7.87,8.19,8.31,8.25,8.18,8.47,8.14,8.61,8.03,7.73,8.14,8.27,8.96,8.69,9.35,9.18,9.56,9.13,8.64,8.45,8.09,8.62,8.73,9.06,9.58,9.39,9.66,9.46,9.94,9.33,9.44,9.41,9.03,9.2,9.16,9.3,9.89,10.01,10.96,11.08,11.06,11.07,11.57,11.01,10.19,10.57,10.64,10.61,11.09,10.59,11.24,10.81,10.91,10.85,10.4,10.2,9.82,9.82,9.77,10.25,11.19,10.99,10.81,10.79,11.18,11.1,11.44,10.89,10.34,10.28,10.56,10.92,10.87,11.25,11.29,11.34,11.41,11.56,11.73,11.15,10.87,10.91,11.21,11.48,11.56,11.14,11.56,11.58,11.71,11.76,11.71,11.04,10.96,10.81,10.91,10.96,11.39,11.42,11.65,11.56,11.6,11.73,11.79,10.74,10.5,10.69,11.21,11.58,11.75,11.79,11.82,11.84,11.75,11.84,11.74,11.09,11.04,10.92,11.16,11.7,12.22,12.12,11.94,11.83,11.97,12.22,11.92,11.39,11.16,11,11.45,12.07,12.37,12.05,12.11,12.03,12.17,12.22,12.51,12.24,11.96,12.04,12.84,12.75,12.64,12.68,12.74,12.46,12.71,12.97,12.66,12.48,11.77,11.51,12.2,12.56,12.7,12.41,12.32,12.19,12.32,12.38,12.33,12.07,11.55,11.76,12.62,12.58,13.26,12.81,12.66,12.83,12.81,12.61,12.86,12.47,11.19,12.38,12.39,12.76,12.87,12.68,12.92,12.68,12.75,13.18,13.17,12.99,11.39,12.38,12.99,13.35,13.73,13.54
Residential : Kentucky,Residential : Kentucky,cents per kilowatthour,ELEC.PRICE.KY-RES.M,5.14,5.54,5.5,5.64,5.75,5.75,5.69,5.59,5.72,5.79,5.67,5.54,5.26,5.51,5.48,5.71,5.94,5.85,5.77,5.78,5.8,5.84,5.68,5.34,5.41,5.43,5.7,5.95,5.97,6.2,5.92,5.91,5.83,6.16,6.1,5.68,5.58,5.65,5.93,6.16,6.25,6.28,6.23,6.2,6.29,6.53,6.53,6.17,6.19,6.2,6.24,6.73,6.9,6.61,6.63,6.71,6.57,6.97,6.85,6.52,6.45,6.52,6.71,7.22,7.43,7.32,7.21,7.23,7.24,7.25,6.98,6.94,6.9,6.88,7.06,7.67,7.55,7.46,7.35,7.38,7.31,7.63,7.76,7.55,7.04,7.23,7.34,7.81,8.18,8.19,8.28,8.16,7.96,8.78,8.4,8.46,8.17,8.26,8.43,8.57,8.56,8.46,8.57,8.6,8.44,8.48,8.05,8.03,7.73,8.03,7.55,8.71,8.77,8.51,8.87,9.15,8.94,9.68,9.2,8.51,8.57,8.79,9.22,9.4,9.44,9.24,9.24,9.19,9.66,9.69,9.41,9.22,8.98,9.07,9.47,9.63,9.72,9.48,9.27,9.45,9.83,9.72,9.41,9.46,9.33,9.5,9.41,9.96,10.24,10.13,10.14,9.96,10.04,9.92,9.68,9.52,9.5,9.63,10.12,10.87,10.67,10.56,10.49,10.21,10.19,10.51,10.17,9.91,9.64,9.72,9.86,10.71,10.38,10.2,10.11,10.45,10.51,10.9,10.85,10.51,9.97,9.91,10.25,10.56,10.7,10.51,10.48,10.51,10.69,11.06,11.23,10.56,10.46,10.81,10.67,10.96,10.97,10.87,10.82,10.82,11.19,11.17,11.19,10.6,9.92,10.53,10.68,10.75,10.76,10.68,10.47,10.6,10.87,10.94,10.9,10.51,10.34,10.47,10.4,11.03,11.27,11.24,10.75,10.72,10.71,11.08,11.11,10.85,10.62,10.43,10.76,11.13,11.13,10.84,10.55,10.67,11.03,11.5,11.43,10.53,10.46,10.3,11.02,12.08,11.85
Residential : Mississippi,Residential : Mississippi,cents per kilowatthour,ELEC.PRICE.MS-RES.M,6.45,6.69,7.14,7.42,7.76,7.81,7.82,7.89,7.77,7.13,7.13,6.99,6.5,6.75,6.78,7.38,7.54,7.76,7.73,7.52,7.48,7.25,7.33,6.94,6.8,6.88,7.45,7.83,7.94,8.26,8.04,7.97,7.74,7.48,7.43,7.03,7.2,7.23,7.64,8.28,8.44,8.67,8.75,8.85,8.66,8.23,8.11,7.94,7.34,7.64,8.15,8.44,8.69,8.76,8.78,8.96,9.25,9.23,9.79,9.27,9.61,9.97,10.15,10.15,10.2,10.23,9.59,9.65,9.56,9.19,9.12,8.55,8.69,8.58,9.12,9.7,9.84,9.75,9.54,9.63,9.3,9.49,9.49,9.23,9.11,9.01,9.54,10.07,10.53,10.5,11.41,11.32,10.95,10.83,10.63,10.18,9.93,10.1,10.31,10.6,10.72,10.56,10.16,10.14,10.19,10.33,10.37,9.54,8.87,9.01,9.31,10.4,10.55,10.21,10.25,10.29,10.07,10,10.25,9.64,9.64,9.74,10.59,10.68,10.7,10.37,10.05,10.06,9.98,10.33,10.56,10.08,10.03,10.43,10.62,10.66,10.37,10.26,10.14,9.95,9.98,10.31,10.65,10.29,9.93,10.34,10.49,11.27,11.45,11.1,10.84,10.77,10.79,10.93,11.28,10.54,10.39,10.57,11.22,11.82,11.92,11.65,11.57,11.56,11.36,11.49,11.66,11.25,10.91,11.3,11.24,12.04,11.78,11.63,10.98,11.01,11.16,11.24,11.43,11.14,10.37,10.25,10.83,10.93,10.8,10.56,10.13,10.23,10.1,10.58,10.96,10.61,10.45,11.09,11.42,11.54,11.6,11.3,10.98,10.86,10.97,11.1,11.33,10.75,10.24,11.14,11.91,12.04,11.94,11.39,10.81,10.84,10.72,11.1,11.46,11.01,10.89,11.08,11.44,11.94,11.87,11.32,11.24,11.14,10.9,11.16,11.48,11.27,11.33,11.12,11.54,11.68,11.82,11.2,10.9,10.77,10.84,11.58,11.98,11.25,10.88,11.34,11.52,12.13,12.42
Residential : Tennessee,Residential : Tennessee,cents per kilowatthour,ELEC.PRICE.TN-RES.M,6.11,6.23,6.32,6.36,6.46,6.37,6.28,6.24,6.27,6.46,6.51,6.55,6.26,6.34,6.37,6.51,6.58,6.52,6.35,6.34,6.36,6.52,6.58,6.36,6.31,6.3,6.44,6.66,6.64,6.53,6.44,6.42,6.41,7.03,7.07,6.79,6.7,6.74,6.9,7.05,7.1,6.89,6.82,6.85,6.89,7.06,7.14,6.88,6.71,6.78,6.85,7.05,7.15,6.96,6.82,6.82,6.9,7.33,7.42,7.3,7.19,7.29,7.37,8,8.2,8.03,7.95,7.88,7.91,7.98,7.85,7.61,7.63,7.46,7.69,7.97,8.06,7.89,7.74,7.76,7.61,8.24,8.37,8.13,7.85,7.81,7.95,8.9,9.12,8.89,8.96,8.87,8.93,10.32,10.28,9.95,9.59,9.58,9.81,9.61,9.7,9.47,9.07,9.2,9.16,9.25,8.87,8.6,8.11,8.1,8.43,9.18,9.47,9.46,9.59,9.58,9.72,10.45,10.19,9.5,9.41,9.43,9.98,9.98,10.13,9.98,10.22,10.13,10.22,10.38,10.15,10.19,9.8,9.64,9.83,10.11,10.24,10.24,10.14,10,10.18,10.41,10.33,10.48,9.98,9.61,9.73,9.82,10.32,10.4,10.35,10.17,9.83,9.87,9.95,9.79,9.73,9.77,10.57,10.84,10.9,10.85,10.76,10.47,10.06,10.36,10.18,10.06,10,9.89,9.83,10.63,10.61,10.46,10.33,10.3,10.34,10.65,10.81,10.45,9.98,9.69,10.1,10.3,10.33,10.45,10.52,10.61,10.64,10.71,11.05,10.74,10.51,10.6,10.7,10.74,10.91,10.97,10.88,10.64,10.61,10.61,10.96,10.66,10.07,10.38,11.18,10.84,10.89,10.81,10.7,10.85,10.63,10.76,11.13,10.77,10.88,10.78,10.89,11.07,11.04,11.09,11.01,10.85,10.59,10.53,11.07,10.82,10.84,10.59,10.81,10.84,10.99,10.92,10.77,10.55,10.6,11.06,11.1,10.41,10.36,10.27,10.71,11.57,11.5
Residential : West South Central,Residential : West South Central,,ELEC.PRICE.WSC-RES.M,,,,,,,,,,,,,,,,,,,,,,,,,,,,,,,,,,,,,,,,,,,,,,,,,,,,,,,,,,,,,,,,,,,,,,,,,,,,,,,,,,,,,,,,,,,,,,,,,,,,,,,,,,,,,,,,,,,,,,,,,,,,,,,,,,,,,,,,,,,,,,,,,,,,,,,,,,,,,,,,,,,,,,,,,,,,,,,,,,,,,,,,,,,,,,,,,,,,,,,,,,,,,,,,,,,,,,,,,,,,,,,,,,,,,,,,,,,,,,,,,,,,,
Residential : Arkansas,Residential : Arkansas,cents per kilowatthour,ELEC.PRICE.AR-RES.M,6.88,7.11,7.42,8,8,8.3,8.06,8.11,8.07,7.49,7.5,7.4,6.8,7.03,7,7.14,7.41,7.8,7.72,7.5,7.59,6.87,7.08,6.69,6.44,6.54,7,7.28,7.51,8.12,7.84,7.84,7.46,7.02,6.98,6.55,6.51,6.5,6.86,7.43,7.64,8,7.87,7.96,7.79,7.09,7.46,6.98,6.65,6.86,7.23,7.79,8.01,8.34,8.31,8.48,8.84,8.37,8.37,8.12,8.15,8.08,8.07,8.55,8.69,8.91,9.14,9.77,9.51,9.06,8.94,8.59,8.24,8.12,8.86,8.63,8.52,8.74,9.19,9.09,9.02,8.72,9.04,8.4,7.94,8.1,8.52,9.43,9.71,10.11,10.06,9.79,10.01,9.74,9.42,8.64,8.68,9.04,9.25,9.07,9.23,9.22,9.38,9.43,9.32,9.29,9.1,8.64,8.46,8.56,8.74,9.34,9.41,9.46,8.9,8.89,8.91,8.79,8.93,8.28,7.82,7.89,8.44,9.06,9.34,9.49,9.56,9.61,9.64,9.41,9.29,8.64,8.41,8.68,8.99,9.35,9.14,9.58,9.62,9.69,9.8,9.39,9.46,9.07,8.8,9.08,9.14,9.45,9.95,10.14,10.03,10.06,10.08,9.63,9.75,8.98,8.27,8.45,9.03,9.73,10.06,10.18,10.2,10.04,10.21,9.87,9.72,9.09,8.71,9.07,9,10.07,10.24,10.34,10.36,10.37,10.49,9.98,10.12,9.49,8.93,9.15,9.64,10.06,10.22,10.34,10.3,10.41,10.46,9.88,10.11,9.48,9.22,9.85,9.9,10.46,10.57,10.81,10.74,10.68,10.79,10.17,10.34,9.7,9.38,9.82,10.49,10.02,9.91,10.01,10,10.01,10.07,9.37,9.67,9.04,9.3,9.32,9.59,10.01,10.18,10.34,10.17,10.07,10.04,9.71,9.65,9.2,9.83,9.89,10.13,10.66,10.5,10.67,10.74,10.47,10.84,10.76,10.58,9.87,9.42,13.99,10.27,10.95,11.17
Residential : Louisiana,Residential : Louisiana,cents per kilowatthour,ELEC.PRICE.LA-RES.M,7.97,8.52,9.17,8.64,8.33,8.8,7.83,7.56,7.55,7.82,6.59,6.38,6.27,6.42,6.33,6.54,7.1,7.69,7.67,7.46,7.45,7.22,7.11,7.08,6.68,6.59,7.67,8,8.23,8.3,8.38,8.44,8.41,8.12,7.31,7.12,7.29,7.28,7.65,7.83,8.06,8.23,8.34,8.86,8.52,8.28,7.46,7.98,7.45,7.73,7.81,7.74,8.12,8.86,9.08,9.26,9.28,9.99,10.65,9.74,8.89,9.59,8.67,8.76,8.82,9.09,9.07,9.14,9.7,10.16,8.9,8.42,8.86,9.04,9.13,9.7,9.91,9.5,9.64,9.54,9.24,9.71,8.88,9.19,8.49,8.62,9.44,9.85,10.36,10.38,11.27,11.8,11.27,10.95,10.38,9.28,8.73,8.85,8.65,8.49,8.54,7.64,7.99,7.85,7.92,7.95,7.39,7.6,8.14,8.57,9.23,9.22,9.05,8.86,9.14,9.29,9.53,9.58,8.86,8.19,7.9,8.24,8.83,8.9,9.14,9.47,9.36,9.41,9.49,9.45,8.62,8.18,8.15,8.4,8.4,8.38,8.48,8.01,8.38,8.29,8.56,8.68,8.39,8.47,8.88,9.17,9.19,9.17,9.7,9.7,9.78,9.76,9.72,9.68,9.19,8.76,8.57,8.85,9.26,10.21,10.33,10.11,10.18,9.85,9.82,9.7,8.91,9.25,8.92,8.93,8.93,9.35,9.8,9.38,9.36,9.71,9.72,9.65,9.15,8.81,8.73,8.69,9.46,9.4,9.5,9.19,9.28,9.66,9.74,9.52,9.38,9.37,7.87,9.77,9.68,9.58,10.11,10.44,10.22,10.06,10.09,9.93,9.51,9.14,8.98,9.21,10.09,10.1,9.8,9.64,9.95,9.92,9.54,9.36,9.36,9.28,9.12,9.45,9.58,9.91,10.54,9.93,10,9.85,9.94,10.15,9.76,9.14,9.05,8.87,9.07,9.25,9.67,9.49,9.34,9.41,9.76,10.28,9.94,9.54,9.58,10,10.16,11.04,11.68
Residential : Oklahoma,Residential : Oklahoma,cents per kilowatthour,ELEC.PRICE.OK-RES.M,6.53,6.76,7.45,7.71,7.73,8.03,7.96,8.01,7,6.66,6.15,6.02,5.65,6.04,5.96,6.18,6.69,7.51,7.41,7.1,7.37,7.1,6.53,6.14,6.08,6.55,7.5,7.69,7.88,8.54,8.4,8.36,7.95,7.43,6.63,5.75,6.37,6.62,7.32,7.93,7.49,8.75,8.59,8.36,8.27,8.14,7.09,6.82,6.28,6.86,7.24,7.59,7.57,8.28,8.15,8.36,9.31,9.12,8.25,7.46,8.76,8.59,8.2,8.85,8.27,8.64,8.58,9.1,9.85,8.79,8.02,6.46,7,7.64,8.62,8.89,8.63,8.76,8.98,8.86,9.72,9.27,8.84,7.87,7.21,7.94,8.18,8.89,9.2,9.91,10.26,10.43,10.21,9.84,8.93,7.38,7.51,9.41,8.25,8.57,8.69,8.26,8.52,8.31,9.94,10.01,8.16,7.31,7.54,8.07,8.42,9.73,10.11,9.33,9.58,9.53,10.3,10.02,9.32,8.16,8.01,8.29,9.53,10.08,9.67,9.71,9.62,9.85,11.05,10.44,9.51,8.34,8.7,9.48,9.87,10.31,9.53,9.5,9.12,9.7,10.13,10.09,9.57,8.71,8.05,9.19,9.41,10.36,10.48,10.25,9.85,9.96,10.63,10.64,9.66,8.2,8.38,9.37,9.73,11.13,10.51,10.49,10.58,10.2,11.21,10.83,9.7,8.98,8.66,9.58,9.63,11.32,11.17,10.41,10.09,10.39,10.7,11.27,10.39,9.1,8.4,9.79,10.39,11.08,10.87,10.11,10.11,10.65,11.27,11.18,9.54,9.37,9.19,11.17,10.66,12,10.89,10.67,10.41,10.72,11.06,11.17,10.9,9.48,8.85,9.92,10.93,11.13,10.16,10.79,10.39,10.87,10.94,11.1,9.99,9.08,8.88,9.58,9.74,11.28,10.51,10.58,10.56,10.69,10.73,11.09,9.84,9.11,9.05,9.32,9.84,10.27,9.89,10.24,10.11,10.29,10.87,10.69,10.27,8.88,8.92,24.77,8.88,11.45,10.93
Residential : Texas,Residential : Texas,cents per kilowatthour,ELEC.PRICE.TX-RES.M,7.68,8.02,8.39,8.52,8.91,9.63,9.55,9.53,9.27,9.11,8.4,8.23,8.11,7.98,7.79,7.98,8.15,8.5,8.49,8.07,8.04,7.51,7.44,8.07,7.71,8.11,9.02,9.03,9.35,10.07,9.97,9.89,9.52,8.93,8.59,8.38,8.61,8.55,8.93,9.39,9.76,10.44,10.48,10.71,10.32,9.57,9.37,9.24,9.15,9.5,10.05,10.15,10.72,11.21,11.29,11.47,11.66,11.6,11.5,11.42,11.91,12.12,12.42,12.72,12.98,13.41,13.31,13.35,13.25,13.18,12.52,11.91,12.08,11.97,12.46,12.56,12.62,12.73,12.51,12.4,12.44,12.42,12.03,11.75,11.65,11.35,11.97,12.53,12.94,13.43,14.06,13.84,13.51,13.53,13.28,13.08,12.6,12.84,12.93,12.88,12.84,12.66,12.38,12.15,12.05,11.97,12.08,11.52,11.21,11.34,11.51,12.12,11.94,11.85,11.71,11.7,11.58,11.62,11.32,11.25,10.7,10.65,11.13,11.16,11.27,11.25,11.16,11.15,11.16,11.23,11.19,10.89,10.77,11.05,11.01,11.02,10.84,10.97,10.87,10.96,11.11,11.16,11.11,10.99,10.84,11.05,11.03,11.43,11.57,11.44,11.41,11.45,11.36,11.68,11.67,11.27,11.22,11.25,11.75,12.06,11.93,12.17,12.05,12.05,12.03,12.07,11.98,11.81,11.49,11.62,11.56,12.1,12.04,11.78,11.5,11.43,11.51,11.35,11.38,11.19,10.88,10.99,11.19,11.26,11.1,10.95,10.83,10.91,11.11,11.02,11.1,10.85,10.74,11.16,11.12,11.09,11.05,11.03,10.87,10.95,11.12,11.09,11.23,10.89,10.63,10.87,11.35,11.39,11.36,11.2,11.09,11.27,11.39,11.5,11.6,11,11.44,11.6,11.6,12,12.01,11.8,11.71,11.76,11.81,11.81,11.99,11.71,11.73,11.96,12.08,12.29,12.02,11.99,11.81,11.73,12,12.09,12.19,11.87,11.39,12.74,11.49,11.97,11.96
Residential : Mountain,Residential : Mountain,,ELEC.PRICE.MTN-RES.M,,,,,,,,,,,,,,,,,,,,,,,,,,,,,,,,,,,,,,,,,,,,,,,,,,,,,,,,,,,,,,,,,,,,,,,,,,,,,,,,,,,,,,,,,,,,,,,,,,,,,,,,,,,,,,,,,,,,,,,,,,,,,,,,,,,,,,,,,,,,,,,,,,,,,,,,,,,,,,,,,,,,,,,,,,,,,,,,,,,,,,,,,,,,,,,,,,,,,,,,,,,,,,,,,,,,,,,,,,,,,,,,,,,,,,,,,,,,,,,,,,,,,
Residential : Arizona,Residential : Arizona,cents per kilowatthour,ELEC.PRICE.AZ-RES.M,6.99,7.13,7.4,8.09,9.41,9.04,8.84,8.84,8.81,8.95,7.17,7.26,7.01,7.17,7.46,7.69,9.37,8.97,8.65,8.78,8.79,8.99,7.37,7.46,7.06,7.57,7.59,7.82,9.52,9.09,8.78,8.74,8.7,8.83,7.21,7.55,7.27,7.49,7.61,8.05,9.26,9.1,8.88,8.87,8.96,8.79,8.05,7.86,7.75,7.99,8.19,8.67,9.6,9.41,9.3,9.28,9.3,9.23,8.12,7.88,8.05,8.21,8.38,8.92,10.19,10.05,9.9,9.88,9.89,9.88,8.74,8.56,8.33,8.46,8.8,9.19,10.2,9.96,10.37,10.33,10.17,10.16,9.08,8.89,8.85,9.02,9.38,10.02,11.03,11.06,10.95,10.86,10.63,10.46,9.55,9.61,9.51,9.82,9.93,10.65,11.33,11.27,11.3,11.29,11.17,10.97,9.86,9.7,9.57,9.84,9.98,10.24,11.75,11.74,11.78,11.59,11.52,10.96,10.14,10,9.84,9.93,10.25,10.97,11.77,11.77,11.85,11.67,11.53,11.08,10.31,9.98,10.01,10.26,10.44,11.17,11.88,11.9,11.86,11.83,11.66,11.36,10.73,10.41,10.25,10.69,10.87,11.73,12.16,12.15,12.47,12.28,12.17,12.01,11.02,10.97,10.83,11.13,11.22,11.88,12.52,12.36,12.46,12.36,12.3,11.9,11.08,10.85,10.99,11.52,11.46,12.21,12.64,12.71,12.78,12.59,12.69,12.16,11.24,10.7,10.84,11.39,11.68,12.28,12.87,12.48,12.64,12.5,12.71,12.1,11.6,11.23,11.25,11.59,11.67,12.41,12.98,12.6,12.69,12.65,12.98,12.78,12.2,12.18,12.18,12.13,12.32,13.02,13.24,13.1,12.86,12.83,12.83,13.17,12.58,12.2,12.12,12.1,12.22,12.82,13.13,12.73,12.63,12.41,12.32,12.77,12.01,11.61,11.68,11.88,12.16,12.78,12.99,12.77,12.7,12.37,12.53,12.26,11.69,12.18,11.7,12.1,12.18,12.54,13.05
Residential : Colorado,Residential : Colorado,cents per kilowatthour,ELEC.PRICE.CO-RES.M,6.71,7.15,7.03,7.46,7.84,8.18,7.31,7.45,8.13,7.74,7.11,7.63,6.84,6.93,6.95,7.2,7.83,7.74,7.38,7.54,7.73,7.91,7.38,7.14,7.53,7.78,7.75,8,8.61,8.5,8.34,8.17,8.3,8.6,8.18,8.02,7.98,8.08,8.23,8.4,8.65,8.67,8.56,8.61,8.74,8.85,8.59,7.74,8.64,8.73,8.8,8.81,9.14,9.11,9.01,8.97,9.08,9.11,9.76,9.62,9.05,9.23,9.47,9.2,8.98,8.76,9.14,9.29,9.07,8.93,8.68,8.45,8.98,9.22,9.43,9.46,9.62,9.72,9.09,8.97,9.17,9.34,9.35,9.01,8.95,9.25,9.37,10.13,10.4,10.54,10.95,11.09,11.07,10.32,9.97,9.46,9.21,9.44,9.37,9.54,9.68,9.93,10.38,10.4,10.67,10.51,10.39,10.2,10.29,10.56,10.57,11.19,11.48,11.89,11.7,11.7,11.66,10.53,10.39,10.26,10.37,10.47,10.58,11.1,11.15,11.95,12.16,12.16,11.98,11.04,11.01,10.78,10.61,10.76,10.84,11.04,11.27,12.01,12.32,12.15,12.11,11.33,11.38,11.07,11.11,11.32,11.42,11.64,11.65,12.49,12.87,12.63,12.65,11.84,11.66,11.46,11.46,11.69,11.71,12.11,12.14,13.06,13.14,12.89,12.78,11.81,11.64,11.47,11.52,11.89,11.93,12.14,12.1,12.57,12.71,12.58,12.57,11.88,11.72,11.6,11.15,11.44,11.4,11.82,11.69,12.59,12.46,12.83,12.84,12.1,12.27,11.88,11.61,11.96,11.94,11.96,11.9,12.76,12.46,12.46,12.71,12.07,12.11,11.8,11.62,11.79,11.75,12.05,11.94,12.26,12.64,12.43,12.53,12.3,12.18,11.98,11.91,12.05,12.07,12.02,11.92,12.7,12.58,12.56,12.8,11.91,11.72,11.52,11.74,11.89,12.04,12.13,12.06,12.96,12.84,12.84,13.2,12.49,12.38,12.14,12.14,12.61,12.34,12.53,12.61
Residential : Idaho,Residential : Idaho,cents per kilowatthour,ELEC.PRICE.ID-RES.M,5.21,5.36,5.41,5.51,6.48,6.58,6.35,6.4,6.32,6.29,6.52,6.51,6.56,6.44,6.13,6.09,6.57,7.03,6.96,7.08,6.81,6.77,6.55,6.46,6.53,6.53,6.6,6.49,6.43,6.31,6.15,6.15,6.18,6.15,5.82,5.69,5.75,5.77,5.77,5.75,6.17,6.69,6.61,6.61,6.46,6.34,6.05,5.86,5.91,5.89,5.9,5.93,6.13,6.9,6.89,6.87,6.61,6.6,6.27,6.08,6.14,6.3,6.31,6.41,6.62,6.46,6.33,6.34,6.22,6.13,5.94,5.67,5.7,5.77,5.89,6,6.09,6.97,6.98,6.98,6.78,6.78,6.54,6.31,6.32,6.43,6.67,6.65,6.82,7.65,7.48,7.55,7.3,7.4,7.25,7.05,7.06,7.23,7.33,7.29,7.39,8.35,8.49,8.42,7.78,8.17,7.87,8.48,7.79,7.72,7.77,7.86,8.02,8.2,8.55,8.48,8.07,8.05,7.87,7.76,7.82,7.78,7.78,7.82,8.07,8.45,8.5,8.62,6.73,7.87,7.86,7.43,8.15,8.09,8.18,8.16,8.39,9.04,9.75,9.77,8.31,9.11,8.67,8.54,8.65,8.61,8.53,8.73,8.88,10.15,10.47,10.23,9.47,9.89,9.51,9.26,9.14,9.06,9.13,9.51,9.61,10.41,10.6,10.51,9.98,10.2,9.79,9.38,9.61,9.36,9.53,9.74,11.53,9.99,10.61,10.24,10.02,10.25,9.34,9.6,9.51,9.61,9.75,9.83,10.09,10.07,10.76,10.46,10.24,10.24,10.02,9.44,9.19,9.59,9.84,9.72,10.12,11.33,10.51,10.56,9.99,10.26,10,10.03,10.27,10.04,9.94,10.07,10.5,10.52,10.41,10.48,10.26,10.27,9.53,9.78,9.81,9.49,9.63,9.9,10.34,10.27,10.56,10.16,9.86,9.68,9.49,9.79,9.91,9.45,9.64,9.51,9.9,10.5,10.81,10.39,10.07,10.33,9.67,9.92,10.05,9.62,9.99,9.65,10.35
Residential : Montana,Residential : Montana,cents per kilowatthour,ELEC.PRICE.MT-RES.M,6.44,6.46,6.35,6.31,6.94,7.2,7.32,7.35,7.28,7.27,7.1,6.95,6.83,6.93,6.74,6.88,7.08,7.35,7.68,7.88,7.86,7.63,7.25,7.09,6.93,7.04,7.07,7.31,7.5,7.79,8.03,8.3,8.25,8.01,7.6,7.31,7.15,7.14,7.66,7.79,8.06,8.34,8.38,8.33,8.44,8.09,7.94,7.72,7.37,7.54,7.74,7.98,8.4,8.5,8.54,8.52,8.63,8.33,8.4,7.92,7.7,8.34,7.93,7.99,8.25,8.46,8.45,8.41,8.83,8.83,8.45,8.23,8.19,8.21,8.56,8.77,8.92,9.44,9.4,9.12,9.2,9.13,8.42,8.61,8.53,8.51,8.8,8.9,9.37,9.72,9.96,9.89,9.78,9.36,8.98,8.69,8.51,8.6,8.71,8.73,9.04,9.49,9.58,9.28,9.38,9.15,8.87,8.67,8.45,8.62,8.83,8.88,9.16,9.42,9.74,9.9,9.79,9.69,9.39,8.95,9.08,9.33,9.35,9.5,9.77,10.15,10.39,10.34,10.44,10.26,9.8,9.58,9.57,9.59,9.7,9.86,10.13,10.43,10.6,10.52,10.74,10.54,10.04,9.89,9.77,9.82,10,10.11,10.4,11,10.98,10.88,11.02,10.65,10.23,9.94,9.8,9.74,9.82,9.89,10.2,10.6,10.74,10.82,10.91,10.72,10.25,9.67,10.67,10.26,10.57,10.85,11.18,11.5,11.34,11.22,11.35,11.19,10.79,10.35,10.11,10.39,10.81,10.95,11.31,11.47,11.48,11.39,11.51,11.21,10.95,10.54,10.48,10.48,10.59,10.83,11.14,11.53,11.41,11.3,11.55,11.23,10.9,10.78,10.5,10.5,10.65,10.82,11.21,11.58,11.49,11.29,11.55,11.24,10.85,10.72,10.59,10.5,10.56,11,11.41,11.78,11.74,11.66,11.8,11.45,11.18,11.03,11.15,11.3,11.32,11.23,11.67,12,12.09,11.94,12.04,11.84,11.22,11.02,10.72,10.68,10.93,11.08,11.31
Residential : Nevada,Residential : Nevada,cents per kilowatthour,ELEC.PRICE.NV-RES.M,7.55,7.93,8.94,9.34,9.21,9.23,9.25,9.68,9.28,9.16,9.45,9.24,9.41,9.47,9.34,9.5,9.82,9.9,9.52,8.38,9.74,9.66,9.51,9.53,9.37,9.66,9.63,9.75,9.34,8.68,8.61,8.67,8.73,8.97,9.33,9.07,8.94,9.09,9.17,9.95,9.99,9.65,9.67,9.65,9.76,10.09,10.38,10.1,9.99,10.24,10.26,10.46,10.33,9.89,9.84,9.9,9.97,10.73,11.27,10.8,10.77,10.88,11.04,11.08,11.3,10.97,10.94,10.95,11.04,11.58,11.79,11.23,11.21,11.37,11.52,11.5,11.26,11.55,12.13,11.94,11.88,12.59,12.6,12.29,12,12.09,12.54,12.52,12.35,12.06,11.76,11.23,11.29,12.07,12.7,12.23,12.22,12.52,12.74,12.97,12.46,12.02,12.88,13.19,13.27,13.52,13.73,13,12.05,13,12.79,13,12.93,12.42,12.08,12.19,12.43,12.18,12.6,11.61,11.6,11.85,12.02,12.07,12.06,11.55,11.46,11.52,11.52,11.38,11.75,11.07,11.38,12.55,12.16,12.4,12.1,11.8,11.52,11.46,11.58,12.04,12.45,11.82,11.24,11.59,11.9,12.28,11.96,11.56,11.6,11.76,11.95,12.99,13.06,12.3,12.46,13.05,13.38,13.56,13.2,12.82,12.65,12.63,12.87,13.21,13.61,12.95,12.69,13.46,13.6,13.48,13.52,13.12,12,12.35,12.38,12.98,12.7,12.4,11.39,12.19,12.26,11.87,12.07,11.39,10.71,10.82,11.17,12.04,11.79,11.25,11.54,11.89,12.16,12.3,12.13,11.63,11.63,11.75,12.02,12.79,12.88,12.34,12.38,12.49,12.6,12.32,12.03,11.65,11.32,11.4,11.7,12.14,12.11,11.71,11.76,11.79,12.23,12.38,12.29,11.77,11.83,11.76,12.12,12.47,12.4,11.99,11.98,12.03,12.12,11.79,11.42,11.19,10.72,10.79,11.97,11.41,11.61,11.2,11.53,11.84,11.96,12.18,11.14
Residential : New Mexico,Residential : New Mexico,cents per kilowatthour,ELEC.PRICE.NM-RES.M,7.98,8.01,8.24,8.75,9.24,9.13,8.94,9.07,9.19,9.29,8.61,8.46,8.16,7.41,7.76,8.37,9.25,8.86,8.84,8.86,8.78,8.94,8.47,8.26,8.15,8.34,8.46,8.71,8.65,9.05,8.96,9.12,9.07,8.96,8.45,8.17,8.13,8.35,8.3,8.55,8.95,8.92,9.04,9.07,9.1,9.01,8.35,8.17,8.48,8.81,8.57,8.78,9.05,9.21,9.39,9.47,9.35,9.68,9.42,9.2,9.25,9.04,8.95,8.84,8.97,9.04,9.16,9.3,9.27,9.37,8.74,8.64,8.46,8.77,8.86,9.03,9.22,9.38,9.37,9.29,9.29,9.47,9.25,9.07,8.93,9.04,9.09,9.47,10.08,10.86,11.05,11.21,10.66,10.36,9.79,9.26,9.49,9.95,10.01,9.6,9.55,10.32,10.67,10.95,10.22,10.36,9.54,9.31,9.63,9.9,9.98,10.17,10.43,11.26,11.54,11.79,10.79,10.63,9.9,9.69,9.6,10.07,10.26,10.45,10.39,11.48,11.79,12.32,11.36,12.84,10.29,10.58,10.79,10.62,10.71,10.77,11.04,12.08,12.19,12.49,11.98,11.51,10.69,10.71,10.88,11.2,11.31,11.34,11.4,12.47,12.76,12.63,12.02,11.65,11.04,10.84,11.24,11.34,11.52,11.82,11.97,13.05,13.59,13.54,12.69,12.67,11.55,11.54,12.14,12.48,12.05,12.3,12.31,13.03,13.21,13.24,12.68,12.61,11.77,11.31,11.42,11.22,11.4,11.29,11.28,12.16,12.45,12.96,12.85,12.57,11.98,12.08,11.97,12.84,12.74,12.57,12.76,13.35,13.5,13.3,13.13,12.96,12.48,12.4,11.91,12.19,12.63,12.49,12.04,13.29,13.3,13.48,12.98,12.9,12.27,12.04,12.18,12.56,12.51,12.14,12.06,12.97,12.75,12.81,12.78,12.91,12.15,11.99,12.08,12.48,12.47,12.61,12.24,13.48,13.83,13.97,14.33,13.48,12.94,12.27,12.53,12.93,12.74,13.09,13.3
Residential : Utah,Residential : Utah,cents per kilowatthour,ELEC.PRICE.UT-RES.M,6.17,6.83,6.57,6.9,7.13,7.05,6.9,6.98,6.82,6.44,6.5,6.33,6.66,6.34,6.35,6.61,6.8,6.98,7.2,7.15,7.16,6.85,6.61,6.51,6.59,6.71,6.66,6.91,6.91,7.39,7.11,7.16,7.15,6.9,6.53,6.62,6.57,6.64,6.58,6.99,7.54,7.78,7.77,7.76,7.58,7.29,6.84,6.98,6.93,7.01,7.14,7.38,7.65,7.93,8.01,8.12,7.95,7.33,7.1,7.16,7.23,7.25,7.25,7.32,7.68,8.05,8.08,8.14,7.77,7.38,7.1,7.31,7.56,7.9,7.69,7.77,8.13,8.62,8.83,8.75,8.42,7.89,7.7,7.78,7.72,7.78,7.83,7.89,8.31,8.62,8.79,8.86,8.63,8.25,7.91,7.99,7.94,8.03,8.05,8.11,8.56,9.04,9.05,9.2,8.85,8.35,7.99,8.08,8.06,8.22,8.36,8.4,8.81,9.11,9.45,9.54,8.97,8.5,8.15,8.22,8.16,8.33,8.35,8.44,8.92,9.27,9.44,9.55,9.43,9.35,8.98,8.95,9.23,9.33,9.36,9.47,9.87,10.35,10.68,10.66,10.23,9.59,9.7,9.73,9.64,9.68,9.74,9.83,10.44,10.77,11.33,11.17,10.92,10.09,10.04,9.98,9.93,9.98,10.08,10.12,10.7,11.12,11.52,11.45,11.02,10.16,10.63,10.27,10.26,10.39,10.41,10.48,10.97,11.24,11.83,11.34,11.3,10.47,10.63,10.5,10.51,10.56,10.61,10.64,10.91,11.43,11.64,11.81,11.2,10.63,10.67,10.65,10.66,10.64,10.66,10.67,10.96,11.38,11.81,11.52,10.83,10.51,10.48,10.29,10.27,10.31,10.31,10.35,10.6,10.48,10.8,10.85,10.45,10.2,9.95,9.9,9.93,10.05,10.05,10.13,10.3,10.53,10.95,10.97,10.73,10.26,10.22,10.07,10.09,10.17,10.16,10.35,10.56,10.91,11.09,11.32,10.93,10.41,10.29,10.19,10.04,10.04,10.06,10.07,10.12
Residential : Wyoming,Residential : Wyoming,cents per kilowatthour,ELEC.PRICE.WY-RES.M,6.01,6.25,6.2,6.61,6.85,7.19,7.23,7.28,8.19,7.08,6.94,6.55,6.33,6.53,6.51,6.77,7.15,7.2,7.54,7.39,7.69,7.81,6.9,6.73,6.54,6.69,6.71,6.9,7.33,7.47,7.63,7.36,7.62,7.91,7,6.16,6.51,6.75,6.72,7.32,7.46,7.75,7.82,7.71,7.72,7.84,7.28,6.76,6.81,7.16,7.19,7.37,7.63,7.88,8.09,7.95,8.11,7.95,7.54,6.92,6.87,7.22,7.38,7.75,8.04,8.18,8.25,8.17,8.43,8.31,7.83,7.49,7.29,7.28,7.5,7.8,8.03,8.22,8.11,7.9,8.28,8.24,7.8,7.4,7.34,7.55,7.76,7.98,8.53,8.86,8.94,8.77,8.95,9.02,8.44,7.92,7.82,8.09,8.24,8.41,8.93,9.28,9.17,9.26,9.22,8.98,8.56,8.24,8.04,8.28,8.43,8.55,8.86,9.14,9.44,9.52,9.45,9.5,8.92,8.4,8.3,8.47,8.65,8.89,9.12,9.43,9.69,9.44,9.61,10.08,9.54,9.18,9.12,9.16,9.4,9.74,10.08,10.22,10.38,10.27,10.38,10.36,10.01,9.89,9.5,9.55,9.81,9.92,10.2,10.75,10.83,10.68,10.72,10.56,10.23,10.11,9.74,9.83,10.03,10.2,10.57,11.17,11.23,11.09,11.08,11.14,10.63,10.47,10.27,10.43,10.57,10.8,11.3,11.36,11.64,11.5,11.53,11.56,11.11,10.54,10.42,10.57,10.8,10.96,11.45,11.76,11.84,11.71,11.75,11.5,11.26,10.68,10.54,10.74,10.87,11.53,11.68,12.16,12.11,12.04,12.2,11.56,11.13,11.13,10.76,10.79,10.98,11.22,11.91,12.23,11.97,11.75,12.17,11,10.98,10.77,10.53,10.57,10.78,11.15,11.51,11.82,11.83,11.9,12.03,11.42,10.93,10.76,10.49,10.59,10.71,11.04,11.52,11.81,11.89,11.72,11.91,11.76,11.12,10.66,10.47,10.86,10.79,11.11,11.44
Residential : Pacific Contiguous,Residential : Pacific Contiguous,,ELEC.PRICE.PCC-RES.M,,,,,,,,,,,,,,,,,,,,,,,,,,,,,,,,,,,,,,,,,,,,,,,,,,,,,,,,,,,,,,,,,,,,,,,,,,,,,,,,,,,,,,,,,,,,,,,,,,,,,,,,,,,,,,,,,,,,,,,,,,,,,,,,,,,,,,,,,,,,,,,,,,,,,,,,,,,,,,,,,,,,,,,,,,,,,,,,,,,,,,,,,,,,,,,,,,,,,,,,,,,,,,,,,,,,,,,,,,,,,,,,,,,,,,,,,,,,,,,,,,,,,
Residential : California,Residential : California,cents per kilowatthour,ELEC.PRICE.CA-RES.M,10.89,11.14,11.29,11.14,11.97,12.87,13.05,12.8,12.87,12.49,12.12,12.26,13.03,12.58,12.58,12.05,12.82,12.87,13.28,12.92,11.61,11.98,12.55,13.31,12.81,12.41,11.42,12.51,12.74,13.12,13.5,12.9,10.08,10.47,12.54,12.45,12.59,12.39,12.14,11.43,11.97,12.4,12.19,12.5,12.18,11.43,12.5,12.4,12.19,12.33,11.28,12.12,12.57,13.4,13.16,13.43,12.14,11.3,12.8,12.91,13.14,13.45,13.72,13.99,14.04,15.17,16.65,14.89,14.57,12.2,14.47,14.47,14.98,14.18,13.82,13.74,14.15,14.72,15.13,15.11,15.1,12.53,14.37,14.46,13.73,13.36,13.15,12.93,13.55,14.5,14.4,14.56,14.02,13.09,14.22,13.7,14.7,14.14,14.14,13.96,15.01,14.77,15.66,15.93,15.53,13.85,13.56,14.73,15.18,14.21,14.78,13.91,14.9,15,15.03,15.19,14.85,14.11,14.67,14.96,15.24,14.38,14.27,14.12,14.62,14.81,15.7,15.15,14.8,14.16,14.87,14.78,15.29,14.56,14.7,14.66,15.02,15.92,15.22,16.46,16.82,14.22,14.88,15.49,16.16,15.31,15.25,15.28,15.92,17.13,16.83,16.32,16.99,16.19,16.53,16.22,16.57,16.11,15.86,10.12,16.46,16.9,17.63,18.07,17.97,13.35,17,17.03,17.4,17.13,17.01,12.45,17.31,17.19,17.96,18.2,18.35,14.96,17.33,17.29,17.77,17.68,17.65,12.39,17.71,18.09,18.47,18.87,18.22,13.93,17.93,18.16,18.37,19,19.18,14.12,18.06,19.12,18.52,19.16,19.33,15.7,18.71,18.62,19.1,19.1,18.44,16.03,18.85,19.81,19.59,19.85,19.31,15.66,19.51,19.45,18.31,19.79,19.26,17.97,18.82,20.77,19.88,19.78,20.65,14.9,20.11,19.15,19.93,21.7,20.49,20.47,18.69,19.78,20.1,20.76,21.21,20.85,22.26,20.45,21.43,22.53,22.71,23.37,22.75
Residential : Oregon,Residential : Oregon,cents per kilowatthour,ELEC.PRICE.OR-RES.M,5.68,5.81,5.91,6.05,6.18,6.35,6.26,6.37,6.29,6.69,7.08,7.15,7.1,7.08,7.21,7.2,7.1,7.16,7.14,7.23,7.16,6.98,7.08,7,7,6.92,7.01,6.99,7.07,7.18,7.17,7.13,7.1,7.09,7.09,7.07,7.15,7.28,7.1,7.15,7.19,7.09,7.18,7.21,7.17,7.26,7.22,7.2,7.21,7.2,7.19,7.22,7.18,7.25,7.25,7.29,7.24,7.24,7.35,7.41,7.03,7.38,7.37,7.4,7.54,7.56,7.64,7.62,7.68,7.66,7.63,7.51,7.69,7.6,7.65,7.75,7.8,8.29,8.78,8.74,8.84,8.71,8.57,8.44,8.45,8.45,8.52,8.56,8.34,8.63,8.64,8.57,8.71,8.63,8.44,8.21,8.32,8.53,8.4,8.56,8.76,8.95,8.97,8.95,8.98,8.85,8.77,8.59,8.39,8.66,8.77,8.87,8.99,9.07,9.14,9.06,9.09,9.12,8.98,8.75,9.18,9.39,9.27,9.4,9.46,9.67,9.8,9.78,9.79,9.78,9.7,9.57,9.58,9.63,9.66,9.73,9.86,9.92,10.01,10.01,10,10,9.82,9.74,9.62,9.7,9.65,9.69,9.91,10.11,10.18,10.15,10.09,10.1,9.97,9.92,10.07,10.23,10.17,10.37,10.57,10.75,10.83,10.75,10.72,10.78,10.56,10.3,10.27,10.45,10.56,10.66,10.82,10.95,11.06,10.68,10.89,10.93,10.68,10.39,10.23,10.39,10.47,10.57,10.84,10.82,10.82,10.9,10.96,10.98,10.76,10.62,10.34,10.48,10.47,10.68,10.79,10.9,10.87,10.87,10.9,10.89,10.62,10.52,10.58,10.78,10.8,10.92,11.25,11.19,11.41,11.12,11.33,11.26,10.97,10.71,10.67,10.83,10.7,11.07,11.29,11.31,11.23,11.22,11.3,11.25,11,10.81,10.69,10.86,10.95,11.02,11.41,11.32,11.3,11.28,11.39,11.34,11.12,10.89,11.01,10.95,11.1,11.33,11.59
Residential : Washington,Residential : Washington,cents per kilowatthour,ELEC.PRICE.WA-RES.M,4.95,5.51,5.71,5.72,5.74,5.67,5.64,5.87,5.79,5.82,6.14,6.23,6.34,6.31,6.31,6.3,6.39,6.39,6.31,6.33,6.22,6.24,6.18,6.19,6.21,6.23,6.24,6.3,6.34,6.36,6.37,6.36,6.37,6.34,6.26,6.41,6.34,6.62,6.31,6.27,6.28,6.34,6.34,6.37,6.35,6.51,6.32,6.4,6.46,6.43,6.42,6.53,6.55,6.6,6.58,6.61,6.59,6.58,6.59,6.68,5.74,6.73,6.75,6.77,6.86,6.91,6.98,7.07,7.11,7.13,7.21,7.18,7.02,6.93,6.92,7,7.03,7.29,7.65,7.41,7.62,7.6,7.52,7.55,7.43,7.51,7.48,7.46,7.11,7.65,7.7,7.71,7.77,7.73,7.71,7.52,7.54,7.55,7.53,7.6,7.68,7.82,7.79,7.86,7.83,7.73,7.73,7.71,7.69,7.72,7.75,7.91,8.12,8.22,8.23,8.25,8.35,8.31,8.23,8.13,8.03,8.06,8.06,8.14,8.27,8.47,8.48,8.4,8.52,8.45,8.44,8.38,8.37,8.28,8.35,8.46,8.52,8.7,8.7,8.72,8.79,8.68,8.61,8.53,8.5,8.53,8.51,8.59,8.69,8.85,8.9,8.96,9,8.84,8.73,8.66,8.52,8.61,8.64,8.69,8.89,8.75,8.93,8.9,8.92,8.8,8.61,8.19,8.64,8.68,8.72,8.86,8.94,9.43,9.38,9.4,9.41,9.44,9.41,9.22,9.24,9.24,9.3,9.53,9.65,9.67,9.75,9.73,9.8,9.52,9.6,9.27,9.28,9.33,9.35,9.75,9.79,9.95,9.9,9.87,10.15,9.76,9.76,9.64,9.64,9.67,9.83,9.89,9.85,9.93,9.82,9.93,10.11,9.72,9.52,9.43,9.41,9.5,9.56,9.83,9.93,10.04,9.86,9.9,10,9.78,9.65,9.57,9.43,9.42,9.6,9.67,9.87,9.92,9.85,9.92,10.04,9.9,9.83,9.77,9.76,9.8,9.96,10.13,10.2
Residential : Pacific Noncontiguous,Residential : Pacific Noncontiguous,,ELEC.PRICE.PCN-RES.M,,,,,,,,,,,,,,,,,,,,,,,,,,,,,,,,,,,,,,,,,,,,,,,,,,,,,,,,,,,,,,,,,,,,,,,,,,,,,,,,,,,,,,,,,,,,,,,,,,,,,,,,,,,,,,,,,,,,,,,,,,,,,,,,,,,,,,,,,,,,,,,,,,,,,,,,,,,,,,,,,,,,,,,,,,,,,,,,,,,,,,,,,,,,,,,,,,,,,,,,,,,,,,,,,,,,,,,,,,,,,,,,,,,,,,,,,,,,,,,,,,,,,
Residential : Alaska,Residential : Alaska,cents per kilowatthour,ELEC.PRICE.AK-RES.M,11.22,11.39,12.21,11.98,12.13,12.31,12.42,12.79,12.2,12.93,12.38,12.05,11.55,11.59,12.23,12.22,12.51,12.57,12.5,12.4,12.16,12.01,11.86,11.57,11.4,11.68,11.65,11.76,11.83,12.13,12.64,12.28,12.21,12.34,12.22,12.03,11.59,11.83,12.16,12.21,12.88,12.95,12.79,12.6,12.84,12.73,12.71,12.65,12.29,12.56,12.75,12.9,13.83,13.46,13.62,14.06,13.08,13.74,13.74,14.08,13.61,13.64,14.41,14.38,15.3,15.47,15.94,16.05,15.31,14.92,15.02,15.05,14.6,14.58,14.99,14.6,15.02,15.35,15.86,15.84,15.44,15.82,15.05,15.57,15.27,15.55,15.9,17.38,17.55,16.8,17.85,17.32,17.06,16.64,16.55,16.23,17.39,16.93,17.31,17.02,17.61,17.7,17.97,17.09,17.34,16.85,16.7,16.27,15.76,16.12,16.12,16.3,16.79,16.64,16.78,16.63,15.65,16.1,16.57,16.04,16.42,16.54,16.77,17.44,17.61,18.02,18.92,18.42,18.34,18.2,17.93,17.89,18.04,17.44,17.97,17.64,18.43,18.1,19.44,19.07,17.34,17.82,17.1,17.06,17.12,17.5,17.88,18.45,18.45,18.44,19.2,18.62,18.4,17.86,18.27,18.04,17.49,17.88,17.91,18.29,20.17,20.47,20.73,20.57,19.8,20.03,19.7,18.46,19.09,19.05,19.38,19.35,19.99,20.76,20.92,20.67,20.31,20.36,20.04,19.11,19.14,19.49,19.73,20.43,20.61,20.94,21.03,NM,NM,20.73,20.93,20.17,20.29,20.33,21.31,21.19,21.73,21.78,21.9,21.43,21.28,21.78,21.64,21.36,21.52,20.97,21.32,21.44,21.98,22.31,23.24,22.51,22.59,22.35,21.66,22.18,21.79,21.9,22.59,23.01,22.61,23.41,23.88,23.48,23.94,23.43,23.03,22.94,22.59,22.17,22.33,22.29,23.16,23.9,23.99,23.75,23.49,23.44,22.53,21.93,21.32,21.63,21.9,22.15,23.05
Residential : Hawaii,Residential : Hawaii,cents per kilowatthour,ELEC.PRICE.HI-RES.M,16.94,16.73,16.58,16.19,16.3,16.38,16.62,16.48,16.37,16.31,15.89,15.24,14.9,14.89,14.73,14.93,15.39,15.7,15.73,15.75,15.73,16.13,16.67,16.8,16.54,16.82,17.08,17.29,17.48,16.76,16.51,16.49,16.47,16.55,16.28,16.64,16.89,17.13,17.3,17.5,17.65,17.91,17.87,18.01,18.18,18.76,19.39,20.01,19.05,18.6,18.47,19.23,19.91,20.3,20.92,21.02,21.57,22.88,23.29,22.7,22.74,22.93,22.53,23.3,23.25,24.09,24.61,24.48,24.22,23.25,22.66,21.93,21.76,22.41,21.48,22.47,23.17,23.53,24.58,25.19,23.5,26.1,26.59,28.26,28.53,29.98,29.92,30.31,31.4,33.27,34.99,36.02,36.94,35.74,33.41,29.28,25.76,23.49,21.59,22.19,22.04,22.2,22.99,25.13,25.49,26.45,26.23,26.26,26.71,27.46,27.79,27.14,28.25,28.36,28.3,28.58,28.02,28.45,28.91,29.15,30.13,31.04,31.7,32.89,34.58,35.84,36.23,36.98,37.53,36.71,36.56,36.2,36.25,36.8,37.05,37.51,38.21,40.16,37.84,37.18,37.21,36.96,36.81,36.33,37.86,36.58,37.43,36.96,37.11,37.03,36.61,36.79,36.28,37.27,37.24,36.58,37.1,36.84,38.25,37.8,37.76,38.27,38.01,37.45,37.76,36.17,34.84,34.35,33.06,30.59,30.84,30.44,30.11,30.41,30.04,29.86,28.51,28.2,27.15,26.85,26.92,26.78,27.35,26.93,26.88,27.5,28.04,27.45,27.84,27.54,28.48,27.69,28.32,29.4,29.05,30.34,29.07,30.45,29.25,28.76,29.03,29.3,30.58,30.76,31.15,31.52,32.05,31.21,32.02,32.75,33.45,32.39,32.28,32.44,33.83,34.37,32.08,33.53,33.94,34.45,33.44,32.45,31.42,31.16,31.17,30.78,30.98,30.99,31.7,33.37,33.1,32.77,30.94,29.03,28.87,28.87,29.99,29.01,28.84,29.14,30.55,32.36,32.97,32.8,32.81